  Animation.cpp
C:\Users\kkth3\OneDrive\문서\GitHub\250531\Client\Engine\Public\Engine_Struct.h(21,14): warning C4251: 'Engine::ObjectConstants::World': 'DirectX::XMFLOAT4X4'에서는 'Engine::ObjectConstants'의 클라이언트에서 DLL 인터페이스를 사용하도록 지정해야 함
  (소스 파일 '../private/Animation.cpp'을(를) 컴파일하는 중)
      C:\Program Files (x86)\Windows Kits\10\Include\10.0.28000.0\um\DirectXMath.h(964,12):
      'DirectX::XMFLOAT4X4' 선언을 참조하십시오.
  
C:\Users\kkth3\OneDrive\문서\GitHub\250531\Client\Engine\Public\Engine_Struct.h(22,14): warning C4251: 'Engine::ObjectConstants::TexTransform': 'DirectX::XMFLOAT4X4'에서는 'Engine::ObjectConstants'의 클라이언트에서 DLL 인터페이스를 사용하도록 지정해야 함
  (소스 파일 '../private/Animation.cpp'을(를) 컴파일하는 중)
      C:\Program Files (x86)\Windows Kits\10\Include\10.0.28000.0\um\DirectXMath.h(964,12):
      'DirectX::XMFLOAT4X4' 선언을 참조하십시오.
  
C:\Users\kkth3\OneDrive\문서\GitHub\250531\Client\Engine\Public\Engine_Struct.h(31,21): warning C4251: 'Engine::Light::Strength': 'DirectX::XMFLOAT3'에서는 'Engine::Light'의 클라이언트에서 DLL 인터페이스를 사용하도록 지정해야 함
  (소스 파일 '../private/Animation.cpp'을(를) 컴파일하는 중)
      C:\Program Files (x86)\Windows Kits\10\Include\10.0.28000.0\um\DirectXMath.h(661,12):
      'DirectX::XMFLOAT3' 선언을 참조하십시오.
  
C:\Users\kkth3\OneDrive\문서\GitHub\250531\Client\Engine\Public\Engine_Struct.h(33,21): warning C4251: 'Engine::Light::Direction': 'DirectX::XMFLOAT3'에서는 'Engine::Light'의 클라이언트에서 DLL 인터페이스를 사용하도록 지정해야 함
  (소스 파일 '../private/Animation.cpp'을(를) 컴파일하는 중)
      C:\Program Files (x86)\Windows Kits\10\Include\10.0.28000.0\um\DirectXMath.h(661,12):
      'DirectX::XMFLOAT3' 선언을 참조하십시오.
  
C:\Users\kkth3\OneDrive\문서\GitHub\250531\Client\Engine\Public\Engine_Struct.h(35,21): warning C4251: 'Engine::Light::Position': 'DirectX::XMFLOAT3'에서는 'Engine::Light'의 클라이언트에서 DLL 인터페이스를 사용하도록 지정해야 함
  (소스 파일 '../private/Animation.cpp'을(를) 컴파일하는 중)
      C:\Program Files (x86)\Windows Kits\10\Include\10.0.28000.0\um\DirectXMath.h(661,12):
      'DirectX::XMFLOAT3' 선언을 참조하십시오.
  
C:\Users\kkth3\OneDrive\문서\GitHub\250531\Client\Engine\Public\Engine_Struct.h(41,23): warning C4251: 'Engine::PassConstants::View': 'DirectX::XMFLOAT4X4'에서는 'Engine::PassConstants'의 클라이언트에서 DLL 인터페이스를 사용하도록 지정해야 함
  (소스 파일 '../private/Animation.cpp'을(를) 컴파일하는 중)
      C:\Program Files (x86)\Windows Kits\10\Include\10.0.28000.0\um\DirectXMath.h(964,12):
      'DirectX::XMFLOAT4X4' 선언을 참조하십시오.
  
C:\Users\kkth3\OneDrive\문서\GitHub\250531\Client\Engine\Public\Engine_Struct.h(42,23): warning C4251: 'Engine::PassConstants::InvView': 'DirectX::XMFLOAT4X4'에서는 'Engine::PassConstants'의 클라이언트에서 DLL 인터페이스를 사용하도록 지정해야 함
  (소스 파일 '../private/Animation.cpp'을(를) 컴파일하는 중)
      C:\Program Files (x86)\Windows Kits\10\Include\10.0.28000.0\um\DirectXMath.h(964,12):
      'DirectX::XMFLOAT4X4' 선언을 참조하십시오.
  
C:\Users\kkth3\OneDrive\문서\GitHub\250531\Client\Engine\Public\Engine_Struct.h(43,23): warning C4251: 'Engine::PassConstants::Proj': 'DirectX::XMFLOAT4X4'에서는 'Engine::PassConstants'의 클라이언트에서 DLL 인터페이스를 사용하도록 지정해야 함
  (소스 파일 '../private/Animation.cpp'을(를) 컴파일하는 중)
      C:\Program Files (x86)\Windows Kits\10\Include\10.0.28000.0\um\DirectXMath.h(964,12):
      'DirectX::XMFLOAT4X4' 선언을 참조하십시오.
  
C:\Users\kkth3\OneDrive\문서\GitHub\250531\Client\Engine\Public\Engine_Struct.h(44,23): warning C4251: 'Engine::PassConstants::InvProj': 'DirectX::XMFLOAT4X4'에서는 'Engine::PassConstants'의 클라이언트에서 DLL 인터페이스를 사용하도록 지정해야 함
  (소스 파일 '../private/Animation.cpp'을(를) 컴파일하는 중)
      C:\Program Files (x86)\Windows Kits\10\Include\10.0.28000.0\um\DirectXMath.h(964,12):
      'DirectX::XMFLOAT4X4' 선언을 참조하십시오.
  
C:\Users\kkth3\OneDrive\문서\GitHub\250531\Client\Engine\Public\Engine_Struct.h(45,23): warning C4251: 'Engine::PassConstants::ViewProj': 'DirectX::XMFLOAT4X4'에서는 'Engine::PassConstants'의 클라이언트에서 DLL 인터페이스를 사용하도록 지정해야 함
  (소스 파일 '../private/Animation.cpp'을(를) 컴파일하는 중)
      C:\Program Files (x86)\Windows Kits\10\Include\10.0.28000.0\um\DirectXMath.h(964,12):
      'DirectX::XMFLOAT4X4' 선언을 참조하십시오.
  
C:\Users\kkth3\OneDrive\문서\GitHub\250531\Client\Engine\Public\Engine_Struct.h(46,23): warning C4251: 'Engine::PassConstants::InvViewProj': 'DirectX::XMFLOAT4X4'에서는 'Engine::PassConstants'의 클라이언트에서 DLL 인터페이스를 사용하도록 지정해야 함
  (소스 파일 '../private/Animation.cpp'을(를) 컴파일하는 중)
      C:\Program Files (x86)\Windows Kits\10\Include\10.0.28000.0\um\DirectXMath.h(964,12):
      'DirectX::XMFLOAT4X4' 선언을 참조하십시오.
  
C:\Users\kkth3\OneDrive\문서\GitHub\250531\Client\Engine\Public\Engine_Struct.h(47,23): warning C4251: 'Engine::PassConstants::ShadowTransform': 'DirectX::XMFLOAT4X4'에서는 'Engine::PassConstants'의 클라이언트에서 DLL 인터페이스를 사용하도록 지정해야 함
  (소스 파일 '../private/Animation.cpp'을(를) 컴파일하는 중)
      C:\Program Files (x86)\Windows Kits\10\Include\10.0.28000.0\um\DirectXMath.h(964,12):
      'DirectX::XMFLOAT4X4' 선언을 참조하십시오.
  
C:\Users\kkth3\OneDrive\문서\GitHub\250531\Client\Engine\Public\Engine_Struct.h(48,21): warning C4251: 'Engine::PassConstants::EyePosW': 'DirectX::XMFLOAT3'에서는 'Engine::PassConstants'의 클라이언트에서 DLL 인터페이스를 사용하도록 지정해야 함
  (소스 파일 '../private/Animation.cpp'을(를) 컴파일하는 중)
      C:\Program Files (x86)\Windows Kits\10\Include\10.0.28000.0\um\DirectXMath.h(661,12):
      'DirectX::XMFLOAT3' 선언을 참조하십시오.
  
C:\Users\kkth3\OneDrive\문서\GitHub\250531\Client\Engine\Public\Engine_Struct.h(50,21): warning C4251: 'Engine::PassConstants::RenderTargetSize': 'DirectX::XMFLOAT2'에서는 'Engine::PassConstants'의 클라이언트에서 DLL 인터페이스를 사용하도록 지정해야 함
  (소스 파일 '../private/Animation.cpp'을(를) 컴파일하는 중)
      C:\Program Files (x86)\Windows Kits\10\Include\10.0.28000.0\um\DirectXMath.h(584,12):
      'DirectX::XMFLOAT2' 선언을 참조하십시오.
  
C:\Users\kkth3\OneDrive\문서\GitHub\250531\Client\Engine\Public\Engine_Struct.h(51,21): warning C4251: 'Engine::PassConstants::InvRenderTargetSize': 'DirectX::XMFLOAT2'에서는 'Engine::PassConstants'의 클라이언트에서 DLL 인터페이스를 사용하도록 지정해야 함
  (소스 파일 '../private/Animation.cpp'을(를) 컴파일하는 중)
      C:\Program Files (x86)\Windows Kits\10\Include\10.0.28000.0\um\DirectXMath.h(584,12):
      'DirectX::XMFLOAT2' 선언을 참조하십시오.
  
C:\Users\kkth3\OneDrive\문서\GitHub\250531\Client\Engine\Public\Engine_Struct.h(57,21): warning C4251: 'Engine::PassConstants::AmbientLight': 'DirectX::XMFLOAT4'에서는 'Engine::PassConstants'의 클라이언트에서 DLL 인터페이스를 사용하도록 지정해야 함
  (소스 파일 '../private/Animation.cpp'을(를) 컴파일하는 중)
      C:\Program Files (x86)\Windows Kits\10\Include\10.0.28000.0\um\DirectXMath.h(736,12):
      'DirectX::XMFLOAT4' 선언을 참조하십시오.
  
C:\Users\kkth3\OneDrive\문서\GitHub\250531\Client\Engine\Public\Engine_Struct.h(86,21): warning C4251: 'Engine::MaterialConstants::DiffuseAlbedo': 'DirectX::XMFLOAT4'에서는 'Engine::MaterialConstants'의 클라이언트에서 DLL 인터페이스를 사용하도록 지정해야 함
  (소스 파일 '../private/Animation.cpp'을(를) 컴파일하는 중)
      C:\Program Files (x86)\Windows Kits\10\Include\10.0.28000.0\um\DirectXMath.h(736,12):
      'DirectX::XMFLOAT4' 선언을 참조하십시오.
  
C:\Users\kkth3\OneDrive\문서\GitHub\250531\Client\Engine\Public\Engine_Struct.h(87,21): warning C4251: 'Engine::MaterialConstants::FresnelR0': 'DirectX::XMFLOAT3'에서는 'Engine::MaterialConstants'의 클라이언트에서 DLL 인터페이스를 사용하도록 지정해야 함
  (소스 파일 '../private/Animation.cpp'을(를) 컴파일하는 중)
      C:\Program Files (x86)\Windows Kits\10\Include\10.0.28000.0\um\DirectXMath.h(661,12):
      'DirectX::XMFLOAT3' 선언을 참조하십시오.
  
C:\Users\kkth3\OneDrive\문서\GitHub\250531\Client\Engine\Public\Engine_Struct.h(89,23): warning C4251: 'Engine::MaterialConstants::MatTransform': 'DirectX::XMFLOAT4X4'에서는 'Engine::MaterialConstants'의 클라이언트에서 DLL 인터페이스를 사용하도록 지정해야 함
  (소스 파일 '../private/Animation.cpp'을(를) 컴파일하는 중)
      C:\Program Files (x86)\Windows Kits\10\Include\10.0.28000.0\um\DirectXMath.h(964,12):
      'DirectX::XMFLOAT4X4' 선언을 참조하십시오.
  
C:\Users\kkth3\OneDrive\문서\GitHub\250531\Client\Engine\Public\Engine_Struct.h(94,21): warning C4251: 'Engine::MaterialData::DiffuseAlbedo': 'DirectX::XMFLOAT4'에서는 'Engine::MaterialData'의 클라이언트에서 DLL 인터페이스를 사용하도록 지정해야 함
  (소스 파일 '../private/Animation.cpp'을(를) 컴파일하는 중)
      C:\Program Files (x86)\Windows Kits\10\Include\10.0.28000.0\um\DirectXMath.h(736,12):
      'DirectX::XMFLOAT4' 선언을 참조하십시오.
  
C:\Users\kkth3\OneDrive\문서\GitHub\250531\Client\Engine\Public\Engine_Struct.h(95,21): warning C4251: 'Engine::MaterialData::FresnelR0': 'DirectX::XMFLOAT3'에서는 'Engine::MaterialData'의 클라이언트에서 DLL 인터페이스를 사용하도록 지정해야 함
  (소스 파일 '../private/Animation.cpp'을(를) 컴파일하는 중)
      C:\Program Files (x86)\Windows Kits\10\Include\10.0.28000.0\um\DirectXMath.h(661,12):
      'DirectX::XMFLOAT3' 선언을 참조하십시오.
  
C:\Users\kkth3\OneDrive\문서\GitHub\250531\Client\Engine\Public\Engine_Struct.h(99,23): warning C4251: 'Engine::MaterialData::MatTransform': 'DirectX::XMFLOAT4X4'에서는 'Engine::MaterialData'의 클라이언트에서 DLL 인터페이스를 사용하도록 지정해야 함
  (소스 파일 '../private/Animation.cpp'을(를) 컴파일하는 중)
      C:\Program Files (x86)\Windows Kits\10\Include\10.0.28000.0\um\DirectXMath.h(964,12):
      'DirectX::XMFLOAT4X4' 선언을 참조하십시오.
  
C:\Users\kkth3\OneDrive\문서\GitHub\250531\Client\Engine\Public\Engine_Struct.h(113,14): warning C4251: 'Engine::InstanceData::World': 'DirectX::XMFLOAT4X4'에서는 'Engine::InstanceData'의 클라이언트에서 DLL 인터페이스를 사용하도록 지정해야 함
  (소스 파일 '../private/Animation.cpp'을(를) 컴파일하는 중)
      C:\Program Files (x86)\Windows Kits\10\Include\10.0.28000.0\um\DirectXMath.h(964,12):
      'DirectX::XMFLOAT4X4' 선언을 참조하십시오.
  
C:\Users\kkth3\OneDrive\문서\GitHub\250531\Client\Engine\Public\Engine_Struct.h(142,13): warning C4251: 'Engine::tagVertex_Position::vPosition': 'DirectX::XMFLOAT3'에서는 'Engine::tagVertex_Position'의 클라이언트에서 DLL 인터페이스를 사용하도록 지정해야 함
  (소스 파일 '../private/Animation.cpp'을(를) 컴파일하는 중)
      C:\Program Files (x86)\Windows Kits\10\Include\10.0.28000.0\um\DirectXMath.h(661,12):
      'DirectX::XMFLOAT3' 선언을 참조하십시오.
  
C:\Users\kkth3\OneDrive\문서\GitHub\250531\Client\Engine\Public\Engine_Struct.h(151,13): warning C4251: 'Engine::tagVertex_Position_Normal::vPosition': 'DirectX::XMFLOAT3'에서는 'Engine::tagVertex_Position_Normal'의 클라이언트에서 DLL 인터페이스를 사용하도록 지정해야 함
  (소스 파일 '../private/Animation.cpp'을(를) 컴파일하는 중)
      C:\Program Files (x86)\Windows Kits\10\Include\10.0.28000.0\um\DirectXMath.h(661,12):
      'DirectX::XMFLOAT3' 선언을 참조하십시오.
  
C:\Users\kkth3\OneDrive\문서\GitHub\250531\Client\Engine\Public\Engine_Struct.h(152,13): warning C4251: 'Engine::tagVertex_Position_Normal::vNormal': 'DirectX::XMFLOAT3'에서는 'Engine::tagVertex_Position_Normal'의 클라이언트에서 DLL 인터페이스를 사용하도록 지정해야 함
  (소스 파일 '../private/Animation.cpp'을(를) 컴파일하는 중)
      C:\Program Files (x86)\Windows Kits\10\Include\10.0.28000.0\um\DirectXMath.h(661,12):
      'DirectX::XMFLOAT3' 선언을 참조하십시오.
  
C:\Users\kkth3\OneDrive\문서\GitHub\250531\Client\Engine\Public\Engine_Struct.h(161,13): warning C4251: 'Engine::tagVertex_Position_Texcoord::vPosition': 'DirectX::XMFLOAT3'에서는 'Engine::tagVertex_Position_Texcoord'의 클라이언트에서 DLL 인터페이스를 사용하도록 지정해야 함
  (소스 파일 '../private/Animation.cpp'을(를) 컴파일하는 중)
      C:\Program Files (x86)\Windows Kits\10\Include\10.0.28000.0\um\DirectXMath.h(661,12):
      'DirectX::XMFLOAT3' 선언을 참조하십시오.
  
C:\Users\kkth3\OneDrive\문서\GitHub\250531\Client\Engine\Public\Engine_Struct.h(162,13): warning C4251: 'Engine::tagVertex_Position_Texcoord::vTexcoord': 'DirectX::XMFLOAT2'에서는 'Engine::tagVertex_Position_Texcoord'의 클라이언트에서 DLL 인터페이스를 사용하도록 지정해야 함
  (소스 파일 '../private/Animation.cpp'을(를) 컴파일하는 중)
      C:\Program Files (x86)\Windows Kits\10\Include\10.0.28000.0\um\DirectXMath.h(584,12):
      'DirectX::XMFLOAT2' 선언을 참조하십시오.
  
C:\Users\kkth3\OneDrive\문서\GitHub\250531\Client\Engine\Public\Engine_Struct.h(171,13): warning C4251: 'Engine::tagVertex_Position_Normal_Texcoord::vPosition': 'DirectX::XMFLOAT3'에서는 'Engine::tagVertex_Position_Normal_Texcoord'의 클라이언트에서 DLL 인터페이스를 사용하도록 지정해야 함
  (소스 파일 '../private/Animation.cpp'을(를) 컴파일하는 중)
      C:\Program Files (x86)\Windows Kits\10\Include\10.0.28000.0\um\DirectXMath.h(661,12):
      'DirectX::XMFLOAT3' 선언을 참조하십시오.
  
C:\Users\kkth3\OneDrive\문서\GitHub\250531\Client\Engine\Public\Engine_Struct.h(172,13): warning C4251: 'Engine::tagVertex_Position_Normal_Texcoord::vNormal': 'DirectX::XMFLOAT3'에서는 'Engine::tagVertex_Position_Normal_Texcoord'의 클라이언트에서 DLL 인터페이스를 사용하도록 지정해야 함
  (소스 파일 '../private/Animation.cpp'을(를) 컴파일하는 중)
      C:\Program Files (x86)\Windows Kits\10\Include\10.0.28000.0\um\DirectXMath.h(661,12):
      'DirectX::XMFLOAT3' 선언을 참조하십시오.
  
C:\Users\kkth3\OneDrive\문서\GitHub\250531\Client\Engine\Public\Engine_Struct.h(173,13): warning C4251: 'Engine::tagVertex_Position_Normal_Texcoord::vTexcoord': 'DirectX::XMFLOAT2'에서는 'Engine::tagVertex_Position_Normal_Texcoord'의 클라이언트에서 DLL 인터페이스를 사용하도록 지정해야 함
  (소스 파일 '../private/Animation.cpp'을(를) 컴파일하는 중)
      C:\Program Files (x86)\Windows Kits\10\Include\10.0.28000.0\um\DirectXMath.h(584,12):
      'DirectX::XMFLOAT2' 선언을 참조하십시오.
  
C:\Users\kkth3\OneDrive\문서\GitHub\250531\Client\Engine\Public\Engine_Struct.h(182,13): warning C4251: 'Engine::tagVertex_Position_Cube_Texcoord::vPosition': 'DirectX::XMFLOAT3'에서는 'Engine::tagVertex_Position_Cube_Texcoord'의 클라이언트에서 DLL 인터페이스를 사용하도록 지정해야 함
  (소스 파일 '../private/Animation.cpp'을(를) 컴파일하는 중)
      C:\Program Files (x86)\Windows Kits\10\Include\10.0.28000.0\um\DirectXMath.h(661,12):
      'DirectX::XMFLOAT3' 선언을 참조하십시오.
  
C:\Users\kkth3\OneDrive\문서\GitHub\250531\Client\Engine\Public\Engine_Struct.h(183,13): warning C4251: 'Engine::tagVertex_Position_Cube_Texcoord::vTexcoord': 'DirectX::XMFLOAT3'에서는 'Engine::tagVertex_Position_Cube_Texcoord'의 클라이언트에서 DLL 인터페이스를 사용하도록 지정해야 함
  (소스 파일 '../private/Animation.cpp'을(를) 컴파일하는 중)
      C:\Program Files (x86)\Windows Kits\10\Include\10.0.28000.0\um\DirectXMath.h(661,12):
      'DirectX::XMFLOAT3' 선언을 참조하십시오.
  
C:\Users\kkth3\OneDrive\문서\GitHub\250531\Client\Engine\Public\Engine_Struct.h(192,13): warning C4251: 'Engine::tagVertex_Mesh::vPosition': 'DirectX::XMFLOAT3'에서는 'Engine::tagVertex_Mesh'의 클라이언트에서 DLL 인터페이스를 사용하도록 지정해야 함
  (소스 파일 '../private/Animation.cpp'을(를) 컴파일하는 중)
      C:\Program Files (x86)\Windows Kits\10\Include\10.0.28000.0\um\DirectXMath.h(661,12):
      'DirectX::XMFLOAT3' 선언을 참조하십시오.
  
C:\Users\kkth3\OneDrive\문서\GitHub\250531\Client\Engine\Public\Engine_Struct.h(193,13): warning C4251: 'Engine::tagVertex_Mesh::vNormal': 'DirectX::XMFLOAT3'에서는 'Engine::tagVertex_Mesh'의 클라이언트에서 DLL 인터페이스를 사용하도록 지정해야 함
  (소스 파일 '../private/Animation.cpp'을(를) 컴파일하는 중)
      C:\Program Files (x86)\Windows Kits\10\Include\10.0.28000.0\um\DirectXMath.h(661,12):
      'DirectX::XMFLOAT3' 선언을 참조하십시오.
  
C:\Users\kkth3\OneDrive\문서\GitHub\250531\Client\Engine\Public\Engine_Struct.h(194,13): warning C4251: 'Engine::tagVertex_Mesh::vTexcoord': 'DirectX::XMFLOAT2'에서는 'Engine::tagVertex_Mesh'의 클라이언트에서 DLL 인터페이스를 사용하도록 지정해야 함
  (소스 파일 '../private/Animation.cpp'을(를) 컴파일하는 중)
      C:\Program Files (x86)\Windows Kits\10\Include\10.0.28000.0\um\DirectXMath.h(584,12):
      'DirectX::XMFLOAT2' 선언을 참조하십시오.
  
C:\Users\kkth3\OneDrive\문서\GitHub\250531\Client\Engine\Public\Engine_Struct.h(195,13): warning C4251: 'Engine::tagVertex_Mesh::vTangent': 'DirectX::XMFLOAT3'에서는 'Engine::tagVertex_Mesh'의 클라이언트에서 DLL 인터페이스를 사용하도록 지정해야 함
  (소스 파일 '../private/Animation.cpp'을(를) 컴파일하는 중)
      C:\Program Files (x86)\Windows Kits\10\Include\10.0.28000.0\um\DirectXMath.h(661,12):
      'DirectX::XMFLOAT3' 선언을 참조하십시오.
  
C:\Users\kkth3\OneDrive\문서\GitHub\250531\Client\Engine\Public\Engine_Struct.h(204,13): warning C4251: 'Engine::tagVertex_Anim_Mesh::vPosition': 'DirectX::XMFLOAT3'에서는 'Engine::tagVertex_Anim_Mesh'의 클라이언트에서 DLL 인터페이스를 사용하도록 지정해야 함
  (소스 파일 '../private/Animation.cpp'을(를) 컴파일하는 중)
      C:\Program Files (x86)\Windows Kits\10\Include\10.0.28000.0\um\DirectXMath.h(661,12):
      'DirectX::XMFLOAT3' 선언을 참조하십시오.
  
C:\Users\kkth3\OneDrive\문서\GitHub\250531\Client\Engine\Public\Engine_Struct.h(205,13): warning C4251: 'Engine::tagVertex_Anim_Mesh::vNormal': 'DirectX::XMFLOAT3'에서는 'Engine::tagVertex_Anim_Mesh'의 클라이언트에서 DLL 인터페이스를 사용하도록 지정해야 함
  (소스 파일 '../private/Animation.cpp'을(를) 컴파일하는 중)
      C:\Program Files (x86)\Windows Kits\10\Include\10.0.28000.0\um\DirectXMath.h(661,12):
      'DirectX::XMFLOAT3' 선언을 참조하십시오.
  
C:\Users\kkth3\OneDrive\문서\GitHub\250531\Client\Engine\Public\Engine_Struct.h(206,13): warning C4251: 'Engine::tagVertex_Anim_Mesh::vTexcoord': 'DirectX::XMFLOAT2'에서는 'Engine::tagVertex_Anim_Mesh'의 클라이언트에서 DLL 인터페이스를 사용하도록 지정해야 함
  (소스 파일 '../private/Animation.cpp'을(를) 컴파일하는 중)
      C:\Program Files (x86)\Windows Kits\10\Include\10.0.28000.0\um\DirectXMath.h(584,12):
      'DirectX::XMFLOAT2' 선언을 참조하십시오.
  
C:\Users\kkth3\OneDrive\문서\GitHub\250531\Client\Engine\Public\Engine_Struct.h(207,13): warning C4251: 'Engine::tagVertex_Anim_Mesh::vTangent': 'DirectX::XMFLOAT3'에서는 'Engine::tagVertex_Anim_Mesh'의 클라이언트에서 DLL 인터페이스를 사용하도록 지정해야 함
  (소스 파일 '../private/Animation.cpp'을(를) 컴파일하는 중)
      C:\Program Files (x86)\Windows Kits\10\Include\10.0.28000.0\um\DirectXMath.h(661,12):
      'DirectX::XMFLOAT3' 선언을 참조하십시오.
  
C:\Users\kkth3\OneDrive\문서\GitHub\250531\Client\Engine\Public\Engine_Struct.h(209,13): warning C4251: 'Engine::tagVertex_Anim_Mesh::vBlendIndices': 'DirectX::XMUINT4'에서는 'Engine::tagVertex_Anim_Mesh'의 클라이언트에서 DLL 인터페이스를 사용하도록 지정해야 함
  (소스 파일 '../private/Animation.cpp'을(를) 컴파일하는 중)
      C:\Program Files (x86)\Windows Kits\10\Include\10.0.28000.0\um\DirectXMath.h(793,12):
      'DirectX::XMUINT4' 선언을 참조하십시오.
  
C:\Users\kkth3\OneDrive\문서\GitHub\250531\Client\Engine\Public\Engine_Struct.h(210,13): warning C4251: 'Engine::tagVertex_Anim_Mesh::vBlendWeights': 'DirectX::XMFLOAT4'에서는 'Engine::tagVertex_Anim_Mesh'의 클라이언트에서 DLL 인터페이스를 사용하도록 지정해야 함
  (소스 파일 '../private/Animation.cpp'을(를) 컴파일하는 중)
      C:\Program Files (x86)\Windows Kits\10\Include\10.0.28000.0\um\DirectXMath.h(736,12):
      'DirectX::XMFLOAT4' 선언을 참조하십시오.
  
  Bone.cpp
C:\Users\kkth3\OneDrive\문서\GitHub\250531\Client\Engine\Public\Engine_Struct.h(21,14): warning C4251: 'Engine::ObjectConstants::World': 'DirectX::XMFLOAT4X4'에서는 'Engine::ObjectConstants'의 클라이언트에서 DLL 인터페이스를 사용하도록 지정해야 함
  (소스 파일 '../private/Bone.cpp'을(를) 컴파일하는 중)
      C:\Program Files (x86)\Windows Kits\10\Include\10.0.28000.0\um\DirectXMath.h(964,12):
      'DirectX::XMFLOAT4X4' 선언을 참조하십시오.
  
C:\Users\kkth3\OneDrive\문서\GitHub\250531\Client\Engine\Public\Engine_Struct.h(22,14): warning C4251: 'Engine::ObjectConstants::TexTransform': 'DirectX::XMFLOAT4X4'에서는 'Engine::ObjectConstants'의 클라이언트에서 DLL 인터페이스를 사용하도록 지정해야 함
  (소스 파일 '../private/Bone.cpp'을(를) 컴파일하는 중)
      C:\Program Files (x86)\Windows Kits\10\Include\10.0.28000.0\um\DirectXMath.h(964,12):
      'DirectX::XMFLOAT4X4' 선언을 참조하십시오.
  
C:\Users\kkth3\OneDrive\문서\GitHub\250531\Client\Engine\Public\Engine_Struct.h(31,21): warning C4251: 'Engine::Light::Strength': 'DirectX::XMFLOAT3'에서는 'Engine::Light'의 클라이언트에서 DLL 인터페이스를 사용하도록 지정해야 함
  (소스 파일 '../private/Bone.cpp'을(를) 컴파일하는 중)
      C:\Program Files (x86)\Windows Kits\10\Include\10.0.28000.0\um\DirectXMath.h(661,12):
      'DirectX::XMFLOAT3' 선언을 참조하십시오.
  
C:\Users\kkth3\OneDrive\문서\GitHub\250531\Client\Engine\Public\Engine_Struct.h(33,21): warning C4251: 'Engine::Light::Direction': 'DirectX::XMFLOAT3'에서는 'Engine::Light'의 클라이언트에서 DLL 인터페이스를 사용하도록 지정해야 함
  (소스 파일 '../private/Bone.cpp'을(를) 컴파일하는 중)
      C:\Program Files (x86)\Windows Kits\10\Include\10.0.28000.0\um\DirectXMath.h(661,12):
      'DirectX::XMFLOAT3' 선언을 참조하십시오.
  
C:\Users\kkth3\OneDrive\문서\GitHub\250531\Client\Engine\Public\Engine_Struct.h(35,21): warning C4251: 'Engine::Light::Position': 'DirectX::XMFLOAT3'에서는 'Engine::Light'의 클라이언트에서 DLL 인터페이스를 사용하도록 지정해야 함
  (소스 파일 '../private/Bone.cpp'을(를) 컴파일하는 중)
      C:\Program Files (x86)\Windows Kits\10\Include\10.0.28000.0\um\DirectXMath.h(661,12):
      'DirectX::XMFLOAT3' 선언을 참조하십시오.
  
C:\Users\kkth3\OneDrive\문서\GitHub\250531\Client\Engine\Public\Engine_Struct.h(41,23): warning C4251: 'Engine::PassConstants::View': 'DirectX::XMFLOAT4X4'에서는 'Engine::PassConstants'의 클라이언트에서 DLL 인터페이스를 사용하도록 지정해야 함
  (소스 파일 '../private/Bone.cpp'을(를) 컴파일하는 중)
      C:\Program Files (x86)\Windows Kits\10\Include\10.0.28000.0\um\DirectXMath.h(964,12):
      'DirectX::XMFLOAT4X4' 선언을 참조하십시오.
  
C:\Users\kkth3\OneDrive\문서\GitHub\250531\Client\Engine\Public\Engine_Struct.h(42,23): warning C4251: 'Engine::PassConstants::InvView': 'DirectX::XMFLOAT4X4'에서는 'Engine::PassConstants'의 클라이언트에서 DLL 인터페이스를 사용하도록 지정해야 함
  (소스 파일 '../private/Bone.cpp'을(를) 컴파일하는 중)
      C:\Program Files (x86)\Windows Kits\10\Include\10.0.28000.0\um\DirectXMath.h(964,12):
      'DirectX::XMFLOAT4X4' 선언을 참조하십시오.
  
C:\Users\kkth3\OneDrive\문서\GitHub\250531\Client\Engine\Public\Engine_Struct.h(43,23): warning C4251: 'Engine::PassConstants::Proj': 'DirectX::XMFLOAT4X4'에서는 'Engine::PassConstants'의 클라이언트에서 DLL 인터페이스를 사용하도록 지정해야 함
  (소스 파일 '../private/Bone.cpp'을(를) 컴파일하는 중)
      C:\Program Files (x86)\Windows Kits\10\Include\10.0.28000.0\um\DirectXMath.h(964,12):
      'DirectX::XMFLOAT4X4' 선언을 참조하십시오.
  
C:\Users\kkth3\OneDrive\문서\GitHub\250531\Client\Engine\Public\Engine_Struct.h(44,23): warning C4251: 'Engine::PassConstants::InvProj': 'DirectX::XMFLOAT4X4'에서는 'Engine::PassConstants'의 클라이언트에서 DLL 인터페이스를 사용하도록 지정해야 함
  (소스 파일 '../private/Bone.cpp'을(를) 컴파일하는 중)
      C:\Program Files (x86)\Windows Kits\10\Include\10.0.28000.0\um\DirectXMath.h(964,12):
      'DirectX::XMFLOAT4X4' 선언을 참조하십시오.
  
C:\Users\kkth3\OneDrive\문서\GitHub\250531\Client\Engine\Public\Engine_Struct.h(45,23): warning C4251: 'Engine::PassConstants::ViewProj': 'DirectX::XMFLOAT4X4'에서는 'Engine::PassConstants'의 클라이언트에서 DLL 인터페이스를 사용하도록 지정해야 함
  (소스 파일 '../private/Bone.cpp'을(를) 컴파일하는 중)
      C:\Program Files (x86)\Windows Kits\10\Include\10.0.28000.0\um\DirectXMath.h(964,12):
      'DirectX::XMFLOAT4X4' 선언을 참조하십시오.
  
C:\Users\kkth3\OneDrive\문서\GitHub\250531\Client\Engine\Public\Engine_Struct.h(46,23): warning C4251: 'Engine::PassConstants::InvViewProj': 'DirectX::XMFLOAT4X4'에서는 'Engine::PassConstants'의 클라이언트에서 DLL 인터페이스를 사용하도록 지정해야 함
  (소스 파일 '../private/Bone.cpp'을(를) 컴파일하는 중)
      C:\Program Files (x86)\Windows Kits\10\Include\10.0.28000.0\um\DirectXMath.h(964,12):
      'DirectX::XMFLOAT4X4' 선언을 참조하십시오.
  
C:\Users\kkth3\OneDrive\문서\GitHub\250531\Client\Engine\Public\Engine_Struct.h(47,23): warning C4251: 'Engine::PassConstants::ShadowTransform': 'DirectX::XMFLOAT4X4'에서는 'Engine::PassConstants'의 클라이언트에서 DLL 인터페이스를 사용하도록 지정해야 함
  (소스 파일 '../private/Bone.cpp'을(를) 컴파일하는 중)
      C:\Program Files (x86)\Windows Kits\10\Include\10.0.28000.0\um\DirectXMath.h(964,12):
      'DirectX::XMFLOAT4X4' 선언을 참조하십시오.
  
C:\Users\kkth3\OneDrive\문서\GitHub\250531\Client\Engine\Public\Engine_Struct.h(48,21): warning C4251: 'Engine::PassConstants::EyePosW': 'DirectX::XMFLOAT3'에서는 'Engine::PassConstants'의 클라이언트에서 DLL 인터페이스를 사용하도록 지정해야 함
  (소스 파일 '../private/Bone.cpp'을(를) 컴파일하는 중)
      C:\Program Files (x86)\Windows Kits\10\Include\10.0.28000.0\um\DirectXMath.h(661,12):
      'DirectX::XMFLOAT3' 선언을 참조하십시오.
  
C:\Users\kkth3\OneDrive\문서\GitHub\250531\Client\Engine\Public\Engine_Struct.h(50,21): warning C4251: 'Engine::PassConstants::RenderTargetSize': 'DirectX::XMFLOAT2'에서는 'Engine::PassConstants'의 클라이언트에서 DLL 인터페이스를 사용하도록 지정해야 함
  (소스 파일 '../private/Bone.cpp'을(를) 컴파일하는 중)
      C:\Program Files (x86)\Windows Kits\10\Include\10.0.28000.0\um\DirectXMath.h(584,12):
      'DirectX::XMFLOAT2' 선언을 참조하십시오.
  
C:\Users\kkth3\OneDrive\문서\GitHub\250531\Client\Engine\Public\Engine_Struct.h(51,21): warning C4251: 'Engine::PassConstants::InvRenderTargetSize': 'DirectX::XMFLOAT2'에서는 'Engine::PassConstants'의 클라이언트에서 DLL 인터페이스를 사용하도록 지정해야 함
  (소스 파일 '../private/Bone.cpp'을(를) 컴파일하는 중)
      C:\Program Files (x86)\Windows Kits\10\Include\10.0.28000.0\um\DirectXMath.h(584,12):
      'DirectX::XMFLOAT2' 선언을 참조하십시오.
  
C:\Users\kkth3\OneDrive\문서\GitHub\250531\Client\Engine\Public\Engine_Struct.h(57,21): warning C4251: 'Engine::PassConstants::AmbientLight': 'DirectX::XMFLOAT4'에서는 'Engine::PassConstants'의 클라이언트에서 DLL 인터페이스를 사용하도록 지정해야 함
  (소스 파일 '../private/Bone.cpp'을(를) 컴파일하는 중)
      C:\Program Files (x86)\Windows Kits\10\Include\10.0.28000.0\um\DirectXMath.h(736,12):
      'DirectX::XMFLOAT4' 선언을 참조하십시오.
  
C:\Users\kkth3\OneDrive\문서\GitHub\250531\Client\Engine\Public\Engine_Struct.h(86,21): warning C4251: 'Engine::MaterialConstants::DiffuseAlbedo': 'DirectX::XMFLOAT4'에서는 'Engine::MaterialConstants'의 클라이언트에서 DLL 인터페이스를 사용하도록 지정해야 함
  (소스 파일 '../private/Bone.cpp'을(를) 컴파일하는 중)
      C:\Program Files (x86)\Windows Kits\10\Include\10.0.28000.0\um\DirectXMath.h(736,12):
      'DirectX::XMFLOAT4' 선언을 참조하십시오.
  
C:\Users\kkth3\OneDrive\문서\GitHub\250531\Client\Engine\Public\Engine_Struct.h(87,21): warning C4251: 'Engine::MaterialConstants::FresnelR0': 'DirectX::XMFLOAT3'에서는 'Engine::MaterialConstants'의 클라이언트에서 DLL 인터페이스를 사용하도록 지정해야 함
  (소스 파일 '../private/Bone.cpp'을(를) 컴파일하는 중)
      C:\Program Files (x86)\Windows Kits\10\Include\10.0.28000.0\um\DirectXMath.h(661,12):
      'DirectX::XMFLOAT3' 선언을 참조하십시오.
  
C:\Users\kkth3\OneDrive\문서\GitHub\250531\Client\Engine\Public\Engine_Struct.h(89,23): warning C4251: 'Engine::MaterialConstants::MatTransform': 'DirectX::XMFLOAT4X4'에서는 'Engine::MaterialConstants'의 클라이언트에서 DLL 인터페이스를 사용하도록 지정해야 함
  (소스 파일 '../private/Bone.cpp'을(를) 컴파일하는 중)
      C:\Program Files (x86)\Windows Kits\10\Include\10.0.28000.0\um\DirectXMath.h(964,12):
      'DirectX::XMFLOAT4X4' 선언을 참조하십시오.
  
C:\Users\kkth3\OneDrive\문서\GitHub\250531\Client\Engine\Public\Engine_Struct.h(94,21): warning C4251: 'Engine::MaterialData::DiffuseAlbedo': 'DirectX::XMFLOAT4'에서는 'Engine::MaterialData'의 클라이언트에서 DLL 인터페이스를 사용하도록 지정해야 함
  (소스 파일 '../private/Bone.cpp'을(를) 컴파일하는 중)
      C:\Program Files (x86)\Windows Kits\10\Include\10.0.28000.0\um\DirectXMath.h(736,12):
      'DirectX::XMFLOAT4' 선언을 참조하십시오.
  
C:\Users\kkth3\OneDrive\문서\GitHub\250531\Client\Engine\Public\Engine_Struct.h(95,21): warning C4251: 'Engine::MaterialData::FresnelR0': 'DirectX::XMFLOAT3'에서는 'Engine::MaterialData'의 클라이언트에서 DLL 인터페이스를 사용하도록 지정해야 함
  (소스 파일 '../private/Bone.cpp'을(를) 컴파일하는 중)
      C:\Program Files (x86)\Windows Kits\10\Include\10.0.28000.0\um\DirectXMath.h(661,12):
      'DirectX::XMFLOAT3' 선언을 참조하십시오.
  
C:\Users\kkth3\OneDrive\문서\GitHub\250531\Client\Engine\Public\Engine_Struct.h(99,23): warning C4251: 'Engine::MaterialData::MatTransform': 'DirectX::XMFLOAT4X4'에서는 'Engine::MaterialData'의 클라이언트에서 DLL 인터페이스를 사용하도록 지정해야 함
  (소스 파일 '../private/Bone.cpp'을(를) 컴파일하는 중)
      C:\Program Files (x86)\Windows Kits\10\Include\10.0.28000.0\um\DirectXMath.h(964,12):
      'DirectX::XMFLOAT4X4' 선언을 참조하십시오.
  
C:\Users\kkth3\OneDrive\문서\GitHub\250531\Client\Engine\Public\Engine_Struct.h(113,14): warning C4251: 'Engine::InstanceData::World': 'DirectX::XMFLOAT4X4'에서는 'Engine::InstanceData'의 클라이언트에서 DLL 인터페이스를 사용하도록 지정해야 함
  (소스 파일 '../private/Bone.cpp'을(를) 컴파일하는 중)
      C:\Program Files (x86)\Windows Kits\10\Include\10.0.28000.0\um\DirectXMath.h(964,12):
      'DirectX::XMFLOAT4X4' 선언을 참조하십시오.
  
C:\Users\kkth3\OneDrive\문서\GitHub\250531\Client\Engine\Public\Engine_Struct.h(142,13): warning C4251: 'Engine::tagVertex_Position::vPosition': 'DirectX::XMFLOAT3'에서는 'Engine::tagVertex_Position'의 클라이언트에서 DLL 인터페이스를 사용하도록 지정해야 함
  (소스 파일 '../private/Bone.cpp'을(를) 컴파일하는 중)
      C:\Program Files (x86)\Windows Kits\10\Include\10.0.28000.0\um\DirectXMath.h(661,12):
      'DirectX::XMFLOAT3' 선언을 참조하십시오.
  
C:\Users\kkth3\OneDrive\문서\GitHub\250531\Client\Engine\Public\Engine_Struct.h(151,13): warning C4251: 'Engine::tagVertex_Position_Normal::vPosition': 'DirectX::XMFLOAT3'에서는 'Engine::tagVertex_Position_Normal'의 클라이언트에서 DLL 인터페이스를 사용하도록 지정해야 함
  (소스 파일 '../private/Bone.cpp'을(를) 컴파일하는 중)
      C:\Program Files (x86)\Windows Kits\10\Include\10.0.28000.0\um\DirectXMath.h(661,12):
      'DirectX::XMFLOAT3' 선언을 참조하십시오.
  
C:\Users\kkth3\OneDrive\문서\GitHub\250531\Client\Engine\Public\Engine_Struct.h(152,13): warning C4251: 'Engine::tagVertex_Position_Normal::vNormal': 'DirectX::XMFLOAT3'에서는 'Engine::tagVertex_Position_Normal'의 클라이언트에서 DLL 인터페이스를 사용하도록 지정해야 함
  (소스 파일 '../private/Bone.cpp'을(를) 컴파일하는 중)
      C:\Program Files (x86)\Windows Kits\10\Include\10.0.28000.0\um\DirectXMath.h(661,12):
      'DirectX::XMFLOAT3' 선언을 참조하십시오.
  
C:\Users\kkth3\OneDrive\문서\GitHub\250531\Client\Engine\Public\Engine_Struct.h(161,13): warning C4251: 'Engine::tagVertex_Position_Texcoord::vPosition': 'DirectX::XMFLOAT3'에서는 'Engine::tagVertex_Position_Texcoord'의 클라이언트에서 DLL 인터페이스를 사용하도록 지정해야 함
  (소스 파일 '../private/Bone.cpp'을(를) 컴파일하는 중)
      C:\Program Files (x86)\Windows Kits\10\Include\10.0.28000.0\um\DirectXMath.h(661,12):
      'DirectX::XMFLOAT3' 선언을 참조하십시오.
  
C:\Users\kkth3\OneDrive\문서\GitHub\250531\Client\Engine\Public\Engine_Struct.h(162,13): warning C4251: 'Engine::tagVertex_Position_Texcoord::vTexcoord': 'DirectX::XMFLOAT2'에서는 'Engine::tagVertex_Position_Texcoord'의 클라이언트에서 DLL 인터페이스를 사용하도록 지정해야 함
  (소스 파일 '../private/Bone.cpp'을(를) 컴파일하는 중)
      C:\Program Files (x86)\Windows Kits\10\Include\10.0.28000.0\um\DirectXMath.h(584,12):
      'DirectX::XMFLOAT2' 선언을 참조하십시오.
  
C:\Users\kkth3\OneDrive\문서\GitHub\250531\Client\Engine\Public\Engine_Struct.h(171,13): warning C4251: 'Engine::tagVertex_Position_Normal_Texcoord::vPosition': 'DirectX::XMFLOAT3'에서는 'Engine::tagVertex_Position_Normal_Texcoord'의 클라이언트에서 DLL 인터페이스를 사용하도록 지정해야 함
  (소스 파일 '../private/Bone.cpp'을(를) 컴파일하는 중)
      C:\Program Files (x86)\Windows Kits\10\Include\10.0.28000.0\um\DirectXMath.h(661,12):
      'DirectX::XMFLOAT3' 선언을 참조하십시오.
  
C:\Users\kkth3\OneDrive\문서\GitHub\250531\Client\Engine\Public\Engine_Struct.h(172,13): warning C4251: 'Engine::tagVertex_Position_Normal_Texcoord::vNormal': 'DirectX::XMFLOAT3'에서는 'Engine::tagVertex_Position_Normal_Texcoord'의 클라이언트에서 DLL 인터페이스를 사용하도록 지정해야 함
  (소스 파일 '../private/Bone.cpp'을(를) 컴파일하는 중)
      C:\Program Files (x86)\Windows Kits\10\Include\10.0.28000.0\um\DirectXMath.h(661,12):
      'DirectX::XMFLOAT3' 선언을 참조하십시오.
  
C:\Users\kkth3\OneDrive\문서\GitHub\250531\Client\Engine\Public\Engine_Struct.h(173,13): warning C4251: 'Engine::tagVertex_Position_Normal_Texcoord::vTexcoord': 'DirectX::XMFLOAT2'에서는 'Engine::tagVertex_Position_Normal_Texcoord'의 클라이언트에서 DLL 인터페이스를 사용하도록 지정해야 함
  (소스 파일 '../private/Bone.cpp'을(를) 컴파일하는 중)
      C:\Program Files (x86)\Windows Kits\10\Include\10.0.28000.0\um\DirectXMath.h(584,12):
      'DirectX::XMFLOAT2' 선언을 참조하십시오.
  
C:\Users\kkth3\OneDrive\문서\GitHub\250531\Client\Engine\Public\Engine_Struct.h(182,13): warning C4251: 'Engine::tagVertex_Position_Cube_Texcoord::vPosition': 'DirectX::XMFLOAT3'에서는 'Engine::tagVertex_Position_Cube_Texcoord'의 클라이언트에서 DLL 인터페이스를 사용하도록 지정해야 함
  (소스 파일 '../private/Bone.cpp'을(를) 컴파일하는 중)
      C:\Program Files (x86)\Windows Kits\10\Include\10.0.28000.0\um\DirectXMath.h(661,12):
      'DirectX::XMFLOAT3' 선언을 참조하십시오.
  
C:\Users\kkth3\OneDrive\문서\GitHub\250531\Client\Engine\Public\Engine_Struct.h(183,13): warning C4251: 'Engine::tagVertex_Position_Cube_Texcoord::vTexcoord': 'DirectX::XMFLOAT3'에서는 'Engine::tagVertex_Position_Cube_Texcoord'의 클라이언트에서 DLL 인터페이스를 사용하도록 지정해야 함
  (소스 파일 '../private/Bone.cpp'을(를) 컴파일하는 중)
      C:\Program Files (x86)\Windows Kits\10\Include\10.0.28000.0\um\DirectXMath.h(661,12):
      'DirectX::XMFLOAT3' 선언을 참조하십시오.
  
C:\Users\kkth3\OneDrive\문서\GitHub\250531\Client\Engine\Public\Engine_Struct.h(192,13): warning C4251: 'Engine::tagVertex_Mesh::vPosition': 'DirectX::XMFLOAT3'에서는 'Engine::tagVertex_Mesh'의 클라이언트에서 DLL 인터페이스를 사용하도록 지정해야 함
  (소스 파일 '../private/Bone.cpp'을(를) 컴파일하는 중)
      C:\Program Files (x86)\Windows Kits\10\Include\10.0.28000.0\um\DirectXMath.h(661,12):
      'DirectX::XMFLOAT3' 선언을 참조하십시오.
  
C:\Users\kkth3\OneDrive\문서\GitHub\250531\Client\Engine\Public\Engine_Struct.h(193,13): warning C4251: 'Engine::tagVertex_Mesh::vNormal': 'DirectX::XMFLOAT3'에서는 'Engine::tagVertex_Mesh'의 클라이언트에서 DLL 인터페이스를 사용하도록 지정해야 함
  (소스 파일 '../private/Bone.cpp'을(를) 컴파일하는 중)
      C:\Program Files (x86)\Windows Kits\10\Include\10.0.28000.0\um\DirectXMath.h(661,12):
      'DirectX::XMFLOAT3' 선언을 참조하십시오.
  
C:\Users\kkth3\OneDrive\문서\GitHub\250531\Client\Engine\Public\Engine_Struct.h(194,13): warning C4251: 'Engine::tagVertex_Mesh::vTexcoord': 'DirectX::XMFLOAT2'에서는 'Engine::tagVertex_Mesh'의 클라이언트에서 DLL 인터페이스를 사용하도록 지정해야 함
  (소스 파일 '../private/Bone.cpp'을(를) 컴파일하는 중)
      C:\Program Files (x86)\Windows Kits\10\Include\10.0.28000.0\um\DirectXMath.h(584,12):
      'DirectX::XMFLOAT2' 선언을 참조하십시오.
  
C:\Users\kkth3\OneDrive\문서\GitHub\250531\Client\Engine\Public\Engine_Struct.h(195,13): warning C4251: 'Engine::tagVertex_Mesh::vTangent': 'DirectX::XMFLOAT3'에서는 'Engine::tagVertex_Mesh'의 클라이언트에서 DLL 인터페이스를 사용하도록 지정해야 함
  (소스 파일 '../private/Bone.cpp'을(를) 컴파일하는 중)
      C:\Program Files (x86)\Windows Kits\10\Include\10.0.28000.0\um\DirectXMath.h(661,12):
      'DirectX::XMFLOAT3' 선언을 참조하십시오.
  
C:\Users\kkth3\OneDrive\문서\GitHub\250531\Client\Engine\Public\Engine_Struct.h(204,13): warning C4251: 'Engine::tagVertex_Anim_Mesh::vPosition': 'DirectX::XMFLOAT3'에서는 'Engine::tagVertex_Anim_Mesh'의 클라이언트에서 DLL 인터페이스를 사용하도록 지정해야 함
  (소스 파일 '../private/Bone.cpp'을(를) 컴파일하는 중)
      C:\Program Files (x86)\Windows Kits\10\Include\10.0.28000.0\um\DirectXMath.h(661,12):
      'DirectX::XMFLOAT3' 선언을 참조하십시오.
  
C:\Users\kkth3\OneDrive\문서\GitHub\250531\Client\Engine\Public\Engine_Struct.h(205,13): warning C4251: 'Engine::tagVertex_Anim_Mesh::vNormal': 'DirectX::XMFLOAT3'에서는 'Engine::tagVertex_Anim_Mesh'의 클라이언트에서 DLL 인터페이스를 사용하도록 지정해야 함
  (소스 파일 '../private/Bone.cpp'을(를) 컴파일하는 중)
      C:\Program Files (x86)\Windows Kits\10\Include\10.0.28000.0\um\DirectXMath.h(661,12):
      'DirectX::XMFLOAT3' 선언을 참조하십시오.
  
C:\Users\kkth3\OneDrive\문서\GitHub\250531\Client\Engine\Public\Engine_Struct.h(206,13): warning C4251: 'Engine::tagVertex_Anim_Mesh::vTexcoord': 'DirectX::XMFLOAT2'에서는 'Engine::tagVertex_Anim_Mesh'의 클라이언트에서 DLL 인터페이스를 사용하도록 지정해야 함
  (소스 파일 '../private/Bone.cpp'을(를) 컴파일하는 중)
      C:\Program Files (x86)\Windows Kits\10\Include\10.0.28000.0\um\DirectXMath.h(584,12):
      'DirectX::XMFLOAT2' 선언을 참조하십시오.
  
C:\Users\kkth3\OneDrive\문서\GitHub\250531\Client\Engine\Public\Engine_Struct.h(207,13): warning C4251: 'Engine::tagVertex_Anim_Mesh::vTangent': 'DirectX::XMFLOAT3'에서는 'Engine::tagVertex_Anim_Mesh'의 클라이언트에서 DLL 인터페이스를 사용하도록 지정해야 함
  (소스 파일 '../private/Bone.cpp'을(를) 컴파일하는 중)
      C:\Program Files (x86)\Windows Kits\10\Include\10.0.28000.0\um\DirectXMath.h(661,12):
      'DirectX::XMFLOAT3' 선언을 참조하십시오.
  
C:\Users\kkth3\OneDrive\문서\GitHub\250531\Client\Engine\Public\Engine_Struct.h(209,13): warning C4251: 'Engine::tagVertex_Anim_Mesh::vBlendIndices': 'DirectX::XMUINT4'에서는 'Engine::tagVertex_Anim_Mesh'의 클라이언트에서 DLL 인터페이스를 사용하도록 지정해야 함
  (소스 파일 '../private/Bone.cpp'을(를) 컴파일하는 중)
      C:\Program Files (x86)\Windows Kits\10\Include\10.0.28000.0\um\DirectXMath.h(793,12):
      'DirectX::XMUINT4' 선언을 참조하십시오.
  
C:\Users\kkth3\OneDrive\문서\GitHub\250531\Client\Engine\Public\Engine_Struct.h(210,13): warning C4251: 'Engine::tagVertex_Anim_Mesh::vBlendWeights': 'DirectX::XMFLOAT4'에서는 'Engine::tagVertex_Anim_Mesh'의 클라이언트에서 DLL 인터페이스를 사용하도록 지정해야 함
  (소스 파일 '../private/Bone.cpp'을(를) 컴파일하는 중)
      C:\Program Files (x86)\Windows Kits\10\Include\10.0.28000.0\um\DirectXMath.h(736,12):
      'DirectX::XMFLOAT4' 선언을 참조하십시오.
  
  Camera.cpp
C:\Users\kkth3\OneDrive\문서\GitHub\250531\Client\Engine\public\Engine_Struct.h(21,14): warning C4251: 'Engine::ObjectConstants::World': 'DirectX::XMFLOAT4X4'에서는 'Engine::ObjectConstants'의 클라이언트에서 DLL 인터페이스를 사용하도록 지정해야 함
  (소스 파일 '../private/Camera.cpp'을(를) 컴파일하는 중)
      C:\Program Files (x86)\Windows Kits\10\Include\10.0.28000.0\um\DirectXMath.h(964,12):
      'DirectX::XMFLOAT4X4' 선언을 참조하십시오.
  
C:\Users\kkth3\OneDrive\문서\GitHub\250531\Client\Engine\public\Engine_Struct.h(22,14): warning C4251: 'Engine::ObjectConstants::TexTransform': 'DirectX::XMFLOAT4X4'에서는 'Engine::ObjectConstants'의 클라이언트에서 DLL 인터페이스를 사용하도록 지정해야 함
  (소스 파일 '../private/Camera.cpp'을(를) 컴파일하는 중)
      C:\Program Files (x86)\Windows Kits\10\Include\10.0.28000.0\um\DirectXMath.h(964,12):
      'DirectX::XMFLOAT4X4' 선언을 참조하십시오.
  
C:\Users\kkth3\OneDrive\문서\GitHub\250531\Client\Engine\public\Engine_Struct.h(31,21): warning C4251: 'Engine::Light::Strength': 'DirectX::XMFLOAT3'에서는 'Engine::Light'의 클라이언트에서 DLL 인터페이스를 사용하도록 지정해야 함
  (소스 파일 '../private/Camera.cpp'을(를) 컴파일하는 중)
      C:\Program Files (x86)\Windows Kits\10\Include\10.0.28000.0\um\DirectXMath.h(661,12):
      'DirectX::XMFLOAT3' 선언을 참조하십시오.
  
C:\Users\kkth3\OneDrive\문서\GitHub\250531\Client\Engine\public\Engine_Struct.h(33,21): warning C4251: 'Engine::Light::Direction': 'DirectX::XMFLOAT3'에서는 'Engine::Light'의 클라이언트에서 DLL 인터페이스를 사용하도록 지정해야 함
  (소스 파일 '../private/Camera.cpp'을(를) 컴파일하는 중)
      C:\Program Files (x86)\Windows Kits\10\Include\10.0.28000.0\um\DirectXMath.h(661,12):
      'DirectX::XMFLOAT3' 선언을 참조하십시오.
  
C:\Users\kkth3\OneDrive\문서\GitHub\250531\Client\Engine\public\Engine_Struct.h(35,21): warning C4251: 'Engine::Light::Position': 'DirectX::XMFLOAT3'에서는 'Engine::Light'의 클라이언트에서 DLL 인터페이스를 사용하도록 지정해야 함
  (소스 파일 '../private/Camera.cpp'을(를) 컴파일하는 중)
      C:\Program Files (x86)\Windows Kits\10\Include\10.0.28000.0\um\DirectXMath.h(661,12):
      'DirectX::XMFLOAT3' 선언을 참조하십시오.
  
C:\Users\kkth3\OneDrive\문서\GitHub\250531\Client\Engine\public\Engine_Struct.h(41,23): warning C4251: 'Engine::PassConstants::View': 'DirectX::XMFLOAT4X4'에서는 'Engine::PassConstants'의 클라이언트에서 DLL 인터페이스를 사용하도록 지정해야 함
  (소스 파일 '../private/Camera.cpp'을(를) 컴파일하는 중)
      C:\Program Files (x86)\Windows Kits\10\Include\10.0.28000.0\um\DirectXMath.h(964,12):
      'DirectX::XMFLOAT4X4' 선언을 참조하십시오.
  
C:\Users\kkth3\OneDrive\문서\GitHub\250531\Client\Engine\public\Engine_Struct.h(42,23): warning C4251: 'Engine::PassConstants::InvView': 'DirectX::XMFLOAT4X4'에서는 'Engine::PassConstants'의 클라이언트에서 DLL 인터페이스를 사용하도록 지정해야 함
  (소스 파일 '../private/Camera.cpp'을(를) 컴파일하는 중)
      C:\Program Files (x86)\Windows Kits\10\Include\10.0.28000.0\um\DirectXMath.h(964,12):
      'DirectX::XMFLOAT4X4' 선언을 참조하십시오.
  
C:\Users\kkth3\OneDrive\문서\GitHub\250531\Client\Engine\public\Engine_Struct.h(43,23): warning C4251: 'Engine::PassConstants::Proj': 'DirectX::XMFLOAT4X4'에서는 'Engine::PassConstants'의 클라이언트에서 DLL 인터페이스를 사용하도록 지정해야 함
  (소스 파일 '../private/Camera.cpp'을(를) 컴파일하는 중)
      C:\Program Files (x86)\Windows Kits\10\Include\10.0.28000.0\um\DirectXMath.h(964,12):
      'DirectX::XMFLOAT4X4' 선언을 참조하십시오.
  
C:\Users\kkth3\OneDrive\문서\GitHub\250531\Client\Engine\public\Engine_Struct.h(44,23): warning C4251: 'Engine::PassConstants::InvProj': 'DirectX::XMFLOAT4X4'에서는 'Engine::PassConstants'의 클라이언트에서 DLL 인터페이스를 사용하도록 지정해야 함
  (소스 파일 '../private/Camera.cpp'을(를) 컴파일하는 중)
      C:\Program Files (x86)\Windows Kits\10\Include\10.0.28000.0\um\DirectXMath.h(964,12):
      'DirectX::XMFLOAT4X4' 선언을 참조하십시오.
  
C:\Users\kkth3\OneDrive\문서\GitHub\250531\Client\Engine\public\Engine_Struct.h(45,23): warning C4251: 'Engine::PassConstants::ViewProj': 'DirectX::XMFLOAT4X4'에서는 'Engine::PassConstants'의 클라이언트에서 DLL 인터페이스를 사용하도록 지정해야 함
  (소스 파일 '../private/Camera.cpp'을(를) 컴파일하는 중)
      C:\Program Files (x86)\Windows Kits\10\Include\10.0.28000.0\um\DirectXMath.h(964,12):
      'DirectX::XMFLOAT4X4' 선언을 참조하십시오.
  
C:\Users\kkth3\OneDrive\문서\GitHub\250531\Client\Engine\public\Engine_Struct.h(46,23): warning C4251: 'Engine::PassConstants::InvViewProj': 'DirectX::XMFLOAT4X4'에서는 'Engine::PassConstants'의 클라이언트에서 DLL 인터페이스를 사용하도록 지정해야 함
  (소스 파일 '../private/Camera.cpp'을(를) 컴파일하는 중)
      C:\Program Files (x86)\Windows Kits\10\Include\10.0.28000.0\um\DirectXMath.h(964,12):
      'DirectX::XMFLOAT4X4' 선언을 참조하십시오.
  
C:\Users\kkth3\OneDrive\문서\GitHub\250531\Client\Engine\public\Engine_Struct.h(47,23): warning C4251: 'Engine::PassConstants::ShadowTransform': 'DirectX::XMFLOAT4X4'에서는 'Engine::PassConstants'의 클라이언트에서 DLL 인터페이스를 사용하도록 지정해야 함
  (소스 파일 '../private/Camera.cpp'을(를) 컴파일하는 중)
      C:\Program Files (x86)\Windows Kits\10\Include\10.0.28000.0\um\DirectXMath.h(964,12):
      'DirectX::XMFLOAT4X4' 선언을 참조하십시오.
  
C:\Users\kkth3\OneDrive\문서\GitHub\250531\Client\Engine\public\Engine_Struct.h(48,21): warning C4251: 'Engine::PassConstants::EyePosW': 'DirectX::XMFLOAT3'에서는 'Engine::PassConstants'의 클라이언트에서 DLL 인터페이스를 사용하도록 지정해야 함
  (소스 파일 '../private/Camera.cpp'을(를) 컴파일하는 중)
      C:\Program Files (x86)\Windows Kits\10\Include\10.0.28000.0\um\DirectXMath.h(661,12):
      'DirectX::XMFLOAT3' 선언을 참조하십시오.
  
C:\Users\kkth3\OneDrive\문서\GitHub\250531\Client\Engine\public\Engine_Struct.h(50,21): warning C4251: 'Engine::PassConstants::RenderTargetSize': 'DirectX::XMFLOAT2'에서는 'Engine::PassConstants'의 클라이언트에서 DLL 인터페이스를 사용하도록 지정해야 함
  (소스 파일 '../private/Camera.cpp'을(를) 컴파일하는 중)
      C:\Program Files (x86)\Windows Kits\10\Include\10.0.28000.0\um\DirectXMath.h(584,12):
      'DirectX::XMFLOAT2' 선언을 참조하십시오.
  
C:\Users\kkth3\OneDrive\문서\GitHub\250531\Client\Engine\public\Engine_Struct.h(51,21): warning C4251: 'Engine::PassConstants::InvRenderTargetSize': 'DirectX::XMFLOAT2'에서는 'Engine::PassConstants'의 클라이언트에서 DLL 인터페이스를 사용하도록 지정해야 함
  (소스 파일 '../private/Camera.cpp'을(를) 컴파일하는 중)
      C:\Program Files (x86)\Windows Kits\10\Include\10.0.28000.0\um\DirectXMath.h(584,12):
      'DirectX::XMFLOAT2' 선언을 참조하십시오.
  
C:\Users\kkth3\OneDrive\문서\GitHub\250531\Client\Engine\public\Engine_Struct.h(57,21): warning C4251: 'Engine::PassConstants::AmbientLight': 'DirectX::XMFLOAT4'에서는 'Engine::PassConstants'의 클라이언트에서 DLL 인터페이스를 사용하도록 지정해야 함
  (소스 파일 '../private/Camera.cpp'을(를) 컴파일하는 중)
      C:\Program Files (x86)\Windows Kits\10\Include\10.0.28000.0\um\DirectXMath.h(736,12):
      'DirectX::XMFLOAT4' 선언을 참조하십시오.
  
C:\Users\kkth3\OneDrive\문서\GitHub\250531\Client\Engine\public\Engine_Struct.h(86,21): warning C4251: 'Engine::MaterialConstants::DiffuseAlbedo': 'DirectX::XMFLOAT4'에서는 'Engine::MaterialConstants'의 클라이언트에서 DLL 인터페이스를 사용하도록 지정해야 함
  (소스 파일 '../private/Camera.cpp'을(를) 컴파일하는 중)
      C:\Program Files (x86)\Windows Kits\10\Include\10.0.28000.0\um\DirectXMath.h(736,12):
      'DirectX::XMFLOAT4' 선언을 참조하십시오.
  
C:\Users\kkth3\OneDrive\문서\GitHub\250531\Client\Engine\public\Engine_Struct.h(87,21): warning C4251: 'Engine::MaterialConstants::FresnelR0': 'DirectX::XMFLOAT3'에서는 'Engine::MaterialConstants'의 클라이언트에서 DLL 인터페이스를 사용하도록 지정해야 함
  (소스 파일 '../private/Camera.cpp'을(를) 컴파일하는 중)
      C:\Program Files (x86)\Windows Kits\10\Include\10.0.28000.0\um\DirectXMath.h(661,12):
      'DirectX::XMFLOAT3' 선언을 참조하십시오.
  
C:\Users\kkth3\OneDrive\문서\GitHub\250531\Client\Engine\public\Engine_Struct.h(89,23): warning C4251: 'Engine::MaterialConstants::MatTransform': 'DirectX::XMFLOAT4X4'에서는 'Engine::MaterialConstants'의 클라이언트에서 DLL 인터페이스를 사용하도록 지정해야 함
  (소스 파일 '../private/Camera.cpp'을(를) 컴파일하는 중)
      C:\Program Files (x86)\Windows Kits\10\Include\10.0.28000.0\um\DirectXMath.h(964,12):
      'DirectX::XMFLOAT4X4' 선언을 참조하십시오.
  
C:\Users\kkth3\OneDrive\문서\GitHub\250531\Client\Engine\public\Engine_Struct.h(94,21): warning C4251: 'Engine::MaterialData::DiffuseAlbedo': 'DirectX::XMFLOAT4'에서는 'Engine::MaterialData'의 클라이언트에서 DLL 인터페이스를 사용하도록 지정해야 함
  (소스 파일 '../private/Camera.cpp'을(를) 컴파일하는 중)
      C:\Program Files (x86)\Windows Kits\10\Include\10.0.28000.0\um\DirectXMath.h(736,12):
      'DirectX::XMFLOAT4' 선언을 참조하십시오.
  
C:\Users\kkth3\OneDrive\문서\GitHub\250531\Client\Engine\public\Engine_Struct.h(95,21): warning C4251: 'Engine::MaterialData::FresnelR0': 'DirectX::XMFLOAT3'에서는 'Engine::MaterialData'의 클라이언트에서 DLL 인터페이스를 사용하도록 지정해야 함
  (소스 파일 '../private/Camera.cpp'을(를) 컴파일하는 중)
      C:\Program Files (x86)\Windows Kits\10\Include\10.0.28000.0\um\DirectXMath.h(661,12):
      'DirectX::XMFLOAT3' 선언을 참조하십시오.
  
C:\Users\kkth3\OneDrive\문서\GitHub\250531\Client\Engine\public\Engine_Struct.h(99,23): warning C4251: 'Engine::MaterialData::MatTransform': 'DirectX::XMFLOAT4X4'에서는 'Engine::MaterialData'의 클라이언트에서 DLL 인터페이스를 사용하도록 지정해야 함
  (소스 파일 '../private/Camera.cpp'을(를) 컴파일하는 중)
      C:\Program Files (x86)\Windows Kits\10\Include\10.0.28000.0\um\DirectXMath.h(964,12):
      'DirectX::XMFLOAT4X4' 선언을 참조하십시오.
  
C:\Users\kkth3\OneDrive\문서\GitHub\250531\Client\Engine\public\Engine_Struct.h(113,14): warning C4251: 'Engine::InstanceData::World': 'DirectX::XMFLOAT4X4'에서는 'Engine::InstanceData'의 클라이언트에서 DLL 인터페이스를 사용하도록 지정해야 함
  (소스 파일 '../private/Camera.cpp'을(를) 컴파일하는 중)
      C:\Program Files (x86)\Windows Kits\10\Include\10.0.28000.0\um\DirectXMath.h(964,12):
      'DirectX::XMFLOAT4X4' 선언을 참조하십시오.
  
C:\Users\kkth3\OneDrive\문서\GitHub\250531\Client\Engine\public\Engine_Struct.h(142,13): warning C4251: 'Engine::tagVertex_Position::vPosition': 'DirectX::XMFLOAT3'에서는 'Engine::tagVertex_Position'의 클라이언트에서 DLL 인터페이스를 사용하도록 지정해야 함
  (소스 파일 '../private/Camera.cpp'을(를) 컴파일하는 중)
      C:\Program Files (x86)\Windows Kits\10\Include\10.0.28000.0\um\DirectXMath.h(661,12):
      'DirectX::XMFLOAT3' 선언을 참조하십시오.
  
C:\Users\kkth3\OneDrive\문서\GitHub\250531\Client\Engine\public\Engine_Struct.h(151,13): warning C4251: 'Engine::tagVertex_Position_Normal::vPosition': 'DirectX::XMFLOAT3'에서는 'Engine::tagVertex_Position_Normal'의 클라이언트에서 DLL 인터페이스를 사용하도록 지정해야 함
  (소스 파일 '../private/Camera.cpp'을(를) 컴파일하는 중)
      C:\Program Files (x86)\Windows Kits\10\Include\10.0.28000.0\um\DirectXMath.h(661,12):
      'DirectX::XMFLOAT3' 선언을 참조하십시오.
  
C:\Users\kkth3\OneDrive\문서\GitHub\250531\Client\Engine\public\Engine_Struct.h(152,13): warning C4251: 'Engine::tagVertex_Position_Normal::vNormal': 'DirectX::XMFLOAT3'에서는 'Engine::tagVertex_Position_Normal'의 클라이언트에서 DLL 인터페이스를 사용하도록 지정해야 함
  (소스 파일 '../private/Camera.cpp'을(를) 컴파일하는 중)
      C:\Program Files (x86)\Windows Kits\10\Include\10.0.28000.0\um\DirectXMath.h(661,12):
      'DirectX::XMFLOAT3' 선언을 참조하십시오.
  
C:\Users\kkth3\OneDrive\문서\GitHub\250531\Client\Engine\public\Engine_Struct.h(161,13): warning C4251: 'Engine::tagVertex_Position_Texcoord::vPosition': 'DirectX::XMFLOAT3'에서는 'Engine::tagVertex_Position_Texcoord'의 클라이언트에서 DLL 인터페이스를 사용하도록 지정해야 함
  (소스 파일 '../private/Camera.cpp'을(를) 컴파일하는 중)
      C:\Program Files (x86)\Windows Kits\10\Include\10.0.28000.0\um\DirectXMath.h(661,12):
      'DirectX::XMFLOAT3' 선언을 참조하십시오.
  
C:\Users\kkth3\OneDrive\문서\GitHub\250531\Client\Engine\public\Engine_Struct.h(162,13): warning C4251: 'Engine::tagVertex_Position_Texcoord::vTexcoord': 'DirectX::XMFLOAT2'에서는 'Engine::tagVertex_Position_Texcoord'의 클라이언트에서 DLL 인터페이스를 사용하도록 지정해야 함
  (소스 파일 '../private/Camera.cpp'을(를) 컴파일하는 중)
      C:\Program Files (x86)\Windows Kits\10\Include\10.0.28000.0\um\DirectXMath.h(584,12):
      'DirectX::XMFLOAT2' 선언을 참조하십시오.
  
C:\Users\kkth3\OneDrive\문서\GitHub\250531\Client\Engine\public\Engine_Struct.h(171,13): warning C4251: 'Engine::tagVertex_Position_Normal_Texcoord::vPosition': 'DirectX::XMFLOAT3'에서는 'Engine::tagVertex_Position_Normal_Texcoord'의 클라이언트에서 DLL 인터페이스를 사용하도록 지정해야 함
  (소스 파일 '../private/Camera.cpp'을(를) 컴파일하는 중)
      C:\Program Files (x86)\Windows Kits\10\Include\10.0.28000.0\um\DirectXMath.h(661,12):
      'DirectX::XMFLOAT3' 선언을 참조하십시오.
  
C:\Users\kkth3\OneDrive\문서\GitHub\250531\Client\Engine\public\Engine_Struct.h(172,13): warning C4251: 'Engine::tagVertex_Position_Normal_Texcoord::vNormal': 'DirectX::XMFLOAT3'에서는 'Engine::tagVertex_Position_Normal_Texcoord'의 클라이언트에서 DLL 인터페이스를 사용하도록 지정해야 함
  (소스 파일 '../private/Camera.cpp'을(를) 컴파일하는 중)
      C:\Program Files (x86)\Windows Kits\10\Include\10.0.28000.0\um\DirectXMath.h(661,12):
      'DirectX::XMFLOAT3' 선언을 참조하십시오.
  
C:\Users\kkth3\OneDrive\문서\GitHub\250531\Client\Engine\public\Engine_Struct.h(173,13): warning C4251: 'Engine::tagVertex_Position_Normal_Texcoord::vTexcoord': 'DirectX::XMFLOAT2'에서는 'Engine::tagVertex_Position_Normal_Texcoord'의 클라이언트에서 DLL 인터페이스를 사용하도록 지정해야 함
  (소스 파일 '../private/Camera.cpp'을(를) 컴파일하는 중)
      C:\Program Files (x86)\Windows Kits\10\Include\10.0.28000.0\um\DirectXMath.h(584,12):
      'DirectX::XMFLOAT2' 선언을 참조하십시오.
  
C:\Users\kkth3\OneDrive\문서\GitHub\250531\Client\Engine\public\Engine_Struct.h(182,13): warning C4251: 'Engine::tagVertex_Position_Cube_Texcoord::vPosition': 'DirectX::XMFLOAT3'에서는 'Engine::tagVertex_Position_Cube_Texcoord'의 클라이언트에서 DLL 인터페이스를 사용하도록 지정해야 함
  (소스 파일 '../private/Camera.cpp'을(를) 컴파일하는 중)
      C:\Program Files (x86)\Windows Kits\10\Include\10.0.28000.0\um\DirectXMath.h(661,12):
      'DirectX::XMFLOAT3' 선언을 참조하십시오.
  
C:\Users\kkth3\OneDrive\문서\GitHub\250531\Client\Engine\public\Engine_Struct.h(183,13): warning C4251: 'Engine::tagVertex_Position_Cube_Texcoord::vTexcoord': 'DirectX::XMFLOAT3'에서는 'Engine::tagVertex_Position_Cube_Texcoord'의 클라이언트에서 DLL 인터페이스를 사용하도록 지정해야 함
  (소스 파일 '../private/Camera.cpp'을(를) 컴파일하는 중)
      C:\Program Files (x86)\Windows Kits\10\Include\10.0.28000.0\um\DirectXMath.h(661,12):
      'DirectX::XMFLOAT3' 선언을 참조하십시오.
  
C:\Users\kkth3\OneDrive\문서\GitHub\250531\Client\Engine\public\Engine_Struct.h(192,13): warning C4251: 'Engine::tagVertex_Mesh::vPosition': 'DirectX::XMFLOAT3'에서는 'Engine::tagVertex_Mesh'의 클라이언트에서 DLL 인터페이스를 사용하도록 지정해야 함
  (소스 파일 '../private/Camera.cpp'을(를) 컴파일하는 중)
      C:\Program Files (x86)\Windows Kits\10\Include\10.0.28000.0\um\DirectXMath.h(661,12):
      'DirectX::XMFLOAT3' 선언을 참조하십시오.
  
C:\Users\kkth3\OneDrive\문서\GitHub\250531\Client\Engine\public\Engine_Struct.h(193,13): warning C4251: 'Engine::tagVertex_Mesh::vNormal': 'DirectX::XMFLOAT3'에서는 'Engine::tagVertex_Mesh'의 클라이언트에서 DLL 인터페이스를 사용하도록 지정해야 함
  (소스 파일 '../private/Camera.cpp'을(를) 컴파일하는 중)
      C:\Program Files (x86)\Windows Kits\10\Include\10.0.28000.0\um\DirectXMath.h(661,12):
      'DirectX::XMFLOAT3' 선언을 참조하십시오.
  
C:\Users\kkth3\OneDrive\문서\GitHub\250531\Client\Engine\public\Engine_Struct.h(194,13): warning C4251: 'Engine::tagVertex_Mesh::vTexcoord': 'DirectX::XMFLOAT2'에서는 'Engine::tagVertex_Mesh'의 클라이언트에서 DLL 인터페이스를 사용하도록 지정해야 함
  (소스 파일 '../private/Camera.cpp'을(를) 컴파일하는 중)
      C:\Program Files (x86)\Windows Kits\10\Include\10.0.28000.0\um\DirectXMath.h(584,12):
      'DirectX::XMFLOAT2' 선언을 참조하십시오.
  
C:\Users\kkth3\OneDrive\문서\GitHub\250531\Client\Engine\public\Engine_Struct.h(195,13): warning C4251: 'Engine::tagVertex_Mesh::vTangent': 'DirectX::XMFLOAT3'에서는 'Engine::tagVertex_Mesh'의 클라이언트에서 DLL 인터페이스를 사용하도록 지정해야 함
  (소스 파일 '../private/Camera.cpp'을(를) 컴파일하는 중)
      C:\Program Files (x86)\Windows Kits\10\Include\10.0.28000.0\um\DirectXMath.h(661,12):
      'DirectX::XMFLOAT3' 선언을 참조하십시오.
  
C:\Users\kkth3\OneDrive\문서\GitHub\250531\Client\Engine\public\Engine_Struct.h(204,13): warning C4251: 'Engine::tagVertex_Anim_Mesh::vPosition': 'DirectX::XMFLOAT3'에서는 'Engine::tagVertex_Anim_Mesh'의 클라이언트에서 DLL 인터페이스를 사용하도록 지정해야 함
  (소스 파일 '../private/Camera.cpp'을(를) 컴파일하는 중)
      C:\Program Files (x86)\Windows Kits\10\Include\10.0.28000.0\um\DirectXMath.h(661,12):
      'DirectX::XMFLOAT3' 선언을 참조하십시오.
  
C:\Users\kkth3\OneDrive\문서\GitHub\250531\Client\Engine\public\Engine_Struct.h(205,13): warning C4251: 'Engine::tagVertex_Anim_Mesh::vNormal': 'DirectX::XMFLOAT3'에서는 'Engine::tagVertex_Anim_Mesh'의 클라이언트에서 DLL 인터페이스를 사용하도록 지정해야 함
  (소스 파일 '../private/Camera.cpp'을(를) 컴파일하는 중)
      C:\Program Files (x86)\Windows Kits\10\Include\10.0.28000.0\um\DirectXMath.h(661,12):
      'DirectX::XMFLOAT3' 선언을 참조하십시오.
  
C:\Users\kkth3\OneDrive\문서\GitHub\250531\Client\Engine\public\Engine_Struct.h(206,13): warning C4251: 'Engine::tagVertex_Anim_Mesh::vTexcoord': 'DirectX::XMFLOAT2'에서는 'Engine::tagVertex_Anim_Mesh'의 클라이언트에서 DLL 인터페이스를 사용하도록 지정해야 함
  (소스 파일 '../private/Camera.cpp'을(를) 컴파일하는 중)
      C:\Program Files (x86)\Windows Kits\10\Include\10.0.28000.0\um\DirectXMath.h(584,12):
      'DirectX::XMFLOAT2' 선언을 참조하십시오.
  
C:\Users\kkth3\OneDrive\문서\GitHub\250531\Client\Engine\public\Engine_Struct.h(207,13): warning C4251: 'Engine::tagVertex_Anim_Mesh::vTangent': 'DirectX::XMFLOAT3'에서는 'Engine::tagVertex_Anim_Mesh'의 클라이언트에서 DLL 인터페이스를 사용하도록 지정해야 함
  (소스 파일 '../private/Camera.cpp'을(를) 컴파일하는 중)
      C:\Program Files (x86)\Windows Kits\10\Include\10.0.28000.0\um\DirectXMath.h(661,12):
      'DirectX::XMFLOAT3' 선언을 참조하십시오.
  
C:\Users\kkth3\OneDrive\문서\GitHub\250531\Client\Engine\public\Engine_Struct.h(209,13): warning C4251: 'Engine::tagVertex_Anim_Mesh::vBlendIndices': 'DirectX::XMUINT4'에서는 'Engine::tagVertex_Anim_Mesh'의 클라이언트에서 DLL 인터페이스를 사용하도록 지정해야 함
  (소스 파일 '../private/Camera.cpp'을(를) 컴파일하는 중)
      C:\Program Files (x86)\Windows Kits\10\Include\10.0.28000.0\um\DirectXMath.h(793,12):
      'DirectX::XMUINT4' 선언을 참조하십시오.
  
C:\Users\kkth3\OneDrive\문서\GitHub\250531\Client\Engine\public\Engine_Struct.h(210,13): warning C4251: 'Engine::tagVertex_Anim_Mesh::vBlendWeights': 'DirectX::XMFLOAT4'에서는 'Engine::tagVertex_Anim_Mesh'의 클라이언트에서 DLL 인터페이스를 사용하도록 지정해야 함
  (소스 파일 '../private/Camera.cpp'을(를) 컴파일하는 중)
      C:\Program Files (x86)\Windows Kits\10\Include\10.0.28000.0\um\DirectXMath.h(736,12):
      'DirectX::XMFLOAT4' 선언을 참조하십시오.
  
C:\Users\kkth3\OneDrive\문서\GitHub\250531\Client\Engine\public\Transform.h(106,13): warning C4251: 'Engine::CTransform::m_WorldMatrix': 'DirectX::XMFLOAT4X4'에서는 'Engine::CTransform'의 클라이언트에서 DLL 인터페이스를 사용하도록 지정해야 함
  (소스 파일 '../private/Camera.cpp'을(를) 컴파일하는 중)
      C:\Program Files (x86)\Windows Kits\10\Include\10.0.28000.0\um\DirectXMath.h(964,12):
      'DirectX::XMFLOAT4X4' 선언을 참조하십시오.
  
C:\Users\kkth3\OneDrive\문서\GitHub\250531\Client\Engine\public\GameObject.h(39,43): warning C4251: 'Engine::CGameObject::m_Components': 'std::unordered_map<std::string,Engine::CComponent *,std::hash<std::string>,std::equal_to<std::string>,std::allocator<std::pair<const std::string,Engine::CComponent *>>>'에서는 'Engine::CGameObject'의 클라이언트에서 DLL 인터페이스를 사용하도록 지정해야 함
  (소스 파일 '../private/Camera.cpp'을(를) 컴파일하는 중)
      C:\Program Files\Microsoft Visual Studio\2022\Community\VC\Tools\MSVC\14.44.35207\include\unordered_map(61,7):
      'std::unordered_map<std::string,Engine::CComponent *,std::hash<std::string>,std::equal_to<std::string>,std::allocator<std::pair<const std::string,Engine::CComponent *>>>' 선언을 참조하십시오.
  
C:\Users\kkth3\OneDrive\문서\GitHub\250531\Client\Engine\public\Renderer.h(34,25): warning C4251: 'Engine::CRenderer::m_vRenderObjects': 'std::vector<Engine::CRenderObject *,std::allocator<Engine::CRenderObject *>>'에서는 'Engine::CRenderer'의 클라이언트에서 DLL 인터페이스를 사용하도록 지정해야 함
  (소스 파일 '../private/Camera.cpp'을(를) 컴파일하는 중)
      C:\Program Files\Microsoft Visual Studio\2022\Community\VC\Tools\MSVC\14.44.35207\include\vector(442,7):
      'std::vector<Engine::CRenderObject *,std::allocator<Engine::CRenderObject *>>' 선언을 참조하십시오.
  
C:\Users\kkth3\OneDrive\문서\GitHub\250531\Client\Engine\public\VIBuffer_Geos.h(24,50): warning C4251: 'Engine::CVIBuffer_Geos::m_SubMeshInfos': 'std::unordered_map<Engine::CVIBuffer_Geos::BASIC_SUBMESHES,SubmeshGeometry,std::hash<Engine::CVIBuffer_Geos::BASIC_SUBMESHES>,std::equal_to<Engine::CVIBuffer_Geos::BASIC_SUBMESHES>,std::allocator<std::pair<const Engine::CVIBuffer_Geos::BASIC_SUBMESHES,SubmeshGeometry>>>'에서는 'Engine::CVIBuffer_Geos'의 클라이언트에서 DLL 인터페이스를 사용하도록 지정해야 함
  (소스 파일 '../private/Camera.cpp'을(를) 컴파일하는 중)
      C:\Program Files\Microsoft Visual Studio\2022\Community\VC\Tools\MSVC\14.44.35207\include\unordered_map(61,7):
      'std::unordered_map<Engine::CVIBuffer_Geos::BASIC_SUBMESHES,SubmeshGeometry,std::hash<Engine::CVIBuffer_Geos::BASIC_SUBMESHES>,std::equal_to<Engine::CVIBuffer_Geos::BASIC_SUBMESHES>,std::allocator<std::pair<const Engine::CVIBuffer_Geos::BASIC_SUBMESHES,SubmeshGeometry>>>' 선언을 참조하십시오.
  
C:\Users\kkth3\OneDrive\문서\GitHub\250531\Client\Engine\public\Model.h(62,16): warning C4251: 'Engine::CModel::m_PivotMatrix': 'DirectX::XMFLOAT4X4'에서는 'Engine::CModel'의 클라이언트에서 DLL 인터페이스를 사용하도록 지정해야 함
  (소스 파일 '../private/Camera.cpp'을(를) 컴파일하는 중)
      C:\Program Files (x86)\Windows Kits\10\Include\10.0.28000.0\um\DirectXMath.h(964,12):
      'DirectX::XMFLOAT4X4' 선언을 참조하십시오.
  
C:\Users\kkth3\OneDrive\문서\GitHub\250531\Client\Engine\public\Model.h(66,26): warning C4251: 'Engine::CModel::m_Meshes': 'std::vector<Engine::CMesh *,std::allocator<Engine::CMesh *>>'에서는 'Engine::CModel'의 클라이언트에서 DLL 인터페이스를 사용하도록 지정해야 함
  (소스 파일 '../private/Camera.cpp'을(를) 컴파일하는 중)
      C:\Program Files\Microsoft Visual Studio\2022\Community\VC\Tools\MSVC\14.44.35207\include\vector(442,7):
      'std::vector<Engine::CMesh *,std::allocator<Engine::CMesh *>>' 선언을 참조하십시오.
  
C:\Users\kkth3\OneDrive\문서\GitHub\250531\Client\Engine\public\Model.h(68,26): warning C4251: 'Engine::CModel::m_Bones': 'std::vector<Engine::CBone *,std::allocator<Engine::CBone *>>'에서는 'Engine::CModel'의 클라이언트에서 DLL 인터페이스를 사용하도록 지정해야 함
  (소스 파일 '../private/Camera.cpp'을(를) 컴파일하는 중)
      C:\Program Files\Microsoft Visual Studio\2022\Community\VC\Tools\MSVC\14.44.35207\include\vector(442,7):
      'std::vector<Engine::CBone *,std::allocator<Engine::CBone *>>' 선언을 참조하십시오.
  
C:\Users\kkth3\OneDrive\문서\GitHub\250531\Client\Engine\public\VIBuffer_Terrain.h(72,41): warning C4251: 'Engine::CVIBuffer_Terrain::m_pHeightMap': 'std::shared_ptr<std::vector<float,std::allocator<float>>>'에서는 'Engine::CVIBuffer_Terrain'의 클라이언트에서 DLL 인터페이스를 사용하도록 지정해야 함
  (소스 파일 '../private/Camera.cpp'을(를) 컴파일하는 중)
      C:\Program Files\Microsoft Visual Studio\2022\Community\VC\Tools\MSVC\14.44.35207\include\memory(1565,7):
      'std::shared_ptr<std::vector<float,std::allocator<float>>>' 선언을 참조하십시오.
  
C:\Users\kkth3\OneDrive\문서\GitHub\250531\Client\Engine\public\VIBuffer_Terrain.h(74,33): warning C4251: 'Engine::CVIBuffer_Terrain::m_Chunks': 'std::vector<Engine::CVIBuffer_Terrain::TERRAINCHUNK,std::allocator<Engine::CVIBuffer_Terrain::TERRAINCHUNK>>'에서는 'Engine::CVIBuffer_Terrain'의 클라이언트에서 DLL 인터페이스를 사용하도록 지정해야 함
  (소스 파일 '../private/Camera.cpp'을(를) 컴파일하는 중)
      C:\Program Files\Microsoft Visual Studio\2022\Community\VC\Tools\MSVC\14.44.35207\include\vector(442,7):
      'std::vector<Engine::CVIBuffer_Terrain::TERRAINCHUNK,std::allocator<Engine::CVIBuffer_Terrain::TERRAINCHUNK>>' 선언을 참조하십시오.
  
C:\Users\kkth3\OneDrive\문서\GitHub\250531\Client\Engine\public\VIBuffer_Terrain.h(87,33): warning C4251: 'Engine::CVIBuffer_Terrain::m_ChunkLODs': 'std::vector<GeometryGenerator::uint32,std::allocator<GeometryGenerator::uint32>>'에서는 'Engine::CVIBuffer_Terrain'의 클라이언트에서 DLL 인터페이스를 사용하도록 지정해야 함
  (소스 파일 '../private/Camera.cpp'을(를) 컴파일하는 중)
      C:\Program Files\Microsoft Visual Studio\2022\Community\VC\Tools\MSVC\14.44.35207\include\vector(442,7):
      'std::vector<GeometryGenerator::uint32,std::allocator<GeometryGenerator::uint32>>' 선언을 참조하십시오.
  
C:\Users\kkth3\OneDrive\문서\GitHub\250531\Client\Engine\public\VIBuffer_Terrain.h(89,33): warning C4251: 'Engine::CVIBuffer_Terrain::m_FrustumPlanes': 'DirectX::XMFLOAT4'에서는 'Engine::CVIBuffer_Terrain'의 클라이언트에서 DLL 인터페이스를 사용하도록 지정해야 함
  (소스 파일 '../private/Camera.cpp'을(를) 컴파일하는 중)
      C:\Program Files (x86)\Windows Kits\10\Include\10.0.28000.0\um\DirectXMath.h(736,12):
      'DirectX::XMFLOAT4' 선언을 참조하십시오.
  
C:\Users\kkth3\OneDrive\문서\GitHub\250531\Client\Engine\public\CBBinding.h(26,54): warning C4244: '=': 'Engine::_uint'에서 'float'(으)로 변환하면서 데이터가 손실될 수 있습니다.
  (소스 파일 '../private/Camera.cpp'을(를) 컴파일하는 중)
  
C:\Users\kkth3\OneDrive\문서\GitHub\250531\Client\Engine\public\MeshModel.h(33,35): warning C4251: 'Engine::CMeshModel::m_Meshes': 'std::vector<Engine::CVIBuffer_Mesh *,std::allocator<Engine::CVIBuffer_Mesh *>>'에서는 'Engine::CMeshModel'의 클라이언트에서 DLL 인터페이스를 사용하도록 지정해야 함
  (소스 파일 '../private/Camera.cpp'을(를) 컴파일하는 중)
      C:\Program Files\Microsoft Visual Studio\2022\Community\VC\Tools\MSVC\14.44.35207\include\vector(442,7):
      'std::vector<Engine::CVIBuffer_Mesh *,std::allocator<Engine::CVIBuffer_Mesh *>>' 선언을 참조하십시오.
  
C:\Users\kkth3\OneDrive\문서\GitHub\250531\Client\Engine\public\RootSignatureMgr.h(29,54): warning C4251: 'Engine::CRootSignatureMgr::mRootSignatures': 'std::unordered_map<std::string,Engine::CRootSignature *,std::hash<std::string>,std::equal_to<std::string>,std::allocator<std::pair<const std::string,Engine::CRootSignature *>>>'에서는 'Engine::CRootSignatureMgr'의 클라이언트에서 DLL 인터페이스를 사용하도록 지정해야 함
  (소스 파일 '../private/Camera.cpp'을(를) 컴파일하는 중)
      C:\Program Files\Microsoft Visual Studio\2022\Community\VC\Tools\MSVC\14.44.35207\include\unordered_map(61,7):
      'std::unordered_map<std::string,Engine::CRootSignature *,std::hash<std::string>,std::equal_to<std::string>,std::allocator<std::pair<const std::string,Engine::CRootSignature *>>>' 선언을 참조하십시오.
  
C:\Users\kkth3\OneDrive\문서\GitHub\250531\Client\Engine\public\ObjectMgr.h(53,34): warning C4251: 'Engine::CObjectMgr::m_Layers': 'std::unordered_map<std::string,Engine::CObjectMgr::Layer,std::hash<std::string>,std::equal_to<std::string>,std::allocator<std::pair<const std::string,Engine::CObjectMgr::Layer>>>'에서는 'Engine::CObjectMgr'의 클라이언트에서 DLL 인터페이스를 사용하도록 지정해야 함
  (소스 파일 '../private/Camera.cpp'을(를) 컴파일하는 중)
      C:\Program Files\Microsoft Visual Studio\2022\Community\VC\Tools\MSVC\14.44.35207\include\unordered_map(61,7):
      'std::unordered_map<std::string,Engine::CObjectMgr::Layer,std::hash<std::string>,std::equal_to<std::string>,std::allocator<std::pair<const std::string,Engine::CObjectMgr::Layer>>>' 선언을 참조하십시오.
  
C:\Users\kkth3\OneDrive\문서\GitHub\250531\Client\Engine\public\ObjectMgr.h(54,41): warning C4251: 'Engine::CObjectMgr::m_Prototypes': 'std::unordered_map<std::string,Engine::CGameObject *,std::hash<std::string>,std::equal_to<std::string>,std::allocator<std::pair<const std::string,Engine::CGameObject *>>>'에서는 'Engine::CObjectMgr'의 클라이언트에서 DLL 인터페이스를 사용하도록 지정해야 함
  (소스 파일 '../private/Camera.cpp'을(를) 컴파일하는 중)
      C:\Program Files\Microsoft Visual Studio\2022\Community\VC\Tools\MSVC\14.44.35207\include\unordered_map(61,7):
      'std::unordered_map<std::string,Engine::CGameObject *,std::hash<std::string>,std::equal_to<std::string>,std::allocator<std::pair<const std::string,Engine::CGameObject *>>>' 선언을 참조하십시오.
  
C:\Users\kkth3\OneDrive\문서\GitHub\250531\Client\Engine\public\TextureMgr.h(74,32): warning C4251: 'Engine::CTextureMgr::hDescriptor': 'CD3DX12_CPU_DESCRIPTOR_HANDLE'에서는 'Engine::CTextureMgr'의 클라이언트에서 DLL 인터페이스를 사용하도록 지정해야 함
  (소스 파일 '../private/Camera.cpp'을(를) 컴파일하는 중)
      C:\Users\kkth3\OneDrive\문서\GitHub\250531\Client\Engine\public\d3dx12.h(1471,8):
      'CD3DX12_CPU_DESCRIPTOR_HANDLE' 선언을 참조하십시오.
  
C:\Users\kkth3\OneDrive\문서\GitHub\250531\Client\Engine\public\TextureMgr.h(78,34): warning C4251: 'Engine::CTextureMgr::m_Textures': 'std::vector<std::pair<std::string,Engine::CTexture *>,std::allocator<std::pair<std::string,Engine::CTexture *>>>'에서는 'Engine::CTextureMgr'의 클라이언트에서 DLL 인터페이스를 사용하도록 지정해야 함
  (소스 파일 '../private/Camera.cpp'을(를) 컴파일하는 중)
      C:\Program Files\Microsoft Visual Studio\2022\Community\VC\Tools\MSVC\14.44.35207\include\vector(442,7):
      'std::vector<std::pair<std::string,Engine::CTexture *>,std::allocator<std::pair<std::string,Engine::CTexture *>>>' 선언을 참조하십시오.
  
C:\Users\kkth3\OneDrive\문서\GitHub\250531\Client\Engine\public\GameInstance.h(143,12): warning C4251: 'Engine::CGameInstance::m_CameraViewProj': 'DirectX::XMFLOAT4X4'에서는 'Engine::CGameInstance'의 클라이언트에서 DLL 인터페이스를 사용하도록 지정해야 함
  (소스 파일 '../private/Camera.cpp'을(를) 컴파일하는 중)
      C:\Program Files (x86)\Windows Kits\10\Include\10.0.28000.0\um\DirectXMath.h(964,12):
      'DirectX::XMFLOAT4X4' 선언을 참조하십시오.
  
C:\Users\kkth3\OneDrive\문서\GitHub\250531\Client\Engine\public\GameInstance.h(144,12): warning C4251: 'Engine::CGameInstance::m_ShadowViewProj': 'DirectX::XMFLOAT4X4'에서는 'Engine::CGameInstance'의 클라이언트에서 DLL 인터페이스를 사용하도록 지정해야 함
  (소스 파일 '../private/Camera.cpp'을(를) 컴파일하는 중)
      C:\Program Files (x86)\Windows Kits\10\Include\10.0.28000.0\um\DirectXMath.h(964,12):
      'DirectX::XMFLOAT4X4' 선언을 참조하십시오.
  
C:\Users\kkth3\OneDrive\문서\GitHub\250531\Client\Engine\public\GameInstance.h(145,11): warning C4251: 'Engine::CGameInstance::m_CameraEye': 'DirectX::XMFLOAT3'에서는 'Engine::CGameInstance'의 클라이언트에서 DLL 인터페이스를 사용하도록 지정해야 함
  (소스 파일 '../private/Camera.cpp'을(를) 컴파일하는 중)
      C:\Program Files (x86)\Windows Kits\10\Include\10.0.28000.0\um\DirectXMath.h(661,12):
      'DirectX::XMFLOAT3' 선언을 참조하십시오.
  
C:\Users\kkth3\OneDrive\문서\GitHub\250531\Client\Engine\private\Camera.cpp(62,3): warning C4305: '인수': 'double'에서 'float'(으)로 잘립니다.
  CBBinding.cpp
C:\Users\kkth3\OneDrive\문서\GitHub\250531\Client\Engine\public\Engine_Struct.h(21,14): warning C4251: 'Engine::ObjectConstants::World': 'DirectX::XMFLOAT4X4'에서는 'Engine::ObjectConstants'의 클라이언트에서 DLL 인터페이스를 사용하도록 지정해야 함
  (소스 파일 '../private/CBBinding.cpp'을(를) 컴파일하는 중)
      C:\Program Files (x86)\Windows Kits\10\Include\10.0.28000.0\um\DirectXMath.h(964,12):
      'DirectX::XMFLOAT4X4' 선언을 참조하십시오.
  
C:\Users\kkth3\OneDrive\문서\GitHub\250531\Client\Engine\public\Engine_Struct.h(22,14): warning C4251: 'Engine::ObjectConstants::TexTransform': 'DirectX::XMFLOAT4X4'에서는 'Engine::ObjectConstants'의 클라이언트에서 DLL 인터페이스를 사용하도록 지정해야 함
  (소스 파일 '../private/CBBinding.cpp'을(를) 컴파일하는 중)
      C:\Program Files (x86)\Windows Kits\10\Include\10.0.28000.0\um\DirectXMath.h(964,12):
      'DirectX::XMFLOAT4X4' 선언을 참조하십시오.
  
C:\Users\kkth3\OneDrive\문서\GitHub\250531\Client\Engine\public\Engine_Struct.h(31,21): warning C4251: 'Engine::Light::Strength': 'DirectX::XMFLOAT3'에서는 'Engine::Light'의 클라이언트에서 DLL 인터페이스를 사용하도록 지정해야 함
  (소스 파일 '../private/CBBinding.cpp'을(를) 컴파일하는 중)
      C:\Program Files (x86)\Windows Kits\10\Include\10.0.28000.0\um\DirectXMath.h(661,12):
      'DirectX::XMFLOAT3' 선언을 참조하십시오.
  
C:\Users\kkth3\OneDrive\문서\GitHub\250531\Client\Engine\public\Engine_Struct.h(33,21): warning C4251: 'Engine::Light::Direction': 'DirectX::XMFLOAT3'에서는 'Engine::Light'의 클라이언트에서 DLL 인터페이스를 사용하도록 지정해야 함
  (소스 파일 '../private/CBBinding.cpp'을(를) 컴파일하는 중)
      C:\Program Files (x86)\Windows Kits\10\Include\10.0.28000.0\um\DirectXMath.h(661,12):
      'DirectX::XMFLOAT3' 선언을 참조하십시오.
  
C:\Users\kkth3\OneDrive\문서\GitHub\250531\Client\Engine\public\Engine_Struct.h(35,21): warning C4251: 'Engine::Light::Position': 'DirectX::XMFLOAT3'에서는 'Engine::Light'의 클라이언트에서 DLL 인터페이스를 사용하도록 지정해야 함
  (소스 파일 '../private/CBBinding.cpp'을(를) 컴파일하는 중)
      C:\Program Files (x86)\Windows Kits\10\Include\10.0.28000.0\um\DirectXMath.h(661,12):
      'DirectX::XMFLOAT3' 선언을 참조하십시오.
  
C:\Users\kkth3\OneDrive\문서\GitHub\250531\Client\Engine\public\Engine_Struct.h(41,23): warning C4251: 'Engine::PassConstants::View': 'DirectX::XMFLOAT4X4'에서는 'Engine::PassConstants'의 클라이언트에서 DLL 인터페이스를 사용하도록 지정해야 함
  (소스 파일 '../private/CBBinding.cpp'을(를) 컴파일하는 중)
      C:\Program Files (x86)\Windows Kits\10\Include\10.0.28000.0\um\DirectXMath.h(964,12):
      'DirectX::XMFLOAT4X4' 선언을 참조하십시오.
  
C:\Users\kkth3\OneDrive\문서\GitHub\250531\Client\Engine\public\Engine_Struct.h(42,23): warning C4251: 'Engine::PassConstants::InvView': 'DirectX::XMFLOAT4X4'에서는 'Engine::PassConstants'의 클라이언트에서 DLL 인터페이스를 사용하도록 지정해야 함
  (소스 파일 '../private/CBBinding.cpp'을(를) 컴파일하는 중)
      C:\Program Files (x86)\Windows Kits\10\Include\10.0.28000.0\um\DirectXMath.h(964,12):
      'DirectX::XMFLOAT4X4' 선언을 참조하십시오.
  
C:\Users\kkth3\OneDrive\문서\GitHub\250531\Client\Engine\public\Engine_Struct.h(43,23): warning C4251: 'Engine::PassConstants::Proj': 'DirectX::XMFLOAT4X4'에서는 'Engine::PassConstants'의 클라이언트에서 DLL 인터페이스를 사용하도록 지정해야 함
  (소스 파일 '../private/CBBinding.cpp'을(를) 컴파일하는 중)
      C:\Program Files (x86)\Windows Kits\10\Include\10.0.28000.0\um\DirectXMath.h(964,12):
      'DirectX::XMFLOAT4X4' 선언을 참조하십시오.
  
C:\Users\kkth3\OneDrive\문서\GitHub\250531\Client\Engine\public\Engine_Struct.h(44,23): warning C4251: 'Engine::PassConstants::InvProj': 'DirectX::XMFLOAT4X4'에서는 'Engine::PassConstants'의 클라이언트에서 DLL 인터페이스를 사용하도록 지정해야 함
  (소스 파일 '../private/CBBinding.cpp'을(를) 컴파일하는 중)
      C:\Program Files (x86)\Windows Kits\10\Include\10.0.28000.0\um\DirectXMath.h(964,12):
      'DirectX::XMFLOAT4X4' 선언을 참조하십시오.
  
C:\Users\kkth3\OneDrive\문서\GitHub\250531\Client\Engine\public\Engine_Struct.h(45,23): warning C4251: 'Engine::PassConstants::ViewProj': 'DirectX::XMFLOAT4X4'에서는 'Engine::PassConstants'의 클라이언트에서 DLL 인터페이스를 사용하도록 지정해야 함
  (소스 파일 '../private/CBBinding.cpp'을(를) 컴파일하는 중)
      C:\Program Files (x86)\Windows Kits\10\Include\10.0.28000.0\um\DirectXMath.h(964,12):
      'DirectX::XMFLOAT4X4' 선언을 참조하십시오.
  
C:\Users\kkth3\OneDrive\문서\GitHub\250531\Client\Engine\public\Engine_Struct.h(46,23): warning C4251: 'Engine::PassConstants::InvViewProj': 'DirectX::XMFLOAT4X4'에서는 'Engine::PassConstants'의 클라이언트에서 DLL 인터페이스를 사용하도록 지정해야 함
  (소스 파일 '../private/CBBinding.cpp'을(를) 컴파일하는 중)
      C:\Program Files (x86)\Windows Kits\10\Include\10.0.28000.0\um\DirectXMath.h(964,12):
      'DirectX::XMFLOAT4X4' 선언을 참조하십시오.
  
C:\Users\kkth3\OneDrive\문서\GitHub\250531\Client\Engine\public\Engine_Struct.h(47,23): warning C4251: 'Engine::PassConstants::ShadowTransform': 'DirectX::XMFLOAT4X4'에서는 'Engine::PassConstants'의 클라이언트에서 DLL 인터페이스를 사용하도록 지정해야 함
  (소스 파일 '../private/CBBinding.cpp'을(를) 컴파일하는 중)
      C:\Program Files (x86)\Windows Kits\10\Include\10.0.28000.0\um\DirectXMath.h(964,12):
      'DirectX::XMFLOAT4X4' 선언을 참조하십시오.
  
C:\Users\kkth3\OneDrive\문서\GitHub\250531\Client\Engine\public\Engine_Struct.h(48,21): warning C4251: 'Engine::PassConstants::EyePosW': 'DirectX::XMFLOAT3'에서는 'Engine::PassConstants'의 클라이언트에서 DLL 인터페이스를 사용하도록 지정해야 함
  (소스 파일 '../private/CBBinding.cpp'을(를) 컴파일하는 중)
      C:\Program Files (x86)\Windows Kits\10\Include\10.0.28000.0\um\DirectXMath.h(661,12):
      'DirectX::XMFLOAT3' 선언을 참조하십시오.
  
C:\Users\kkth3\OneDrive\문서\GitHub\250531\Client\Engine\public\Engine_Struct.h(50,21): warning C4251: 'Engine::PassConstants::RenderTargetSize': 'DirectX::XMFLOAT2'에서는 'Engine::PassConstants'의 클라이언트에서 DLL 인터페이스를 사용하도록 지정해야 함
  (소스 파일 '../private/CBBinding.cpp'을(를) 컴파일하는 중)
      C:\Program Files (x86)\Windows Kits\10\Include\10.0.28000.0\um\DirectXMath.h(584,12):
      'DirectX::XMFLOAT2' 선언을 참조하십시오.
  
C:\Users\kkth3\OneDrive\문서\GitHub\250531\Client\Engine\public\Engine_Struct.h(51,21): warning C4251: 'Engine::PassConstants::InvRenderTargetSize': 'DirectX::XMFLOAT2'에서는 'Engine::PassConstants'의 클라이언트에서 DLL 인터페이스를 사용하도록 지정해야 함
  (소스 파일 '../private/CBBinding.cpp'을(를) 컴파일하는 중)
      C:\Program Files (x86)\Windows Kits\10\Include\10.0.28000.0\um\DirectXMath.h(584,12):
      'DirectX::XMFLOAT2' 선언을 참조하십시오.
  
C:\Users\kkth3\OneDrive\문서\GitHub\250531\Client\Engine\public\Engine_Struct.h(57,21): warning C4251: 'Engine::PassConstants::AmbientLight': 'DirectX::XMFLOAT4'에서는 'Engine::PassConstants'의 클라이언트에서 DLL 인터페이스를 사용하도록 지정해야 함
  (소스 파일 '../private/CBBinding.cpp'을(를) 컴파일하는 중)
      C:\Program Files (x86)\Windows Kits\10\Include\10.0.28000.0\um\DirectXMath.h(736,12):
      'DirectX::XMFLOAT4' 선언을 참조하십시오.
  
C:\Users\kkth3\OneDrive\문서\GitHub\250531\Client\Engine\public\Engine_Struct.h(86,21): warning C4251: 'Engine::MaterialConstants::DiffuseAlbedo': 'DirectX::XMFLOAT4'에서는 'Engine::MaterialConstants'의 클라이언트에서 DLL 인터페이스를 사용하도록 지정해야 함
  (소스 파일 '../private/CBBinding.cpp'을(를) 컴파일하는 중)
      C:\Program Files (x86)\Windows Kits\10\Include\10.0.28000.0\um\DirectXMath.h(736,12):
      'DirectX::XMFLOAT4' 선언을 참조하십시오.
  
C:\Users\kkth3\OneDrive\문서\GitHub\250531\Client\Engine\public\Engine_Struct.h(87,21): warning C4251: 'Engine::MaterialConstants::FresnelR0': 'DirectX::XMFLOAT3'에서는 'Engine::MaterialConstants'의 클라이언트에서 DLL 인터페이스를 사용하도록 지정해야 함
  (소스 파일 '../private/CBBinding.cpp'을(를) 컴파일하는 중)
      C:\Program Files (x86)\Windows Kits\10\Include\10.0.28000.0\um\DirectXMath.h(661,12):
      'DirectX::XMFLOAT3' 선언을 참조하십시오.
  
C:\Users\kkth3\OneDrive\문서\GitHub\250531\Client\Engine\public\Engine_Struct.h(89,23): warning C4251: 'Engine::MaterialConstants::MatTransform': 'DirectX::XMFLOAT4X4'에서는 'Engine::MaterialConstants'의 클라이언트에서 DLL 인터페이스를 사용하도록 지정해야 함
  (소스 파일 '../private/CBBinding.cpp'을(를) 컴파일하는 중)
      C:\Program Files (x86)\Windows Kits\10\Include\10.0.28000.0\um\DirectXMath.h(964,12):
      'DirectX::XMFLOAT4X4' 선언을 참조하십시오.
  
C:\Users\kkth3\OneDrive\문서\GitHub\250531\Client\Engine\public\Engine_Struct.h(94,21): warning C4251: 'Engine::MaterialData::DiffuseAlbedo': 'DirectX::XMFLOAT4'에서는 'Engine::MaterialData'의 클라이언트에서 DLL 인터페이스를 사용하도록 지정해야 함
  (소스 파일 '../private/CBBinding.cpp'을(를) 컴파일하는 중)
      C:\Program Files (x86)\Windows Kits\10\Include\10.0.28000.0\um\DirectXMath.h(736,12):
      'DirectX::XMFLOAT4' 선언을 참조하십시오.
  
C:\Users\kkth3\OneDrive\문서\GitHub\250531\Client\Engine\public\Engine_Struct.h(95,21): warning C4251: 'Engine::MaterialData::FresnelR0': 'DirectX::XMFLOAT3'에서는 'Engine::MaterialData'의 클라이언트에서 DLL 인터페이스를 사용하도록 지정해야 함
  (소스 파일 '../private/CBBinding.cpp'을(를) 컴파일하는 중)
      C:\Program Files (x86)\Windows Kits\10\Include\10.0.28000.0\um\DirectXMath.h(661,12):
      'DirectX::XMFLOAT3' 선언을 참조하십시오.
  
C:\Users\kkth3\OneDrive\문서\GitHub\250531\Client\Engine\public\Engine_Struct.h(99,23): warning C4251: 'Engine::MaterialData::MatTransform': 'DirectX::XMFLOAT4X4'에서는 'Engine::MaterialData'의 클라이언트에서 DLL 인터페이스를 사용하도록 지정해야 함
  (소스 파일 '../private/CBBinding.cpp'을(를) 컴파일하는 중)
      C:\Program Files (x86)\Windows Kits\10\Include\10.0.28000.0\um\DirectXMath.h(964,12):
      'DirectX::XMFLOAT4X4' 선언을 참조하십시오.
  
C:\Users\kkth3\OneDrive\문서\GitHub\250531\Client\Engine\public\Engine_Struct.h(113,14): warning C4251: 'Engine::InstanceData::World': 'DirectX::XMFLOAT4X4'에서는 'Engine::InstanceData'의 클라이언트에서 DLL 인터페이스를 사용하도록 지정해야 함
  (소스 파일 '../private/CBBinding.cpp'을(를) 컴파일하는 중)
      C:\Program Files (x86)\Windows Kits\10\Include\10.0.28000.0\um\DirectXMath.h(964,12):
      'DirectX::XMFLOAT4X4' 선언을 참조하십시오.
  
C:\Users\kkth3\OneDrive\문서\GitHub\250531\Client\Engine\public\Engine_Struct.h(142,13): warning C4251: 'Engine::tagVertex_Position::vPosition': 'DirectX::XMFLOAT3'에서는 'Engine::tagVertex_Position'의 클라이언트에서 DLL 인터페이스를 사용하도록 지정해야 함
  (소스 파일 '../private/CBBinding.cpp'을(를) 컴파일하는 중)
      C:\Program Files (x86)\Windows Kits\10\Include\10.0.28000.0\um\DirectXMath.h(661,12):
      'DirectX::XMFLOAT3' 선언을 참조하십시오.
  
C:\Users\kkth3\OneDrive\문서\GitHub\250531\Client\Engine\public\Engine_Struct.h(151,13): warning C4251: 'Engine::tagVertex_Position_Normal::vPosition': 'DirectX::XMFLOAT3'에서는 'Engine::tagVertex_Position_Normal'의 클라이언트에서 DLL 인터페이스를 사용하도록 지정해야 함
  (소스 파일 '../private/CBBinding.cpp'을(를) 컴파일하는 중)
      C:\Program Files (x86)\Windows Kits\10\Include\10.0.28000.0\um\DirectXMath.h(661,12):
      'DirectX::XMFLOAT3' 선언을 참조하십시오.
  
C:\Users\kkth3\OneDrive\문서\GitHub\250531\Client\Engine\public\Engine_Struct.h(152,13): warning C4251: 'Engine::tagVertex_Position_Normal::vNormal': 'DirectX::XMFLOAT3'에서는 'Engine::tagVertex_Position_Normal'의 클라이언트에서 DLL 인터페이스를 사용하도록 지정해야 함
  (소스 파일 '../private/CBBinding.cpp'을(를) 컴파일하는 중)
      C:\Program Files (x86)\Windows Kits\10\Include\10.0.28000.0\um\DirectXMath.h(661,12):
      'DirectX::XMFLOAT3' 선언을 참조하십시오.
  
C:\Users\kkth3\OneDrive\문서\GitHub\250531\Client\Engine\public\Engine_Struct.h(161,13): warning C4251: 'Engine::tagVertex_Position_Texcoord::vPosition': 'DirectX::XMFLOAT3'에서는 'Engine::tagVertex_Position_Texcoord'의 클라이언트에서 DLL 인터페이스를 사용하도록 지정해야 함
  (소스 파일 '../private/CBBinding.cpp'을(를) 컴파일하는 중)
      C:\Program Files (x86)\Windows Kits\10\Include\10.0.28000.0\um\DirectXMath.h(661,12):
      'DirectX::XMFLOAT3' 선언을 참조하십시오.
  
C:\Users\kkth3\OneDrive\문서\GitHub\250531\Client\Engine\public\Engine_Struct.h(162,13): warning C4251: 'Engine::tagVertex_Position_Texcoord::vTexcoord': 'DirectX::XMFLOAT2'에서는 'Engine::tagVertex_Position_Texcoord'의 클라이언트에서 DLL 인터페이스를 사용하도록 지정해야 함
  (소스 파일 '../private/CBBinding.cpp'을(를) 컴파일하는 중)
      C:\Program Files (x86)\Windows Kits\10\Include\10.0.28000.0\um\DirectXMath.h(584,12):
      'DirectX::XMFLOAT2' 선언을 참조하십시오.
  
C:\Users\kkth3\OneDrive\문서\GitHub\250531\Client\Engine\public\Engine_Struct.h(171,13): warning C4251: 'Engine::tagVertex_Position_Normal_Texcoord::vPosition': 'DirectX::XMFLOAT3'에서는 'Engine::tagVertex_Position_Normal_Texcoord'의 클라이언트에서 DLL 인터페이스를 사용하도록 지정해야 함
  (소스 파일 '../private/CBBinding.cpp'을(를) 컴파일하는 중)
      C:\Program Files (x86)\Windows Kits\10\Include\10.0.28000.0\um\DirectXMath.h(661,12):
      'DirectX::XMFLOAT3' 선언을 참조하십시오.
  
C:\Users\kkth3\OneDrive\문서\GitHub\250531\Client\Engine\public\Engine_Struct.h(172,13): warning C4251: 'Engine::tagVertex_Position_Normal_Texcoord::vNormal': 'DirectX::XMFLOAT3'에서는 'Engine::tagVertex_Position_Normal_Texcoord'의 클라이언트에서 DLL 인터페이스를 사용하도록 지정해야 함
  (소스 파일 '../private/CBBinding.cpp'을(를) 컴파일하는 중)
      C:\Program Files (x86)\Windows Kits\10\Include\10.0.28000.0\um\DirectXMath.h(661,12):
      'DirectX::XMFLOAT3' 선언을 참조하십시오.
  
C:\Users\kkth3\OneDrive\문서\GitHub\250531\Client\Engine\public\Engine_Struct.h(173,13): warning C4251: 'Engine::tagVertex_Position_Normal_Texcoord::vTexcoord': 'DirectX::XMFLOAT2'에서는 'Engine::tagVertex_Position_Normal_Texcoord'의 클라이언트에서 DLL 인터페이스를 사용하도록 지정해야 함
  (소스 파일 '../private/CBBinding.cpp'을(를) 컴파일하는 중)
      C:\Program Files (x86)\Windows Kits\10\Include\10.0.28000.0\um\DirectXMath.h(584,12):
      'DirectX::XMFLOAT2' 선언을 참조하십시오.
  
C:\Users\kkth3\OneDrive\문서\GitHub\250531\Client\Engine\public\Engine_Struct.h(182,13): warning C4251: 'Engine::tagVertex_Position_Cube_Texcoord::vPosition': 'DirectX::XMFLOAT3'에서는 'Engine::tagVertex_Position_Cube_Texcoord'의 클라이언트에서 DLL 인터페이스를 사용하도록 지정해야 함
  (소스 파일 '../private/CBBinding.cpp'을(를) 컴파일하는 중)
      C:\Program Files (x86)\Windows Kits\10\Include\10.0.28000.0\um\DirectXMath.h(661,12):
      'DirectX::XMFLOAT3' 선언을 참조하십시오.
  
C:\Users\kkth3\OneDrive\문서\GitHub\250531\Client\Engine\public\Engine_Struct.h(183,13): warning C4251: 'Engine::tagVertex_Position_Cube_Texcoord::vTexcoord': 'DirectX::XMFLOAT3'에서는 'Engine::tagVertex_Position_Cube_Texcoord'의 클라이언트에서 DLL 인터페이스를 사용하도록 지정해야 함
  (소스 파일 '../private/CBBinding.cpp'을(를) 컴파일하는 중)
      C:\Program Files (x86)\Windows Kits\10\Include\10.0.28000.0\um\DirectXMath.h(661,12):
      'DirectX::XMFLOAT3' 선언을 참조하십시오.
  
C:\Users\kkth3\OneDrive\문서\GitHub\250531\Client\Engine\public\Engine_Struct.h(192,13): warning C4251: 'Engine::tagVertex_Mesh::vPosition': 'DirectX::XMFLOAT3'에서는 'Engine::tagVertex_Mesh'의 클라이언트에서 DLL 인터페이스를 사용하도록 지정해야 함
  (소스 파일 '../private/CBBinding.cpp'을(를) 컴파일하는 중)
      C:\Program Files (x86)\Windows Kits\10\Include\10.0.28000.0\um\DirectXMath.h(661,12):
      'DirectX::XMFLOAT3' 선언을 참조하십시오.
  
C:\Users\kkth3\OneDrive\문서\GitHub\250531\Client\Engine\public\Engine_Struct.h(193,13): warning C4251: 'Engine::tagVertex_Mesh::vNormal': 'DirectX::XMFLOAT3'에서는 'Engine::tagVertex_Mesh'의 클라이언트에서 DLL 인터페이스를 사용하도록 지정해야 함
  (소스 파일 '../private/CBBinding.cpp'을(를) 컴파일하는 중)
      C:\Program Files (x86)\Windows Kits\10\Include\10.0.28000.0\um\DirectXMath.h(661,12):
      'DirectX::XMFLOAT3' 선언을 참조하십시오.
  
C:\Users\kkth3\OneDrive\문서\GitHub\250531\Client\Engine\public\Engine_Struct.h(194,13): warning C4251: 'Engine::tagVertex_Mesh::vTexcoord': 'DirectX::XMFLOAT2'에서는 'Engine::tagVertex_Mesh'의 클라이언트에서 DLL 인터페이스를 사용하도록 지정해야 함
  (소스 파일 '../private/CBBinding.cpp'을(를) 컴파일하는 중)
      C:\Program Files (x86)\Windows Kits\10\Include\10.0.28000.0\um\DirectXMath.h(584,12):
      'DirectX::XMFLOAT2' 선언을 참조하십시오.
  
C:\Users\kkth3\OneDrive\문서\GitHub\250531\Client\Engine\public\Engine_Struct.h(195,13): warning C4251: 'Engine::tagVertex_Mesh::vTangent': 'DirectX::XMFLOAT3'에서는 'Engine::tagVertex_Mesh'의 클라이언트에서 DLL 인터페이스를 사용하도록 지정해야 함
  (소스 파일 '../private/CBBinding.cpp'을(를) 컴파일하는 중)
      C:\Program Files (x86)\Windows Kits\10\Include\10.0.28000.0\um\DirectXMath.h(661,12):
      'DirectX::XMFLOAT3' 선언을 참조하십시오.
  
C:\Users\kkth3\OneDrive\문서\GitHub\250531\Client\Engine\public\Engine_Struct.h(204,13): warning C4251: 'Engine::tagVertex_Anim_Mesh::vPosition': 'DirectX::XMFLOAT3'에서는 'Engine::tagVertex_Anim_Mesh'의 클라이언트에서 DLL 인터페이스를 사용하도록 지정해야 함
  (소스 파일 '../private/CBBinding.cpp'을(를) 컴파일하는 중)
      C:\Program Files (x86)\Windows Kits\10\Include\10.0.28000.0\um\DirectXMath.h(661,12):
      'DirectX::XMFLOAT3' 선언을 참조하십시오.
  
C:\Users\kkth3\OneDrive\문서\GitHub\250531\Client\Engine\public\Engine_Struct.h(205,13): warning C4251: 'Engine::tagVertex_Anim_Mesh::vNormal': 'DirectX::XMFLOAT3'에서는 'Engine::tagVertex_Anim_Mesh'의 클라이언트에서 DLL 인터페이스를 사용하도록 지정해야 함
  (소스 파일 '../private/CBBinding.cpp'을(를) 컴파일하는 중)
      C:\Program Files (x86)\Windows Kits\10\Include\10.0.28000.0\um\DirectXMath.h(661,12):
      'DirectX::XMFLOAT3' 선언을 참조하십시오.
  
C:\Users\kkth3\OneDrive\문서\GitHub\250531\Client\Engine\public\Engine_Struct.h(206,13): warning C4251: 'Engine::tagVertex_Anim_Mesh::vTexcoord': 'DirectX::XMFLOAT2'에서는 'Engine::tagVertex_Anim_Mesh'의 클라이언트에서 DLL 인터페이스를 사용하도록 지정해야 함
  (소스 파일 '../private/CBBinding.cpp'을(를) 컴파일하는 중)
      C:\Program Files (x86)\Windows Kits\10\Include\10.0.28000.0\um\DirectXMath.h(584,12):
      'DirectX::XMFLOAT2' 선언을 참조하십시오.
  
C:\Users\kkth3\OneDrive\문서\GitHub\250531\Client\Engine\public\Engine_Struct.h(207,13): warning C4251: 'Engine::tagVertex_Anim_Mesh::vTangent': 'DirectX::XMFLOAT3'에서는 'Engine::tagVertex_Anim_Mesh'의 클라이언트에서 DLL 인터페이스를 사용하도록 지정해야 함
  (소스 파일 '../private/CBBinding.cpp'을(를) 컴파일하는 중)
      C:\Program Files (x86)\Windows Kits\10\Include\10.0.28000.0\um\DirectXMath.h(661,12):
      'DirectX::XMFLOAT3' 선언을 참조하십시오.
  
C:\Users\kkth3\OneDrive\문서\GitHub\250531\Client\Engine\public\Engine_Struct.h(209,13): warning C4251: 'Engine::tagVertex_Anim_Mesh::vBlendIndices': 'DirectX::XMUINT4'에서는 'Engine::tagVertex_Anim_Mesh'의 클라이언트에서 DLL 인터페이스를 사용하도록 지정해야 함
  (소스 파일 '../private/CBBinding.cpp'을(를) 컴파일하는 중)
      C:\Program Files (x86)\Windows Kits\10\Include\10.0.28000.0\um\DirectXMath.h(793,12):
      'DirectX::XMUINT4' 선언을 참조하십시오.
  
C:\Users\kkth3\OneDrive\문서\GitHub\250531\Client\Engine\public\Engine_Struct.h(210,13): warning C4251: 'Engine::tagVertex_Anim_Mesh::vBlendWeights': 'DirectX::XMFLOAT4'에서는 'Engine::tagVertex_Anim_Mesh'의 클라이언트에서 DLL 인터페이스를 사용하도록 지정해야 함
  (소스 파일 '../private/CBBinding.cpp'을(를) 컴파일하는 중)
      C:\Program Files (x86)\Windows Kits\10\Include\10.0.28000.0\um\DirectXMath.h(736,12):
      'DirectX::XMFLOAT4' 선언을 참조하십시오.
  
C:\Users\kkth3\OneDrive\문서\GitHub\250531\Client\Engine\public\CBBinding.h(26,54): warning C4244: '=': 'Engine::_uint'에서 'float'(으)로 변환하면서 데이터가 손실될 수 있습니다.
  (소스 파일 '../private/CBBinding.cpp'을(를) 컴파일하는 중)
  
C:\Users\kkth3\OneDrive\문서\GitHub\250531\Client\Engine\public\Transform.h(106,13): warning C4251: 'Engine::CTransform::m_WorldMatrix': 'DirectX::XMFLOAT4X4'에서는 'Engine::CTransform'의 클라이언트에서 DLL 인터페이스를 사용하도록 지정해야 함
  (소스 파일 '../private/CBBinding.cpp'을(를) 컴파일하는 중)
      C:\Program Files (x86)\Windows Kits\10\Include\10.0.28000.0\um\DirectXMath.h(964,12):
      'DirectX::XMFLOAT4X4' 선언을 참조하십시오.
  
C:\Users\kkth3\OneDrive\문서\GitHub\250531\Client\Engine\public\GameObject.h(39,43): warning C4251: 'Engine::CGameObject::m_Components': 'std::unordered_map<std::string,Engine::CComponent *,std::hash<std::string>,std::equal_to<std::string>,std::allocator<std::pair<const std::string,Engine::CComponent *>>>'에서는 'Engine::CGameObject'의 클라이언트에서 DLL 인터페이스를 사용하도록 지정해야 함
  (소스 파일 '../private/CBBinding.cpp'을(를) 컴파일하는 중)
      C:\Program Files\Microsoft Visual Studio\2022\Community\VC\Tools\MSVC\14.44.35207\include\unordered_map(61,7):
      'std::unordered_map<std::string,Engine::CComponent *,std::hash<std::string>,std::equal_to<std::string>,std::allocator<std::pair<const std::string,Engine::CComponent *>>>' 선언을 참조하십시오.
  
C:\Users\kkth3\OneDrive\문서\GitHub\250531\Client\Engine\public\Renderer.h(34,25): warning C4251: 'Engine::CRenderer::m_vRenderObjects': 'std::vector<Engine::CRenderObject *,std::allocator<Engine::CRenderObject *>>'에서는 'Engine::CRenderer'의 클라이언트에서 DLL 인터페이스를 사용하도록 지정해야 함
  (소스 파일 '../private/CBBinding.cpp'을(를) 컴파일하는 중)
      C:\Program Files\Microsoft Visual Studio\2022\Community\VC\Tools\MSVC\14.44.35207\include\vector(442,7):
      'std::vector<Engine::CRenderObject *,std::allocator<Engine::CRenderObject *>>' 선언을 참조하십시오.
  
C:\Users\kkth3\OneDrive\문서\GitHub\250531\Client\Engine\public\VIBuffer_Geos.h(24,50): warning C4251: 'Engine::CVIBuffer_Geos::m_SubMeshInfos': 'std::unordered_map<Engine::CVIBuffer_Geos::BASIC_SUBMESHES,SubmeshGeometry,std::hash<Engine::CVIBuffer_Geos::BASIC_SUBMESHES>,std::equal_to<Engine::CVIBuffer_Geos::BASIC_SUBMESHES>,std::allocator<std::pair<const Engine::CVIBuffer_Geos::BASIC_SUBMESHES,SubmeshGeometry>>>'에서는 'Engine::CVIBuffer_Geos'의 클라이언트에서 DLL 인터페이스를 사용하도록 지정해야 함
  (소스 파일 '../private/CBBinding.cpp'을(를) 컴파일하는 중)
      C:\Program Files\Microsoft Visual Studio\2022\Community\VC\Tools\MSVC\14.44.35207\include\unordered_map(61,7):
      'std::unordered_map<Engine::CVIBuffer_Geos::BASIC_SUBMESHES,SubmeshGeometry,std::hash<Engine::CVIBuffer_Geos::BASIC_SUBMESHES>,std::equal_to<Engine::CVIBuffer_Geos::BASIC_SUBMESHES>,std::allocator<std::pair<const Engine::CVIBuffer_Geos::BASIC_SUBMESHES,SubmeshGeometry>>>' 선언을 참조하십시오.
  
C:\Users\kkth3\OneDrive\문서\GitHub\250531\Client\Engine\public\Model.h(62,16): warning C4251: 'Engine::CModel::m_PivotMatrix': 'DirectX::XMFLOAT4X4'에서는 'Engine::CModel'의 클라이언트에서 DLL 인터페이스를 사용하도록 지정해야 함
  (소스 파일 '../private/CBBinding.cpp'을(를) 컴파일하는 중)
      C:\Program Files (x86)\Windows Kits\10\Include\10.0.28000.0\um\DirectXMath.h(964,12):
      'DirectX::XMFLOAT4X4' 선언을 참조하십시오.
  
C:\Users\kkth3\OneDrive\문서\GitHub\250531\Client\Engine\public\Model.h(66,26): warning C4251: 'Engine::CModel::m_Meshes': 'std::vector<Engine::CMesh *,std::allocator<Engine::CMesh *>>'에서는 'Engine::CModel'의 클라이언트에서 DLL 인터페이스를 사용하도록 지정해야 함
  (소스 파일 '../private/CBBinding.cpp'을(를) 컴파일하는 중)
      C:\Program Files\Microsoft Visual Studio\2022\Community\VC\Tools\MSVC\14.44.35207\include\vector(442,7):
      'std::vector<Engine::CMesh *,std::allocator<Engine::CMesh *>>' 선언을 참조하십시오.
  
C:\Users\kkth3\OneDrive\문서\GitHub\250531\Client\Engine\public\Model.h(68,26): warning C4251: 'Engine::CModel::m_Bones': 'std::vector<Engine::CBone *,std::allocator<Engine::CBone *>>'에서는 'Engine::CModel'의 클라이언트에서 DLL 인터페이스를 사용하도록 지정해야 함
  (소스 파일 '../private/CBBinding.cpp'을(를) 컴파일하는 중)
      C:\Program Files\Microsoft Visual Studio\2022\Community\VC\Tools\MSVC\14.44.35207\include\vector(442,7):
      'std::vector<Engine::CBone *,std::allocator<Engine::CBone *>>' 선언을 참조하십시오.
  
C:\Users\kkth3\OneDrive\문서\GitHub\250531\Client\Engine\public\VIBuffer_Terrain.h(72,41): warning C4251: 'Engine::CVIBuffer_Terrain::m_pHeightMap': 'std::shared_ptr<std::vector<float,std::allocator<float>>>'에서는 'Engine::CVIBuffer_Terrain'의 클라이언트에서 DLL 인터페이스를 사용하도록 지정해야 함
  (소스 파일 '../private/CBBinding.cpp'을(를) 컴파일하는 중)
      C:\Program Files\Microsoft Visual Studio\2022\Community\VC\Tools\MSVC\14.44.35207\include\memory(1565,7):
      'std::shared_ptr<std::vector<float,std::allocator<float>>>' 선언을 참조하십시오.
  
C:\Users\kkth3\OneDrive\문서\GitHub\250531\Client\Engine\public\VIBuffer_Terrain.h(74,33): warning C4251: 'Engine::CVIBuffer_Terrain::m_Chunks': 'std::vector<Engine::CVIBuffer_Terrain::TERRAINCHUNK,std::allocator<Engine::CVIBuffer_Terrain::TERRAINCHUNK>>'에서는 'Engine::CVIBuffer_Terrain'의 클라이언트에서 DLL 인터페이스를 사용하도록 지정해야 함
  (소스 파일 '../private/CBBinding.cpp'을(를) 컴파일하는 중)
      C:\Program Files\Microsoft Visual Studio\2022\Community\VC\Tools\MSVC\14.44.35207\include\vector(442,7):
      'std::vector<Engine::CVIBuffer_Terrain::TERRAINCHUNK,std::allocator<Engine::CVIBuffer_Terrain::TERRAINCHUNK>>' 선언을 참조하십시오.
  
C:\Users\kkth3\OneDrive\문서\GitHub\250531\Client\Engine\public\VIBuffer_Terrain.h(87,33): warning C4251: 'Engine::CVIBuffer_Terrain::m_ChunkLODs': 'std::vector<GeometryGenerator::uint32,std::allocator<GeometryGenerator::uint32>>'에서는 'Engine::CVIBuffer_Terrain'의 클라이언트에서 DLL 인터페이스를 사용하도록 지정해야 함
  (소스 파일 '../private/CBBinding.cpp'을(를) 컴파일하는 중)
      C:\Program Files\Microsoft Visual Studio\2022\Community\VC\Tools\MSVC\14.44.35207\include\vector(442,7):
      'std::vector<GeometryGenerator::uint32,std::allocator<GeometryGenerator::uint32>>' 선언을 참조하십시오.
  
C:\Users\kkth3\OneDrive\문서\GitHub\250531\Client\Engine\public\VIBuffer_Terrain.h(89,33): warning C4251: 'Engine::CVIBuffer_Terrain::m_FrustumPlanes': 'DirectX::XMFLOAT4'에서는 'Engine::CVIBuffer_Terrain'의 클라이언트에서 DLL 인터페이스를 사용하도록 지정해야 함
  (소스 파일 '../private/CBBinding.cpp'을(를) 컴파일하는 중)
      C:\Program Files (x86)\Windows Kits\10\Include\10.0.28000.0\um\DirectXMath.h(736,12):
      'DirectX::XMFLOAT4' 선언을 참조하십시오.
  
C:\Users\kkth3\OneDrive\문서\GitHub\250531\Client\Engine\public\MeshModel.h(33,35): warning C4251: 'Engine::CMeshModel::m_Meshes': 'std::vector<Engine::CVIBuffer_Mesh *,std::allocator<Engine::CVIBuffer_Mesh *>>'에서는 'Engine::CMeshModel'의 클라이언트에서 DLL 인터페이스를 사용하도록 지정해야 함
  (소스 파일 '../private/CBBinding.cpp'을(를) 컴파일하는 중)
      C:\Program Files\Microsoft Visual Studio\2022\Community\VC\Tools\MSVC\14.44.35207\include\vector(442,7):
      'std::vector<Engine::CVIBuffer_Mesh *,std::allocator<Engine::CVIBuffer_Mesh *>>' 선언을 참조하십시오.
  
C:\Users\kkth3\OneDrive\문서\GitHub\250531\Client\Engine\public\RootSignatureMgr.h(29,54): warning C4251: 'Engine::CRootSignatureMgr::mRootSignatures': 'std::unordered_map<std::string,Engine::CRootSignature *,std::hash<std::string>,std::equal_to<std::string>,std::allocator<std::pair<const std::string,Engine::CRootSignature *>>>'에서는 'Engine::CRootSignatureMgr'의 클라이언트에서 DLL 인터페이스를 사용하도록 지정해야 함
  (소스 파일 '../private/CBBinding.cpp'을(를) 컴파일하는 중)
      C:\Program Files\Microsoft Visual Studio\2022\Community\VC\Tools\MSVC\14.44.35207\include\unordered_map(61,7):
      'std::unordered_map<std::string,Engine::CRootSignature *,std::hash<std::string>,std::equal_to<std::string>,std::allocator<std::pair<const std::string,Engine::CRootSignature *>>>' 선언을 참조하십시오.
  
C:\Users\kkth3\OneDrive\문서\GitHub\250531\Client\Engine\public\ObjectMgr.h(53,34): warning C4251: 'Engine::CObjectMgr::m_Layers': 'std::unordered_map<std::string,Engine::CObjectMgr::Layer,std::hash<std::string>,std::equal_to<std::string>,std::allocator<std::pair<const std::string,Engine::CObjectMgr::Layer>>>'에서는 'Engine::CObjectMgr'의 클라이언트에서 DLL 인터페이스를 사용하도록 지정해야 함
  (소스 파일 '../private/CBBinding.cpp'을(를) 컴파일하는 중)
      C:\Program Files\Microsoft Visual Studio\2022\Community\VC\Tools\MSVC\14.44.35207\include\unordered_map(61,7):
      'std::unordered_map<std::string,Engine::CObjectMgr::Layer,std::hash<std::string>,std::equal_to<std::string>,std::allocator<std::pair<const std::string,Engine::CObjectMgr::Layer>>>' 선언을 참조하십시오.
  
C:\Users\kkth3\OneDrive\문서\GitHub\250531\Client\Engine\public\ObjectMgr.h(54,41): warning C4251: 'Engine::CObjectMgr::m_Prototypes': 'std::unordered_map<std::string,Engine::CGameObject *,std::hash<std::string>,std::equal_to<std::string>,std::allocator<std::pair<const std::string,Engine::CGameObject *>>>'에서는 'Engine::CObjectMgr'의 클라이언트에서 DLL 인터페이스를 사용하도록 지정해야 함
  (소스 파일 '../private/CBBinding.cpp'을(를) 컴파일하는 중)
      C:\Program Files\Microsoft Visual Studio\2022\Community\VC\Tools\MSVC\14.44.35207\include\unordered_map(61,7):
      'std::unordered_map<std::string,Engine::CGameObject *,std::hash<std::string>,std::equal_to<std::string>,std::allocator<std::pair<const std::string,Engine::CGameObject *>>>' 선언을 참조하십시오.
  
C:\Users\kkth3\OneDrive\문서\GitHub\250531\Client\Engine\public\TextureMgr.h(74,32): warning C4251: 'Engine::CTextureMgr::hDescriptor': 'CD3DX12_CPU_DESCRIPTOR_HANDLE'에서는 'Engine::CTextureMgr'의 클라이언트에서 DLL 인터페이스를 사용하도록 지정해야 함
  (소스 파일 '../private/CBBinding.cpp'을(를) 컴파일하는 중)
      C:\Users\kkth3\OneDrive\문서\GitHub\250531\Client\Engine\public\d3dx12.h(1471,8):
      'CD3DX12_CPU_DESCRIPTOR_HANDLE' 선언을 참조하십시오.
  
C:\Users\kkth3\OneDrive\문서\GitHub\250531\Client\Engine\public\TextureMgr.h(78,34): warning C4251: 'Engine::CTextureMgr::m_Textures': 'std::vector<std::pair<std::string,Engine::CTexture *>,std::allocator<std::pair<std::string,Engine::CTexture *>>>'에서는 'Engine::CTextureMgr'의 클라이언트에서 DLL 인터페이스를 사용하도록 지정해야 함
  (소스 파일 '../private/CBBinding.cpp'을(를) 컴파일하는 중)
      C:\Program Files\Microsoft Visual Studio\2022\Community\VC\Tools\MSVC\14.44.35207\include\vector(442,7):
      'std::vector<std::pair<std::string,Engine::CTexture *>,std::allocator<std::pair<std::string,Engine::CTexture *>>>' 선언을 참조하십시오.
  
C:\Users\kkth3\OneDrive\문서\GitHub\250531\Client\Engine\public\GameInstance.h(143,12): warning C4251: 'Engine::CGameInstance::m_CameraViewProj': 'DirectX::XMFLOAT4X4'에서는 'Engine::CGameInstance'의 클라이언트에서 DLL 인터페이스를 사용하도록 지정해야 함
  (소스 파일 '../private/CBBinding.cpp'을(를) 컴파일하는 중)
      C:\Program Files (x86)\Windows Kits\10\Include\10.0.28000.0\um\DirectXMath.h(964,12):
      'DirectX::XMFLOAT4X4' 선언을 참조하십시오.
  
C:\Users\kkth3\OneDrive\문서\GitHub\250531\Client\Engine\public\GameInstance.h(144,12): warning C4251: 'Engine::CGameInstance::m_ShadowViewProj': 'DirectX::XMFLOAT4X4'에서는 'Engine::CGameInstance'의 클라이언트에서 DLL 인터페이스를 사용하도록 지정해야 함
  (소스 파일 '../private/CBBinding.cpp'을(를) 컴파일하는 중)
      C:\Program Files (x86)\Windows Kits\10\Include\10.0.28000.0\um\DirectXMath.h(964,12):
      'DirectX::XMFLOAT4X4' 선언을 참조하십시오.
  
C:\Users\kkth3\OneDrive\문서\GitHub\250531\Client\Engine\public\GameInstance.h(145,11): warning C4251: 'Engine::CGameInstance::m_CameraEye': 'DirectX::XMFLOAT3'에서는 'Engine::CGameInstance'의 클라이언트에서 DLL 인터페이스를 사용하도록 지정해야 함
  (소스 파일 '../private/CBBinding.cpp'을(를) 컴파일하는 중)
      C:\Program Files (x86)\Windows Kits\10\Include\10.0.28000.0\um\DirectXMath.h(661,12):
      'DirectX::XMFLOAT3' 선언을 참조하십시오.
  
  Channel.cpp
C:\Users\kkth3\OneDrive\문서\GitHub\250531\Client\Engine\Public\Engine_Struct.h(21,14): warning C4251: 'Engine::ObjectConstants::World': 'DirectX::XMFLOAT4X4'에서는 'Engine::ObjectConstants'의 클라이언트에서 DLL 인터페이스를 사용하도록 지정해야 함
  (소스 파일 '../private/Channel.cpp'을(를) 컴파일하는 중)
      C:\Program Files (x86)\Windows Kits\10\Include\10.0.28000.0\um\DirectXMath.h(964,12):
      'DirectX::XMFLOAT4X4' 선언을 참조하십시오.
  
C:\Users\kkth3\OneDrive\문서\GitHub\250531\Client\Engine\Public\Engine_Struct.h(22,14): warning C4251: 'Engine::ObjectConstants::TexTransform': 'DirectX::XMFLOAT4X4'에서는 'Engine::ObjectConstants'의 클라이언트에서 DLL 인터페이스를 사용하도록 지정해야 함
  (소스 파일 '../private/Channel.cpp'을(를) 컴파일하는 중)
      C:\Program Files (x86)\Windows Kits\10\Include\10.0.28000.0\um\DirectXMath.h(964,12):
      'DirectX::XMFLOAT4X4' 선언을 참조하십시오.
  
C:\Users\kkth3\OneDrive\문서\GitHub\250531\Client\Engine\Public\Engine_Struct.h(31,21): warning C4251: 'Engine::Light::Strength': 'DirectX::XMFLOAT3'에서는 'Engine::Light'의 클라이언트에서 DLL 인터페이스를 사용하도록 지정해야 함
  (소스 파일 '../private/Channel.cpp'을(를) 컴파일하는 중)
      C:\Program Files (x86)\Windows Kits\10\Include\10.0.28000.0\um\DirectXMath.h(661,12):
      'DirectX::XMFLOAT3' 선언을 참조하십시오.
  
C:\Users\kkth3\OneDrive\문서\GitHub\250531\Client\Engine\Public\Engine_Struct.h(33,21): warning C4251: 'Engine::Light::Direction': 'DirectX::XMFLOAT3'에서는 'Engine::Light'의 클라이언트에서 DLL 인터페이스를 사용하도록 지정해야 함
  (소스 파일 '../private/Channel.cpp'을(를) 컴파일하는 중)
      C:\Program Files (x86)\Windows Kits\10\Include\10.0.28000.0\um\DirectXMath.h(661,12):
      'DirectX::XMFLOAT3' 선언을 참조하십시오.
  
C:\Users\kkth3\OneDrive\문서\GitHub\250531\Client\Engine\Public\Engine_Struct.h(35,21): warning C4251: 'Engine::Light::Position': 'DirectX::XMFLOAT3'에서는 'Engine::Light'의 클라이언트에서 DLL 인터페이스를 사용하도록 지정해야 함
  (소스 파일 '../private/Channel.cpp'을(를) 컴파일하는 중)
      C:\Program Files (x86)\Windows Kits\10\Include\10.0.28000.0\um\DirectXMath.h(661,12):
      'DirectX::XMFLOAT3' 선언을 참조하십시오.
  
C:\Users\kkth3\OneDrive\문서\GitHub\250531\Client\Engine\Public\Engine_Struct.h(41,23): warning C4251: 'Engine::PassConstants::View': 'DirectX::XMFLOAT4X4'에서는 'Engine::PassConstants'의 클라이언트에서 DLL 인터페이스를 사용하도록 지정해야 함
  (소스 파일 '../private/Channel.cpp'을(를) 컴파일하는 중)
      C:\Program Files (x86)\Windows Kits\10\Include\10.0.28000.0\um\DirectXMath.h(964,12):
      'DirectX::XMFLOAT4X4' 선언을 참조하십시오.
  
C:\Users\kkth3\OneDrive\문서\GitHub\250531\Client\Engine\Public\Engine_Struct.h(42,23): warning C4251: 'Engine::PassConstants::InvView': 'DirectX::XMFLOAT4X4'에서는 'Engine::PassConstants'의 클라이언트에서 DLL 인터페이스를 사용하도록 지정해야 함
  (소스 파일 '../private/Channel.cpp'을(를) 컴파일하는 중)
      C:\Program Files (x86)\Windows Kits\10\Include\10.0.28000.0\um\DirectXMath.h(964,12):
      'DirectX::XMFLOAT4X4' 선언을 참조하십시오.
  
C:\Users\kkth3\OneDrive\문서\GitHub\250531\Client\Engine\Public\Engine_Struct.h(43,23): warning C4251: 'Engine::PassConstants::Proj': 'DirectX::XMFLOAT4X4'에서는 'Engine::PassConstants'의 클라이언트에서 DLL 인터페이스를 사용하도록 지정해야 함
  (소스 파일 '../private/Channel.cpp'을(를) 컴파일하는 중)
      C:\Program Files (x86)\Windows Kits\10\Include\10.0.28000.0\um\DirectXMath.h(964,12):
      'DirectX::XMFLOAT4X4' 선언을 참조하십시오.
  
C:\Users\kkth3\OneDrive\문서\GitHub\250531\Client\Engine\Public\Engine_Struct.h(44,23): warning C4251: 'Engine::PassConstants::InvProj': 'DirectX::XMFLOAT4X4'에서는 'Engine::PassConstants'의 클라이언트에서 DLL 인터페이스를 사용하도록 지정해야 함
  (소스 파일 '../private/Channel.cpp'을(를) 컴파일하는 중)
      C:\Program Files (x86)\Windows Kits\10\Include\10.0.28000.0\um\DirectXMath.h(964,12):
      'DirectX::XMFLOAT4X4' 선언을 참조하십시오.
  
C:\Users\kkth3\OneDrive\문서\GitHub\250531\Client\Engine\Public\Engine_Struct.h(45,23): warning C4251: 'Engine::PassConstants::ViewProj': 'DirectX::XMFLOAT4X4'에서는 'Engine::PassConstants'의 클라이언트에서 DLL 인터페이스를 사용하도록 지정해야 함
  (소스 파일 '../private/Channel.cpp'을(를) 컴파일하는 중)
      C:\Program Files (x86)\Windows Kits\10\Include\10.0.28000.0\um\DirectXMath.h(964,12):
      'DirectX::XMFLOAT4X4' 선언을 참조하십시오.
  
C:\Users\kkth3\OneDrive\문서\GitHub\250531\Client\Engine\Public\Engine_Struct.h(46,23): warning C4251: 'Engine::PassConstants::InvViewProj': 'DirectX::XMFLOAT4X4'에서는 'Engine::PassConstants'의 클라이언트에서 DLL 인터페이스를 사용하도록 지정해야 함
  (소스 파일 '../private/Channel.cpp'을(를) 컴파일하는 중)
      C:\Program Files (x86)\Windows Kits\10\Include\10.0.28000.0\um\DirectXMath.h(964,12):
      'DirectX::XMFLOAT4X4' 선언을 참조하십시오.
  
C:\Users\kkth3\OneDrive\문서\GitHub\250531\Client\Engine\Public\Engine_Struct.h(47,23): warning C4251: 'Engine::PassConstants::ShadowTransform': 'DirectX::XMFLOAT4X4'에서는 'Engine::PassConstants'의 클라이언트에서 DLL 인터페이스를 사용하도록 지정해야 함
  (소스 파일 '../private/Channel.cpp'을(를) 컴파일하는 중)
      C:\Program Files (x86)\Windows Kits\10\Include\10.0.28000.0\um\DirectXMath.h(964,12):
      'DirectX::XMFLOAT4X4' 선언을 참조하십시오.
  
C:\Users\kkth3\OneDrive\문서\GitHub\250531\Client\Engine\Public\Engine_Struct.h(48,21): warning C4251: 'Engine::PassConstants::EyePosW': 'DirectX::XMFLOAT3'에서는 'Engine::PassConstants'의 클라이언트에서 DLL 인터페이스를 사용하도록 지정해야 함
  (소스 파일 '../private/Channel.cpp'을(를) 컴파일하는 중)
      C:\Program Files (x86)\Windows Kits\10\Include\10.0.28000.0\um\DirectXMath.h(661,12):
      'DirectX::XMFLOAT3' 선언을 참조하십시오.
  
C:\Users\kkth3\OneDrive\문서\GitHub\250531\Client\Engine\Public\Engine_Struct.h(50,21): warning C4251: 'Engine::PassConstants::RenderTargetSize': 'DirectX::XMFLOAT2'에서는 'Engine::PassConstants'의 클라이언트에서 DLL 인터페이스를 사용하도록 지정해야 함
  (소스 파일 '../private/Channel.cpp'을(를) 컴파일하는 중)
      C:\Program Files (x86)\Windows Kits\10\Include\10.0.28000.0\um\DirectXMath.h(584,12):
      'DirectX::XMFLOAT2' 선언을 참조하십시오.
  
C:\Users\kkth3\OneDrive\문서\GitHub\250531\Client\Engine\Public\Engine_Struct.h(51,21): warning C4251: 'Engine::PassConstants::InvRenderTargetSize': 'DirectX::XMFLOAT2'에서는 'Engine::PassConstants'의 클라이언트에서 DLL 인터페이스를 사용하도록 지정해야 함
  (소스 파일 '../private/Channel.cpp'을(를) 컴파일하는 중)
      C:\Program Files (x86)\Windows Kits\10\Include\10.0.28000.0\um\DirectXMath.h(584,12):
      'DirectX::XMFLOAT2' 선언을 참조하십시오.
  
C:\Users\kkth3\OneDrive\문서\GitHub\250531\Client\Engine\Public\Engine_Struct.h(57,21): warning C4251: 'Engine::PassConstants::AmbientLight': 'DirectX::XMFLOAT4'에서는 'Engine::PassConstants'의 클라이언트에서 DLL 인터페이스를 사용하도록 지정해야 함
  (소스 파일 '../private/Channel.cpp'을(를) 컴파일하는 중)
      C:\Program Files (x86)\Windows Kits\10\Include\10.0.28000.0\um\DirectXMath.h(736,12):
      'DirectX::XMFLOAT4' 선언을 참조하십시오.
  
C:\Users\kkth3\OneDrive\문서\GitHub\250531\Client\Engine\Public\Engine_Struct.h(86,21): warning C4251: 'Engine::MaterialConstants::DiffuseAlbedo': 'DirectX::XMFLOAT4'에서는 'Engine::MaterialConstants'의 클라이언트에서 DLL 인터페이스를 사용하도록 지정해야 함
  (소스 파일 '../private/Channel.cpp'을(를) 컴파일하는 중)
      C:\Program Files (x86)\Windows Kits\10\Include\10.0.28000.0\um\DirectXMath.h(736,12):
      'DirectX::XMFLOAT4' 선언을 참조하십시오.
  
C:\Users\kkth3\OneDrive\문서\GitHub\250531\Client\Engine\Public\Engine_Struct.h(87,21): warning C4251: 'Engine::MaterialConstants::FresnelR0': 'DirectX::XMFLOAT3'에서는 'Engine::MaterialConstants'의 클라이언트에서 DLL 인터페이스를 사용하도록 지정해야 함
  (소스 파일 '../private/Channel.cpp'을(를) 컴파일하는 중)
      C:\Program Files (x86)\Windows Kits\10\Include\10.0.28000.0\um\DirectXMath.h(661,12):
      'DirectX::XMFLOAT3' 선언을 참조하십시오.
  
C:\Users\kkth3\OneDrive\문서\GitHub\250531\Client\Engine\Public\Engine_Struct.h(89,23): warning C4251: 'Engine::MaterialConstants::MatTransform': 'DirectX::XMFLOAT4X4'에서는 'Engine::MaterialConstants'의 클라이언트에서 DLL 인터페이스를 사용하도록 지정해야 함
  (소스 파일 '../private/Channel.cpp'을(를) 컴파일하는 중)
      C:\Program Files (x86)\Windows Kits\10\Include\10.0.28000.0\um\DirectXMath.h(964,12):
      'DirectX::XMFLOAT4X4' 선언을 참조하십시오.
  
C:\Users\kkth3\OneDrive\문서\GitHub\250531\Client\Engine\Public\Engine_Struct.h(94,21): warning C4251: 'Engine::MaterialData::DiffuseAlbedo': 'DirectX::XMFLOAT4'에서는 'Engine::MaterialData'의 클라이언트에서 DLL 인터페이스를 사용하도록 지정해야 함
  (소스 파일 '../private/Channel.cpp'을(를) 컴파일하는 중)
      C:\Program Files (x86)\Windows Kits\10\Include\10.0.28000.0\um\DirectXMath.h(736,12):
      'DirectX::XMFLOAT4' 선언을 참조하십시오.
  
C:\Users\kkth3\OneDrive\문서\GitHub\250531\Client\Engine\Public\Engine_Struct.h(95,21): warning C4251: 'Engine::MaterialData::FresnelR0': 'DirectX::XMFLOAT3'에서는 'Engine::MaterialData'의 클라이언트에서 DLL 인터페이스를 사용하도록 지정해야 함
  (소스 파일 '../private/Channel.cpp'을(를) 컴파일하는 중)
      C:\Program Files (x86)\Windows Kits\10\Include\10.0.28000.0\um\DirectXMath.h(661,12):
      'DirectX::XMFLOAT3' 선언을 참조하십시오.
  
C:\Users\kkth3\OneDrive\문서\GitHub\250531\Client\Engine\Public\Engine_Struct.h(99,23): warning C4251: 'Engine::MaterialData::MatTransform': 'DirectX::XMFLOAT4X4'에서는 'Engine::MaterialData'의 클라이언트에서 DLL 인터페이스를 사용하도록 지정해야 함
  (소스 파일 '../private/Channel.cpp'을(를) 컴파일하는 중)
      C:\Program Files (x86)\Windows Kits\10\Include\10.0.28000.0\um\DirectXMath.h(964,12):
      'DirectX::XMFLOAT4X4' 선언을 참조하십시오.
  
C:\Users\kkth3\OneDrive\문서\GitHub\250531\Client\Engine\Public\Engine_Struct.h(113,14): warning C4251: 'Engine::InstanceData::World': 'DirectX::XMFLOAT4X4'에서는 'Engine::InstanceData'의 클라이언트에서 DLL 인터페이스를 사용하도록 지정해야 함
  (소스 파일 '../private/Channel.cpp'을(를) 컴파일하는 중)
      C:\Program Files (x86)\Windows Kits\10\Include\10.0.28000.0\um\DirectXMath.h(964,12):
      'DirectX::XMFLOAT4X4' 선언을 참조하십시오.
  
C:\Users\kkth3\OneDrive\문서\GitHub\250531\Client\Engine\Public\Engine_Struct.h(142,13): warning C4251: 'Engine::tagVertex_Position::vPosition': 'DirectX::XMFLOAT3'에서는 'Engine::tagVertex_Position'의 클라이언트에서 DLL 인터페이스를 사용하도록 지정해야 함
  (소스 파일 '../private/Channel.cpp'을(를) 컴파일하는 중)
      C:\Program Files (x86)\Windows Kits\10\Include\10.0.28000.0\um\DirectXMath.h(661,12):
      'DirectX::XMFLOAT3' 선언을 참조하십시오.
  
C:\Users\kkth3\OneDrive\문서\GitHub\250531\Client\Engine\Public\Engine_Struct.h(151,13): warning C4251: 'Engine::tagVertex_Position_Normal::vPosition': 'DirectX::XMFLOAT3'에서는 'Engine::tagVertex_Position_Normal'의 클라이언트에서 DLL 인터페이스를 사용하도록 지정해야 함
  (소스 파일 '../private/Channel.cpp'을(를) 컴파일하는 중)
      C:\Program Files (x86)\Windows Kits\10\Include\10.0.28000.0\um\DirectXMath.h(661,12):
      'DirectX::XMFLOAT3' 선언을 참조하십시오.
  
C:\Users\kkth3\OneDrive\문서\GitHub\250531\Client\Engine\Public\Engine_Struct.h(152,13): warning C4251: 'Engine::tagVertex_Position_Normal::vNormal': 'DirectX::XMFLOAT3'에서는 'Engine::tagVertex_Position_Normal'의 클라이언트에서 DLL 인터페이스를 사용하도록 지정해야 함
  (소스 파일 '../private/Channel.cpp'을(를) 컴파일하는 중)
      C:\Program Files (x86)\Windows Kits\10\Include\10.0.28000.0\um\DirectXMath.h(661,12):
      'DirectX::XMFLOAT3' 선언을 참조하십시오.
  
C:\Users\kkth3\OneDrive\문서\GitHub\250531\Client\Engine\Public\Engine_Struct.h(161,13): warning C4251: 'Engine::tagVertex_Position_Texcoord::vPosition': 'DirectX::XMFLOAT3'에서는 'Engine::tagVertex_Position_Texcoord'의 클라이언트에서 DLL 인터페이스를 사용하도록 지정해야 함
  (소스 파일 '../private/Channel.cpp'을(를) 컴파일하는 중)
      C:\Program Files (x86)\Windows Kits\10\Include\10.0.28000.0\um\DirectXMath.h(661,12):
      'DirectX::XMFLOAT3' 선언을 참조하십시오.
  
C:\Users\kkth3\OneDrive\문서\GitHub\250531\Client\Engine\Public\Engine_Struct.h(162,13): warning C4251: 'Engine::tagVertex_Position_Texcoord::vTexcoord': 'DirectX::XMFLOAT2'에서는 'Engine::tagVertex_Position_Texcoord'의 클라이언트에서 DLL 인터페이스를 사용하도록 지정해야 함
  (소스 파일 '../private/Channel.cpp'을(를) 컴파일하는 중)
      C:\Program Files (x86)\Windows Kits\10\Include\10.0.28000.0\um\DirectXMath.h(584,12):
      'DirectX::XMFLOAT2' 선언을 참조하십시오.
  
C:\Users\kkth3\OneDrive\문서\GitHub\250531\Client\Engine\Public\Engine_Struct.h(171,13): warning C4251: 'Engine::tagVertex_Position_Normal_Texcoord::vPosition': 'DirectX::XMFLOAT3'에서는 'Engine::tagVertex_Position_Normal_Texcoord'의 클라이언트에서 DLL 인터페이스를 사용하도록 지정해야 함
  (소스 파일 '../private/Channel.cpp'을(를) 컴파일하는 중)
      C:\Program Files (x86)\Windows Kits\10\Include\10.0.28000.0\um\DirectXMath.h(661,12):
      'DirectX::XMFLOAT3' 선언을 참조하십시오.
  
C:\Users\kkth3\OneDrive\문서\GitHub\250531\Client\Engine\Public\Engine_Struct.h(172,13): warning C4251: 'Engine::tagVertex_Position_Normal_Texcoord::vNormal': 'DirectX::XMFLOAT3'에서는 'Engine::tagVertex_Position_Normal_Texcoord'의 클라이언트에서 DLL 인터페이스를 사용하도록 지정해야 함
  (소스 파일 '../private/Channel.cpp'을(를) 컴파일하는 중)
      C:\Program Files (x86)\Windows Kits\10\Include\10.0.28000.0\um\DirectXMath.h(661,12):
      'DirectX::XMFLOAT3' 선언을 참조하십시오.
  
C:\Users\kkth3\OneDrive\문서\GitHub\250531\Client\Engine\Public\Engine_Struct.h(173,13): warning C4251: 'Engine::tagVertex_Position_Normal_Texcoord::vTexcoord': 'DirectX::XMFLOAT2'에서는 'Engine::tagVertex_Position_Normal_Texcoord'의 클라이언트에서 DLL 인터페이스를 사용하도록 지정해야 함
  (소스 파일 '../private/Channel.cpp'을(를) 컴파일하는 중)
      C:\Program Files (x86)\Windows Kits\10\Include\10.0.28000.0\um\DirectXMath.h(584,12):
      'DirectX::XMFLOAT2' 선언을 참조하십시오.
  
C:\Users\kkth3\OneDrive\문서\GitHub\250531\Client\Engine\Public\Engine_Struct.h(182,13): warning C4251: 'Engine::tagVertex_Position_Cube_Texcoord::vPosition': 'DirectX::XMFLOAT3'에서는 'Engine::tagVertex_Position_Cube_Texcoord'의 클라이언트에서 DLL 인터페이스를 사용하도록 지정해야 함
  (소스 파일 '../private/Channel.cpp'을(를) 컴파일하는 중)
      C:\Program Files (x86)\Windows Kits\10\Include\10.0.28000.0\um\DirectXMath.h(661,12):
      'DirectX::XMFLOAT3' 선언을 참조하십시오.
  
C:\Users\kkth3\OneDrive\문서\GitHub\250531\Client\Engine\Public\Engine_Struct.h(183,13): warning C4251: 'Engine::tagVertex_Position_Cube_Texcoord::vTexcoord': 'DirectX::XMFLOAT3'에서는 'Engine::tagVertex_Position_Cube_Texcoord'의 클라이언트에서 DLL 인터페이스를 사용하도록 지정해야 함
  (소스 파일 '../private/Channel.cpp'을(를) 컴파일하는 중)
      C:\Program Files (x86)\Windows Kits\10\Include\10.0.28000.0\um\DirectXMath.h(661,12):
      'DirectX::XMFLOAT3' 선언을 참조하십시오.
  
C:\Users\kkth3\OneDrive\문서\GitHub\250531\Client\Engine\Public\Engine_Struct.h(192,13): warning C4251: 'Engine::tagVertex_Mesh::vPosition': 'DirectX::XMFLOAT3'에서는 'Engine::tagVertex_Mesh'의 클라이언트에서 DLL 인터페이스를 사용하도록 지정해야 함
  (소스 파일 '../private/Channel.cpp'을(를) 컴파일하는 중)
      C:\Program Files (x86)\Windows Kits\10\Include\10.0.28000.0\um\DirectXMath.h(661,12):
      'DirectX::XMFLOAT3' 선언을 참조하십시오.
  
C:\Users\kkth3\OneDrive\문서\GitHub\250531\Client\Engine\Public\Engine_Struct.h(193,13): warning C4251: 'Engine::tagVertex_Mesh::vNormal': 'DirectX::XMFLOAT3'에서는 'Engine::tagVertex_Mesh'의 클라이언트에서 DLL 인터페이스를 사용하도록 지정해야 함
  (소스 파일 '../private/Channel.cpp'을(를) 컴파일하는 중)
      C:\Program Files (x86)\Windows Kits\10\Include\10.0.28000.0\um\DirectXMath.h(661,12):
      'DirectX::XMFLOAT3' 선언을 참조하십시오.
  
C:\Users\kkth3\OneDrive\문서\GitHub\250531\Client\Engine\Public\Engine_Struct.h(194,13): warning C4251: 'Engine::tagVertex_Mesh::vTexcoord': 'DirectX::XMFLOAT2'에서는 'Engine::tagVertex_Mesh'의 클라이언트에서 DLL 인터페이스를 사용하도록 지정해야 함
  (소스 파일 '../private/Channel.cpp'을(를) 컴파일하는 중)
      C:\Program Files (x86)\Windows Kits\10\Include\10.0.28000.0\um\DirectXMath.h(584,12):
      'DirectX::XMFLOAT2' 선언을 참조하십시오.
  
C:\Users\kkth3\OneDrive\문서\GitHub\250531\Client\Engine\Public\Engine_Struct.h(195,13): warning C4251: 'Engine::tagVertex_Mesh::vTangent': 'DirectX::XMFLOAT3'에서는 'Engine::tagVertex_Mesh'의 클라이언트에서 DLL 인터페이스를 사용하도록 지정해야 함
  (소스 파일 '../private/Channel.cpp'을(를) 컴파일하는 중)
      C:\Program Files (x86)\Windows Kits\10\Include\10.0.28000.0\um\DirectXMath.h(661,12):
      'DirectX::XMFLOAT3' 선언을 참조하십시오.
  
C:\Users\kkth3\OneDrive\문서\GitHub\250531\Client\Engine\Public\Engine_Struct.h(204,13): warning C4251: 'Engine::tagVertex_Anim_Mesh::vPosition': 'DirectX::XMFLOAT3'에서는 'Engine::tagVertex_Anim_Mesh'의 클라이언트에서 DLL 인터페이스를 사용하도록 지정해야 함
  (소스 파일 '../private/Channel.cpp'을(를) 컴파일하는 중)
      C:\Program Files (x86)\Windows Kits\10\Include\10.0.28000.0\um\DirectXMath.h(661,12):
      'DirectX::XMFLOAT3' 선언을 참조하십시오.
  
C:\Users\kkth3\OneDrive\문서\GitHub\250531\Client\Engine\Public\Engine_Struct.h(205,13): warning C4251: 'Engine::tagVertex_Anim_Mesh::vNormal': 'DirectX::XMFLOAT3'에서는 'Engine::tagVertex_Anim_Mesh'의 클라이언트에서 DLL 인터페이스를 사용하도록 지정해야 함
  (소스 파일 '../private/Channel.cpp'을(를) 컴파일하는 중)
      C:\Program Files (x86)\Windows Kits\10\Include\10.0.28000.0\um\DirectXMath.h(661,12):
      'DirectX::XMFLOAT3' 선언을 참조하십시오.
  
C:\Users\kkth3\OneDrive\문서\GitHub\250531\Client\Engine\Public\Engine_Struct.h(206,13): warning C4251: 'Engine::tagVertex_Anim_Mesh::vTexcoord': 'DirectX::XMFLOAT2'에서는 'Engine::tagVertex_Anim_Mesh'의 클라이언트에서 DLL 인터페이스를 사용하도록 지정해야 함
  (소스 파일 '../private/Channel.cpp'을(를) 컴파일하는 중)
      C:\Program Files (x86)\Windows Kits\10\Include\10.0.28000.0\um\DirectXMath.h(584,12):
      'DirectX::XMFLOAT2' 선언을 참조하십시오.
  
C:\Users\kkth3\OneDrive\문서\GitHub\250531\Client\Engine\Public\Engine_Struct.h(207,13): warning C4251: 'Engine::tagVertex_Anim_Mesh::vTangent': 'DirectX::XMFLOAT3'에서는 'Engine::tagVertex_Anim_Mesh'의 클라이언트에서 DLL 인터페이스를 사용하도록 지정해야 함
  (소스 파일 '../private/Channel.cpp'을(를) 컴파일하는 중)
      C:\Program Files (x86)\Windows Kits\10\Include\10.0.28000.0\um\DirectXMath.h(661,12):
      'DirectX::XMFLOAT3' 선언을 참조하십시오.
  
C:\Users\kkth3\OneDrive\문서\GitHub\250531\Client\Engine\Public\Engine_Struct.h(209,13): warning C4251: 'Engine::tagVertex_Anim_Mesh::vBlendIndices': 'DirectX::XMUINT4'에서는 'Engine::tagVertex_Anim_Mesh'의 클라이언트에서 DLL 인터페이스를 사용하도록 지정해야 함
  (소스 파일 '../private/Channel.cpp'을(를) 컴파일하는 중)
      C:\Program Files (x86)\Windows Kits\10\Include\10.0.28000.0\um\DirectXMath.h(793,12):
      'DirectX::XMUINT4' 선언을 참조하십시오.
  
C:\Users\kkth3\OneDrive\문서\GitHub\250531\Client\Engine\Public\Engine_Struct.h(210,13): warning C4251: 'Engine::tagVertex_Anim_Mesh::vBlendWeights': 'DirectX::XMFLOAT4'에서는 'Engine::tagVertex_Anim_Mesh'의 클라이언트에서 DLL 인터페이스를 사용하도록 지정해야 함
  (소스 파일 '../private/Channel.cpp'을(를) 컴파일하는 중)
      C:\Program Files (x86)\Windows Kits\10\Include\10.0.28000.0\um\DirectXMath.h(736,12):
      'DirectX::XMFLOAT4' 선언을 참조하십시오.
  
  ComponentMgr.cpp
C:\Users\kkth3\OneDrive\문서\GitHub\250531\Client\Engine\public\Engine_Struct.h(21,14): warning C4251: 'Engine::ObjectConstants::World': 'DirectX::XMFLOAT4X4'에서는 'Engine::ObjectConstants'의 클라이언트에서 DLL 인터페이스를 사용하도록 지정해야 함
  (소스 파일 '../private/ComponentMgr.cpp'을(를) 컴파일하는 중)
      C:\Program Files (x86)\Windows Kits\10\Include\10.0.28000.0\um\DirectXMath.h(964,12):
      'DirectX::XMFLOAT4X4' 선언을 참조하십시오.
  
C:\Users\kkth3\OneDrive\문서\GitHub\250531\Client\Engine\public\Engine_Struct.h(22,14): warning C4251: 'Engine::ObjectConstants::TexTransform': 'DirectX::XMFLOAT4X4'에서는 'Engine::ObjectConstants'의 클라이언트에서 DLL 인터페이스를 사용하도록 지정해야 함
  (소스 파일 '../private/ComponentMgr.cpp'을(를) 컴파일하는 중)
      C:\Program Files (x86)\Windows Kits\10\Include\10.0.28000.0\um\DirectXMath.h(964,12):
      'DirectX::XMFLOAT4X4' 선언을 참조하십시오.
  
C:\Users\kkth3\OneDrive\문서\GitHub\250531\Client\Engine\public\Engine_Struct.h(31,21): warning C4251: 'Engine::Light::Strength': 'DirectX::XMFLOAT3'에서는 'Engine::Light'의 클라이언트에서 DLL 인터페이스를 사용하도록 지정해야 함
  (소스 파일 '../private/ComponentMgr.cpp'을(를) 컴파일하는 중)
      C:\Program Files (x86)\Windows Kits\10\Include\10.0.28000.0\um\DirectXMath.h(661,12):
      'DirectX::XMFLOAT3' 선언을 참조하십시오.
  
C:\Users\kkth3\OneDrive\문서\GitHub\250531\Client\Engine\public\Engine_Struct.h(33,21): warning C4251: 'Engine::Light::Direction': 'DirectX::XMFLOAT3'에서는 'Engine::Light'의 클라이언트에서 DLL 인터페이스를 사용하도록 지정해야 함
  (소스 파일 '../private/ComponentMgr.cpp'을(를) 컴파일하는 중)
      C:\Program Files (x86)\Windows Kits\10\Include\10.0.28000.0\um\DirectXMath.h(661,12):
      'DirectX::XMFLOAT3' 선언을 참조하십시오.
  
C:\Users\kkth3\OneDrive\문서\GitHub\250531\Client\Engine\public\Engine_Struct.h(35,21): warning C4251: 'Engine::Light::Position': 'DirectX::XMFLOAT3'에서는 'Engine::Light'의 클라이언트에서 DLL 인터페이스를 사용하도록 지정해야 함
  (소스 파일 '../private/ComponentMgr.cpp'을(를) 컴파일하는 중)
      C:\Program Files (x86)\Windows Kits\10\Include\10.0.28000.0\um\DirectXMath.h(661,12):
      'DirectX::XMFLOAT3' 선언을 참조하십시오.
  
C:\Users\kkth3\OneDrive\문서\GitHub\250531\Client\Engine\public\Engine_Struct.h(41,23): warning C4251: 'Engine::PassConstants::View': 'DirectX::XMFLOAT4X4'에서는 'Engine::PassConstants'의 클라이언트에서 DLL 인터페이스를 사용하도록 지정해야 함
  (소스 파일 '../private/ComponentMgr.cpp'을(를) 컴파일하는 중)
      C:\Program Files (x86)\Windows Kits\10\Include\10.0.28000.0\um\DirectXMath.h(964,12):
      'DirectX::XMFLOAT4X4' 선언을 참조하십시오.
  
C:\Users\kkth3\OneDrive\문서\GitHub\250531\Client\Engine\public\Engine_Struct.h(42,23): warning C4251: 'Engine::PassConstants::InvView': 'DirectX::XMFLOAT4X4'에서는 'Engine::PassConstants'의 클라이언트에서 DLL 인터페이스를 사용하도록 지정해야 함
  (소스 파일 '../private/ComponentMgr.cpp'을(를) 컴파일하는 중)
      C:\Program Files (x86)\Windows Kits\10\Include\10.0.28000.0\um\DirectXMath.h(964,12):
      'DirectX::XMFLOAT4X4' 선언을 참조하십시오.
  
C:\Users\kkth3\OneDrive\문서\GitHub\250531\Client\Engine\public\Engine_Struct.h(43,23): warning C4251: 'Engine::PassConstants::Proj': 'DirectX::XMFLOAT4X4'에서는 'Engine::PassConstants'의 클라이언트에서 DLL 인터페이스를 사용하도록 지정해야 함
  (소스 파일 '../private/ComponentMgr.cpp'을(를) 컴파일하는 중)
      C:\Program Files (x86)\Windows Kits\10\Include\10.0.28000.0\um\DirectXMath.h(964,12):
      'DirectX::XMFLOAT4X4' 선언을 참조하십시오.
  
C:\Users\kkth3\OneDrive\문서\GitHub\250531\Client\Engine\public\Engine_Struct.h(44,23): warning C4251: 'Engine::PassConstants::InvProj': 'DirectX::XMFLOAT4X4'에서는 'Engine::PassConstants'의 클라이언트에서 DLL 인터페이스를 사용하도록 지정해야 함
  (소스 파일 '../private/ComponentMgr.cpp'을(를) 컴파일하는 중)
      C:\Program Files (x86)\Windows Kits\10\Include\10.0.28000.0\um\DirectXMath.h(964,12):
      'DirectX::XMFLOAT4X4' 선언을 참조하십시오.
  
C:\Users\kkth3\OneDrive\문서\GitHub\250531\Client\Engine\public\Engine_Struct.h(45,23): warning C4251: 'Engine::PassConstants::ViewProj': 'DirectX::XMFLOAT4X4'에서는 'Engine::PassConstants'의 클라이언트에서 DLL 인터페이스를 사용하도록 지정해야 함
  (소스 파일 '../private/ComponentMgr.cpp'을(를) 컴파일하는 중)
      C:\Program Files (x86)\Windows Kits\10\Include\10.0.28000.0\um\DirectXMath.h(964,12):
      'DirectX::XMFLOAT4X4' 선언을 참조하십시오.
  
C:\Users\kkth3\OneDrive\문서\GitHub\250531\Client\Engine\public\Engine_Struct.h(46,23): warning C4251: 'Engine::PassConstants::InvViewProj': 'DirectX::XMFLOAT4X4'에서는 'Engine::PassConstants'의 클라이언트에서 DLL 인터페이스를 사용하도록 지정해야 함
  (소스 파일 '../private/ComponentMgr.cpp'을(를) 컴파일하는 중)
      C:\Program Files (x86)\Windows Kits\10\Include\10.0.28000.0\um\DirectXMath.h(964,12):
      'DirectX::XMFLOAT4X4' 선언을 참조하십시오.
  
C:\Users\kkth3\OneDrive\문서\GitHub\250531\Client\Engine\public\Engine_Struct.h(47,23): warning C4251: 'Engine::PassConstants::ShadowTransform': 'DirectX::XMFLOAT4X4'에서는 'Engine::PassConstants'의 클라이언트에서 DLL 인터페이스를 사용하도록 지정해야 함
  (소스 파일 '../private/ComponentMgr.cpp'을(를) 컴파일하는 중)
      C:\Program Files (x86)\Windows Kits\10\Include\10.0.28000.0\um\DirectXMath.h(964,12):
      'DirectX::XMFLOAT4X4' 선언을 참조하십시오.
  
C:\Users\kkth3\OneDrive\문서\GitHub\250531\Client\Engine\public\Engine_Struct.h(48,21): warning C4251: 'Engine::PassConstants::EyePosW': 'DirectX::XMFLOAT3'에서는 'Engine::PassConstants'의 클라이언트에서 DLL 인터페이스를 사용하도록 지정해야 함
  (소스 파일 '../private/ComponentMgr.cpp'을(를) 컴파일하는 중)
      C:\Program Files (x86)\Windows Kits\10\Include\10.0.28000.0\um\DirectXMath.h(661,12):
      'DirectX::XMFLOAT3' 선언을 참조하십시오.
  
C:\Users\kkth3\OneDrive\문서\GitHub\250531\Client\Engine\public\Engine_Struct.h(50,21): warning C4251: 'Engine::PassConstants::RenderTargetSize': 'DirectX::XMFLOAT2'에서는 'Engine::PassConstants'의 클라이언트에서 DLL 인터페이스를 사용하도록 지정해야 함
  (소스 파일 '../private/ComponentMgr.cpp'을(를) 컴파일하는 중)
      C:\Program Files (x86)\Windows Kits\10\Include\10.0.28000.0\um\DirectXMath.h(584,12):
      'DirectX::XMFLOAT2' 선언을 참조하십시오.
  
C:\Users\kkth3\OneDrive\문서\GitHub\250531\Client\Engine\public\Engine_Struct.h(51,21): warning C4251: 'Engine::PassConstants::InvRenderTargetSize': 'DirectX::XMFLOAT2'에서는 'Engine::PassConstants'의 클라이언트에서 DLL 인터페이스를 사용하도록 지정해야 함
  (소스 파일 '../private/ComponentMgr.cpp'을(를) 컴파일하는 중)
      C:\Program Files (x86)\Windows Kits\10\Include\10.0.28000.0\um\DirectXMath.h(584,12):
      'DirectX::XMFLOAT2' 선언을 참조하십시오.
  
C:\Users\kkth3\OneDrive\문서\GitHub\250531\Client\Engine\public\Engine_Struct.h(57,21): warning C4251: 'Engine::PassConstants::AmbientLight': 'DirectX::XMFLOAT4'에서는 'Engine::PassConstants'의 클라이언트에서 DLL 인터페이스를 사용하도록 지정해야 함
  (소스 파일 '../private/ComponentMgr.cpp'을(를) 컴파일하는 중)
      C:\Program Files (x86)\Windows Kits\10\Include\10.0.28000.0\um\DirectXMath.h(736,12):
      'DirectX::XMFLOAT4' 선언을 참조하십시오.
  
C:\Users\kkth3\OneDrive\문서\GitHub\250531\Client\Engine\public\Engine_Struct.h(86,21): warning C4251: 'Engine::MaterialConstants::DiffuseAlbedo': 'DirectX::XMFLOAT4'에서는 'Engine::MaterialConstants'의 클라이언트에서 DLL 인터페이스를 사용하도록 지정해야 함
  (소스 파일 '../private/ComponentMgr.cpp'을(를) 컴파일하는 중)
      C:\Program Files (x86)\Windows Kits\10\Include\10.0.28000.0\um\DirectXMath.h(736,12):
      'DirectX::XMFLOAT4' 선언을 참조하십시오.
  
C:\Users\kkth3\OneDrive\문서\GitHub\250531\Client\Engine\public\Engine_Struct.h(87,21): warning C4251: 'Engine::MaterialConstants::FresnelR0': 'DirectX::XMFLOAT3'에서는 'Engine::MaterialConstants'의 클라이언트에서 DLL 인터페이스를 사용하도록 지정해야 함
  (소스 파일 '../private/ComponentMgr.cpp'을(를) 컴파일하는 중)
      C:\Program Files (x86)\Windows Kits\10\Include\10.0.28000.0\um\DirectXMath.h(661,12):
      'DirectX::XMFLOAT3' 선언을 참조하십시오.
  
C:\Users\kkth3\OneDrive\문서\GitHub\250531\Client\Engine\public\Engine_Struct.h(89,23): warning C4251: 'Engine::MaterialConstants::MatTransform': 'DirectX::XMFLOAT4X4'에서는 'Engine::MaterialConstants'의 클라이언트에서 DLL 인터페이스를 사용하도록 지정해야 함
  (소스 파일 '../private/ComponentMgr.cpp'을(를) 컴파일하는 중)
      C:\Program Files (x86)\Windows Kits\10\Include\10.0.28000.0\um\DirectXMath.h(964,12):
      'DirectX::XMFLOAT4X4' 선언을 참조하십시오.
  
C:\Users\kkth3\OneDrive\문서\GitHub\250531\Client\Engine\public\Engine_Struct.h(94,21): warning C4251: 'Engine::MaterialData::DiffuseAlbedo': 'DirectX::XMFLOAT4'에서는 'Engine::MaterialData'의 클라이언트에서 DLL 인터페이스를 사용하도록 지정해야 함
  (소스 파일 '../private/ComponentMgr.cpp'을(를) 컴파일하는 중)
      C:\Program Files (x86)\Windows Kits\10\Include\10.0.28000.0\um\DirectXMath.h(736,12):
      'DirectX::XMFLOAT4' 선언을 참조하십시오.
  
C:\Users\kkth3\OneDrive\문서\GitHub\250531\Client\Engine\public\Engine_Struct.h(95,21): warning C4251: 'Engine::MaterialData::FresnelR0': 'DirectX::XMFLOAT3'에서는 'Engine::MaterialData'의 클라이언트에서 DLL 인터페이스를 사용하도록 지정해야 함
  (소스 파일 '../private/ComponentMgr.cpp'을(를) 컴파일하는 중)
      C:\Program Files (x86)\Windows Kits\10\Include\10.0.28000.0\um\DirectXMath.h(661,12):
      'DirectX::XMFLOAT3' 선언을 참조하십시오.
  
C:\Users\kkth3\OneDrive\문서\GitHub\250531\Client\Engine\public\Engine_Struct.h(99,23): warning C4251: 'Engine::MaterialData::MatTransform': 'DirectX::XMFLOAT4X4'에서는 'Engine::MaterialData'의 클라이언트에서 DLL 인터페이스를 사용하도록 지정해야 함
  (소스 파일 '../private/ComponentMgr.cpp'을(를) 컴파일하는 중)
      C:\Program Files (x86)\Windows Kits\10\Include\10.0.28000.0\um\DirectXMath.h(964,12):
      'DirectX::XMFLOAT4X4' 선언을 참조하십시오.
  
C:\Users\kkth3\OneDrive\문서\GitHub\250531\Client\Engine\public\Engine_Struct.h(113,14): warning C4251: 'Engine::InstanceData::World': 'DirectX::XMFLOAT4X4'에서는 'Engine::InstanceData'의 클라이언트에서 DLL 인터페이스를 사용하도록 지정해야 함
  (소스 파일 '../private/ComponentMgr.cpp'을(를) 컴파일하는 중)
      C:\Program Files (x86)\Windows Kits\10\Include\10.0.28000.0\um\DirectXMath.h(964,12):
      'DirectX::XMFLOAT4X4' 선언을 참조하십시오.
  
C:\Users\kkth3\OneDrive\문서\GitHub\250531\Client\Engine\public\Engine_Struct.h(142,13): warning C4251: 'Engine::tagVertex_Position::vPosition': 'DirectX::XMFLOAT3'에서는 'Engine::tagVertex_Position'의 클라이언트에서 DLL 인터페이스를 사용하도록 지정해야 함
  (소스 파일 '../private/ComponentMgr.cpp'을(를) 컴파일하는 중)
      C:\Program Files (x86)\Windows Kits\10\Include\10.0.28000.0\um\DirectXMath.h(661,12):
      'DirectX::XMFLOAT3' 선언을 참조하십시오.
  
C:\Users\kkth3\OneDrive\문서\GitHub\250531\Client\Engine\public\Engine_Struct.h(151,13): warning C4251: 'Engine::tagVertex_Position_Normal::vPosition': 'DirectX::XMFLOAT3'에서는 'Engine::tagVertex_Position_Normal'의 클라이언트에서 DLL 인터페이스를 사용하도록 지정해야 함
  (소스 파일 '../private/ComponentMgr.cpp'을(를) 컴파일하는 중)
      C:\Program Files (x86)\Windows Kits\10\Include\10.0.28000.0\um\DirectXMath.h(661,12):
      'DirectX::XMFLOAT3' 선언을 참조하십시오.
  
C:\Users\kkth3\OneDrive\문서\GitHub\250531\Client\Engine\public\Engine_Struct.h(152,13): warning C4251: 'Engine::tagVertex_Position_Normal::vNormal': 'DirectX::XMFLOAT3'에서는 'Engine::tagVertex_Position_Normal'의 클라이언트에서 DLL 인터페이스를 사용하도록 지정해야 함
  (소스 파일 '../private/ComponentMgr.cpp'을(를) 컴파일하는 중)
      C:\Program Files (x86)\Windows Kits\10\Include\10.0.28000.0\um\DirectXMath.h(661,12):
      'DirectX::XMFLOAT3' 선언을 참조하십시오.
  
C:\Users\kkth3\OneDrive\문서\GitHub\250531\Client\Engine\public\Engine_Struct.h(161,13): warning C4251: 'Engine::tagVertex_Position_Texcoord::vPosition': 'DirectX::XMFLOAT3'에서는 'Engine::tagVertex_Position_Texcoord'의 클라이언트에서 DLL 인터페이스를 사용하도록 지정해야 함
  (소스 파일 '../private/ComponentMgr.cpp'을(를) 컴파일하는 중)
      C:\Program Files (x86)\Windows Kits\10\Include\10.0.28000.0\um\DirectXMath.h(661,12):
      'DirectX::XMFLOAT3' 선언을 참조하십시오.
  
C:\Users\kkth3\OneDrive\문서\GitHub\250531\Client\Engine\public\Engine_Struct.h(162,13): warning C4251: 'Engine::tagVertex_Position_Texcoord::vTexcoord': 'DirectX::XMFLOAT2'에서는 'Engine::tagVertex_Position_Texcoord'의 클라이언트에서 DLL 인터페이스를 사용하도록 지정해야 함
  (소스 파일 '../private/ComponentMgr.cpp'을(를) 컴파일하는 중)
      C:\Program Files (x86)\Windows Kits\10\Include\10.0.28000.0\um\DirectXMath.h(584,12):
      'DirectX::XMFLOAT2' 선언을 참조하십시오.
  
C:\Users\kkth3\OneDrive\문서\GitHub\250531\Client\Engine\public\Engine_Struct.h(171,13): warning C4251: 'Engine::tagVertex_Position_Normal_Texcoord::vPosition': 'DirectX::XMFLOAT3'에서는 'Engine::tagVertex_Position_Normal_Texcoord'의 클라이언트에서 DLL 인터페이스를 사용하도록 지정해야 함
  (소스 파일 '../private/ComponentMgr.cpp'을(를) 컴파일하는 중)
      C:\Program Files (x86)\Windows Kits\10\Include\10.0.28000.0\um\DirectXMath.h(661,12):
      'DirectX::XMFLOAT3' 선언을 참조하십시오.
  
C:\Users\kkth3\OneDrive\문서\GitHub\250531\Client\Engine\public\Engine_Struct.h(172,13): warning C4251: 'Engine::tagVertex_Position_Normal_Texcoord::vNormal': 'DirectX::XMFLOAT3'에서는 'Engine::tagVertex_Position_Normal_Texcoord'의 클라이언트에서 DLL 인터페이스를 사용하도록 지정해야 함
  (소스 파일 '../private/ComponentMgr.cpp'을(를) 컴파일하는 중)
      C:\Program Files (x86)\Windows Kits\10\Include\10.0.28000.0\um\DirectXMath.h(661,12):
      'DirectX::XMFLOAT3' 선언을 참조하십시오.
  
C:\Users\kkth3\OneDrive\문서\GitHub\250531\Client\Engine\public\Engine_Struct.h(173,13): warning C4251: 'Engine::tagVertex_Position_Normal_Texcoord::vTexcoord': 'DirectX::XMFLOAT2'에서는 'Engine::tagVertex_Position_Normal_Texcoord'의 클라이언트에서 DLL 인터페이스를 사용하도록 지정해야 함
  (소스 파일 '../private/ComponentMgr.cpp'을(를) 컴파일하는 중)
      C:\Program Files (x86)\Windows Kits\10\Include\10.0.28000.0\um\DirectXMath.h(584,12):
      'DirectX::XMFLOAT2' 선언을 참조하십시오.
  
C:\Users\kkth3\OneDrive\문서\GitHub\250531\Client\Engine\public\Engine_Struct.h(182,13): warning C4251: 'Engine::tagVertex_Position_Cube_Texcoord::vPosition': 'DirectX::XMFLOAT3'에서는 'Engine::tagVertex_Position_Cube_Texcoord'의 클라이언트에서 DLL 인터페이스를 사용하도록 지정해야 함
  (소스 파일 '../private/ComponentMgr.cpp'을(를) 컴파일하는 중)
      C:\Program Files (x86)\Windows Kits\10\Include\10.0.28000.0\um\DirectXMath.h(661,12):
      'DirectX::XMFLOAT3' 선언을 참조하십시오.
  
C:\Users\kkth3\OneDrive\문서\GitHub\250531\Client\Engine\public\Engine_Struct.h(183,13): warning C4251: 'Engine::tagVertex_Position_Cube_Texcoord::vTexcoord': 'DirectX::XMFLOAT3'에서는 'Engine::tagVertex_Position_Cube_Texcoord'의 클라이언트에서 DLL 인터페이스를 사용하도록 지정해야 함
  (소스 파일 '../private/ComponentMgr.cpp'을(를) 컴파일하는 중)
      C:\Program Files (x86)\Windows Kits\10\Include\10.0.28000.0\um\DirectXMath.h(661,12):
      'DirectX::XMFLOAT3' 선언을 참조하십시오.
  
C:\Users\kkth3\OneDrive\문서\GitHub\250531\Client\Engine\public\Engine_Struct.h(192,13): warning C4251: 'Engine::tagVertex_Mesh::vPosition': 'DirectX::XMFLOAT3'에서는 'Engine::tagVertex_Mesh'의 클라이언트에서 DLL 인터페이스를 사용하도록 지정해야 함
  (소스 파일 '../private/ComponentMgr.cpp'을(를) 컴파일하는 중)
      C:\Program Files (x86)\Windows Kits\10\Include\10.0.28000.0\um\DirectXMath.h(661,12):
      'DirectX::XMFLOAT3' 선언을 참조하십시오.
  
C:\Users\kkth3\OneDrive\문서\GitHub\250531\Client\Engine\public\Engine_Struct.h(193,13): warning C4251: 'Engine::tagVertex_Mesh::vNormal': 'DirectX::XMFLOAT3'에서는 'Engine::tagVertex_Mesh'의 클라이언트에서 DLL 인터페이스를 사용하도록 지정해야 함
  (소스 파일 '../private/ComponentMgr.cpp'을(를) 컴파일하는 중)
      C:\Program Files (x86)\Windows Kits\10\Include\10.0.28000.0\um\DirectXMath.h(661,12):
      'DirectX::XMFLOAT3' 선언을 참조하십시오.
  
C:\Users\kkth3\OneDrive\문서\GitHub\250531\Client\Engine\public\Engine_Struct.h(194,13): warning C4251: 'Engine::tagVertex_Mesh::vTexcoord': 'DirectX::XMFLOAT2'에서는 'Engine::tagVertex_Mesh'의 클라이언트에서 DLL 인터페이스를 사용하도록 지정해야 함
  (소스 파일 '../private/ComponentMgr.cpp'을(를) 컴파일하는 중)
      C:\Program Files (x86)\Windows Kits\10\Include\10.0.28000.0\um\DirectXMath.h(584,12):
      'DirectX::XMFLOAT2' 선언을 참조하십시오.
  
C:\Users\kkth3\OneDrive\문서\GitHub\250531\Client\Engine\public\Engine_Struct.h(195,13): warning C4251: 'Engine::tagVertex_Mesh::vTangent': 'DirectX::XMFLOAT3'에서는 'Engine::tagVertex_Mesh'의 클라이언트에서 DLL 인터페이스를 사용하도록 지정해야 함
  (소스 파일 '../private/ComponentMgr.cpp'을(를) 컴파일하는 중)
      C:\Program Files (x86)\Windows Kits\10\Include\10.0.28000.0\um\DirectXMath.h(661,12):
      'DirectX::XMFLOAT3' 선언을 참조하십시오.
  
C:\Users\kkth3\OneDrive\문서\GitHub\250531\Client\Engine\public\Engine_Struct.h(204,13): warning C4251: 'Engine::tagVertex_Anim_Mesh::vPosition': 'DirectX::XMFLOAT3'에서는 'Engine::tagVertex_Anim_Mesh'의 클라이언트에서 DLL 인터페이스를 사용하도록 지정해야 함
  (소스 파일 '../private/ComponentMgr.cpp'을(를) 컴파일하는 중)
      C:\Program Files (x86)\Windows Kits\10\Include\10.0.28000.0\um\DirectXMath.h(661,12):
      'DirectX::XMFLOAT3' 선언을 참조하십시오.
  
C:\Users\kkth3\OneDrive\문서\GitHub\250531\Client\Engine\public\Engine_Struct.h(205,13): warning C4251: 'Engine::tagVertex_Anim_Mesh::vNormal': 'DirectX::XMFLOAT3'에서는 'Engine::tagVertex_Anim_Mesh'의 클라이언트에서 DLL 인터페이스를 사용하도록 지정해야 함
  (소스 파일 '../private/ComponentMgr.cpp'을(를) 컴파일하는 중)
      C:\Program Files (x86)\Windows Kits\10\Include\10.0.28000.0\um\DirectXMath.h(661,12):
      'DirectX::XMFLOAT3' 선언을 참조하십시오.
  
C:\Users\kkth3\OneDrive\문서\GitHub\250531\Client\Engine\public\Engine_Struct.h(206,13): warning C4251: 'Engine::tagVertex_Anim_Mesh::vTexcoord': 'DirectX::XMFLOAT2'에서는 'Engine::tagVertex_Anim_Mesh'의 클라이언트에서 DLL 인터페이스를 사용하도록 지정해야 함
  (소스 파일 '../private/ComponentMgr.cpp'을(를) 컴파일하는 중)
      C:\Program Files (x86)\Windows Kits\10\Include\10.0.28000.0\um\DirectXMath.h(584,12):
      'DirectX::XMFLOAT2' 선언을 참조하십시오.
  
C:\Users\kkth3\OneDrive\문서\GitHub\250531\Client\Engine\public\Engine_Struct.h(207,13): warning C4251: 'Engine::tagVertex_Anim_Mesh::vTangent': 'DirectX::XMFLOAT3'에서는 'Engine::tagVertex_Anim_Mesh'의 클라이언트에서 DLL 인터페이스를 사용하도록 지정해야 함
  (소스 파일 '../private/ComponentMgr.cpp'을(를) 컴파일하는 중)
      C:\Program Files (x86)\Windows Kits\10\Include\10.0.28000.0\um\DirectXMath.h(661,12):
      'DirectX::XMFLOAT3' 선언을 참조하십시오.
  
C:\Users\kkth3\OneDrive\문서\GitHub\250531\Client\Engine\public\Engine_Struct.h(209,13): warning C4251: 'Engine::tagVertex_Anim_Mesh::vBlendIndices': 'DirectX::XMUINT4'에서는 'Engine::tagVertex_Anim_Mesh'의 클라이언트에서 DLL 인터페이스를 사용하도록 지정해야 함
  (소스 파일 '../private/ComponentMgr.cpp'을(를) 컴파일하는 중)
      C:\Program Files (x86)\Windows Kits\10\Include\10.0.28000.0\um\DirectXMath.h(793,12):
      'DirectX::XMUINT4' 선언을 참조하십시오.
  
C:\Users\kkth3\OneDrive\문서\GitHub\250531\Client\Engine\public\Engine_Struct.h(210,13): warning C4251: 'Engine::tagVertex_Anim_Mesh::vBlendWeights': 'DirectX::XMFLOAT4'에서는 'Engine::tagVertex_Anim_Mesh'의 클라이언트에서 DLL 인터페이스를 사용하도록 지정해야 함
  (소스 파일 '../private/ComponentMgr.cpp'을(를) 컴파일하는 중)
      C:\Program Files (x86)\Windows Kits\10\Include\10.0.28000.0\um\DirectXMath.h(736,12):
      'DirectX::XMFLOAT4' 선언을 참조하십시오.
  
C:\Users\kkth3\OneDrive\문서\GitHub\250531\Client\Engine\public\VIBuffer_Geos.h(24,50): warning C4251: 'Engine::CVIBuffer_Geos::m_SubMeshInfos': 'std::unordered_map<Engine::CVIBuffer_Geos::BASIC_SUBMESHES,SubmeshGeometry,std::hash<Engine::CVIBuffer_Geos::BASIC_SUBMESHES>,std::equal_to<Engine::CVIBuffer_Geos::BASIC_SUBMESHES>,std::allocator<std::pair<const Engine::CVIBuffer_Geos::BASIC_SUBMESHES,SubmeshGeometry>>>'에서는 'Engine::CVIBuffer_Geos'의 클라이언트에서 DLL 인터페이스를 사용하도록 지정해야 함
  (소스 파일 '../private/ComponentMgr.cpp'을(를) 컴파일하는 중)
      C:\Program Files\Microsoft Visual Studio\2022\Community\VC\Tools\MSVC\14.44.35207\include\unordered_map(61,7):
      'std::unordered_map<Engine::CVIBuffer_Geos::BASIC_SUBMESHES,SubmeshGeometry,std::hash<Engine::CVIBuffer_Geos::BASIC_SUBMESHES>,std::equal_to<Engine::CVIBuffer_Geos::BASIC_SUBMESHES>,std::allocator<std::pair<const Engine::CVIBuffer_Geos::BASIC_SUBMESHES,SubmeshGeometry>>>' 선언을 참조하십시오.
  
C:\Users\kkth3\OneDrive\문서\GitHub\250531\Client\Engine\public\Transform.h(106,13): warning C4251: 'Engine::CTransform::m_WorldMatrix': 'DirectX::XMFLOAT4X4'에서는 'Engine::CTransform'의 클라이언트에서 DLL 인터페이스를 사용하도록 지정해야 함
  (소스 파일 '../private/ComponentMgr.cpp'을(를) 컴파일하는 중)
      C:\Program Files (x86)\Windows Kits\10\Include\10.0.28000.0\um\DirectXMath.h(964,12):
      'DirectX::XMFLOAT4X4' 선언을 참조하십시오.
  
C:\Users\kkth3\OneDrive\문서\GitHub\250531\Client\Engine\public\Model.h(62,16): warning C4251: 'Engine::CModel::m_PivotMatrix': 'DirectX::XMFLOAT4X4'에서는 'Engine::CModel'의 클라이언트에서 DLL 인터페이스를 사용하도록 지정해야 함
  (소스 파일 '../private/ComponentMgr.cpp'을(를) 컴파일하는 중)
      C:\Program Files (x86)\Windows Kits\10\Include\10.0.28000.0\um\DirectXMath.h(964,12):
      'DirectX::XMFLOAT4X4' 선언을 참조하십시오.
  
C:\Users\kkth3\OneDrive\문서\GitHub\250531\Client\Engine\public\Model.h(66,26): warning C4251: 'Engine::CModel::m_Meshes': 'std::vector<Engine::CMesh *,std::allocator<Engine::CMesh *>>'에서는 'Engine::CModel'의 클라이언트에서 DLL 인터페이스를 사용하도록 지정해야 함
  (소스 파일 '../private/ComponentMgr.cpp'을(를) 컴파일하는 중)
      C:\Program Files\Microsoft Visual Studio\2022\Community\VC\Tools\MSVC\14.44.35207\include\vector(442,7):
      'std::vector<Engine::CMesh *,std::allocator<Engine::CMesh *>>' 선언을 참조하십시오.
  
C:\Users\kkth3\OneDrive\문서\GitHub\250531\Client\Engine\public\Model.h(68,26): warning C4251: 'Engine::CModel::m_Bones': 'std::vector<Engine::CBone *,std::allocator<Engine::CBone *>>'에서는 'Engine::CModel'의 클라이언트에서 DLL 인터페이스를 사용하도록 지정해야 함
  (소스 파일 '../private/ComponentMgr.cpp'을(를) 컴파일하는 중)
      C:\Program Files\Microsoft Visual Studio\2022\Community\VC\Tools\MSVC\14.44.35207\include\vector(442,7):
      'std::vector<Engine::CBone *,std::allocator<Engine::CBone *>>' 선언을 참조하십시오.
  
C:\Users\kkth3\OneDrive\문서\GitHub\250531\Client\Engine\public\VIBuffer_Terrain.h(72,41): warning C4251: 'Engine::CVIBuffer_Terrain::m_pHeightMap': 'std::shared_ptr<std::vector<float,std::allocator<float>>>'에서는 'Engine::CVIBuffer_Terrain'의 클라이언트에서 DLL 인터페이스를 사용하도록 지정해야 함
  (소스 파일 '../private/ComponentMgr.cpp'을(를) 컴파일하는 중)
      C:\Program Files\Microsoft Visual Studio\2022\Community\VC\Tools\MSVC\14.44.35207\include\memory(1565,7):
      'std::shared_ptr<std::vector<float,std::allocator<float>>>' 선언을 참조하십시오.
  
C:\Users\kkth3\OneDrive\문서\GitHub\250531\Client\Engine\public\VIBuffer_Terrain.h(74,33): warning C4251: 'Engine::CVIBuffer_Terrain::m_Chunks': 'std::vector<Engine::CVIBuffer_Terrain::TERRAINCHUNK,std::allocator<Engine::CVIBuffer_Terrain::TERRAINCHUNK>>'에서는 'Engine::CVIBuffer_Terrain'의 클라이언트에서 DLL 인터페이스를 사용하도록 지정해야 함
  (소스 파일 '../private/ComponentMgr.cpp'을(를) 컴파일하는 중)
      C:\Program Files\Microsoft Visual Studio\2022\Community\VC\Tools\MSVC\14.44.35207\include\vector(442,7):
      'std::vector<Engine::CVIBuffer_Terrain::TERRAINCHUNK,std::allocator<Engine::CVIBuffer_Terrain::TERRAINCHUNK>>' 선언을 참조하십시오.
  
C:\Users\kkth3\OneDrive\문서\GitHub\250531\Client\Engine\public\VIBuffer_Terrain.h(87,33): warning C4251: 'Engine::CVIBuffer_Terrain::m_ChunkLODs': 'std::vector<GeometryGenerator::uint32,std::allocator<GeometryGenerator::uint32>>'에서는 'Engine::CVIBuffer_Terrain'의 클라이언트에서 DLL 인터페이스를 사용하도록 지정해야 함
  (소스 파일 '../private/ComponentMgr.cpp'을(를) 컴파일하는 중)
      C:\Program Files\Microsoft Visual Studio\2022\Community\VC\Tools\MSVC\14.44.35207\include\vector(442,7):
      'std::vector<GeometryGenerator::uint32,std::allocator<GeometryGenerator::uint32>>' 선언을 참조하십시오.
  
C:\Users\kkth3\OneDrive\문서\GitHub\250531\Client\Engine\public\VIBuffer_Terrain.h(89,33): warning C4251: 'Engine::CVIBuffer_Terrain::m_FrustumPlanes': 'DirectX::XMFLOAT4'에서는 'Engine::CVIBuffer_Terrain'의 클라이언트에서 DLL 인터페이스를 사용하도록 지정해야 함
  (소스 파일 '../private/ComponentMgr.cpp'을(를) 컴파일하는 중)
      C:\Program Files (x86)\Windows Kits\10\Include\10.0.28000.0\um\DirectXMath.h(736,12):
      'DirectX::XMFLOAT4' 선언을 참조하십시오.
  
C:\Users\kkth3\OneDrive\문서\GitHub\250531\Client\Engine\public\CBBinding.h(26,54): warning C4244: '=': 'Engine::_uint'에서 'float'(으)로 변환하면서 데이터가 손실될 수 있습니다.
  (소스 파일 '../private/ComponentMgr.cpp'을(를) 컴파일하는 중)
  
C:\Users\kkth3\OneDrive\문서\GitHub\250531\Client\Engine\public\MeshModel.h(33,35): warning C4251: 'Engine::CMeshModel::m_Meshes': 'std::vector<Engine::CVIBuffer_Mesh *,std::allocator<Engine::CVIBuffer_Mesh *>>'에서는 'Engine::CMeshModel'의 클라이언트에서 DLL 인터페이스를 사용하도록 지정해야 함
  (소스 파일 '../private/ComponentMgr.cpp'을(를) 컴파일하는 중)
      C:\Program Files\Microsoft Visual Studio\2022\Community\VC\Tools\MSVC\14.44.35207\include\vector(442,7):
      'std::vector<Engine::CVIBuffer_Mesh *,std::allocator<Engine::CVIBuffer_Mesh *>>' 선언을 참조하십시오.
  
  Component.cpp
C:\Users\kkth3\OneDrive\문서\GitHub\250531\Client\Engine\public\Engine_Struct.h(21,14): warning C4251: 'Engine::ObjectConstants::World': 'DirectX::XMFLOAT4X4'에서는 'Engine::ObjectConstants'의 클라이언트에서 DLL 인터페이스를 사용하도록 지정해야 함
  (소스 파일 '../private/Component.cpp'을(를) 컴파일하는 중)
      C:\Program Files (x86)\Windows Kits\10\Include\10.0.28000.0\um\DirectXMath.h(964,12):
      'DirectX::XMFLOAT4X4' 선언을 참조하십시오.
  
C:\Users\kkth3\OneDrive\문서\GitHub\250531\Client\Engine\public\Engine_Struct.h(22,14): warning C4251: 'Engine::ObjectConstants::TexTransform': 'DirectX::XMFLOAT4X4'에서는 'Engine::ObjectConstants'의 클라이언트에서 DLL 인터페이스를 사용하도록 지정해야 함
  (소스 파일 '../private/Component.cpp'을(를) 컴파일하는 중)
      C:\Program Files (x86)\Windows Kits\10\Include\10.0.28000.0\um\DirectXMath.h(964,12):
      'DirectX::XMFLOAT4X4' 선언을 참조하십시오.
  
C:\Users\kkth3\OneDrive\문서\GitHub\250531\Client\Engine\public\Engine_Struct.h(31,21): warning C4251: 'Engine::Light::Strength': 'DirectX::XMFLOAT3'에서는 'Engine::Light'의 클라이언트에서 DLL 인터페이스를 사용하도록 지정해야 함
  (소스 파일 '../private/Component.cpp'을(를) 컴파일하는 중)
      C:\Program Files (x86)\Windows Kits\10\Include\10.0.28000.0\um\DirectXMath.h(661,12):
      'DirectX::XMFLOAT3' 선언을 참조하십시오.
  
C:\Users\kkth3\OneDrive\문서\GitHub\250531\Client\Engine\public\Engine_Struct.h(33,21): warning C4251: 'Engine::Light::Direction': 'DirectX::XMFLOAT3'에서는 'Engine::Light'의 클라이언트에서 DLL 인터페이스를 사용하도록 지정해야 함
  (소스 파일 '../private/Component.cpp'을(를) 컴파일하는 중)
      C:\Program Files (x86)\Windows Kits\10\Include\10.0.28000.0\um\DirectXMath.h(661,12):
      'DirectX::XMFLOAT3' 선언을 참조하십시오.
  
C:\Users\kkth3\OneDrive\문서\GitHub\250531\Client\Engine\public\Engine_Struct.h(35,21): warning C4251: 'Engine::Light::Position': 'DirectX::XMFLOAT3'에서는 'Engine::Light'의 클라이언트에서 DLL 인터페이스를 사용하도록 지정해야 함
  (소스 파일 '../private/Component.cpp'을(를) 컴파일하는 중)
      C:\Program Files (x86)\Windows Kits\10\Include\10.0.28000.0\um\DirectXMath.h(661,12):
      'DirectX::XMFLOAT3' 선언을 참조하십시오.
  
C:\Users\kkth3\OneDrive\문서\GitHub\250531\Client\Engine\public\Engine_Struct.h(41,23): warning C4251: 'Engine::PassConstants::View': 'DirectX::XMFLOAT4X4'에서는 'Engine::PassConstants'의 클라이언트에서 DLL 인터페이스를 사용하도록 지정해야 함
  (소스 파일 '../private/Component.cpp'을(를) 컴파일하는 중)
      C:\Program Files (x86)\Windows Kits\10\Include\10.0.28000.0\um\DirectXMath.h(964,12):
      'DirectX::XMFLOAT4X4' 선언을 참조하십시오.
  
C:\Users\kkth3\OneDrive\문서\GitHub\250531\Client\Engine\public\Engine_Struct.h(42,23): warning C4251: 'Engine::PassConstants::InvView': 'DirectX::XMFLOAT4X4'에서는 'Engine::PassConstants'의 클라이언트에서 DLL 인터페이스를 사용하도록 지정해야 함
  (소스 파일 '../private/Component.cpp'을(를) 컴파일하는 중)
      C:\Program Files (x86)\Windows Kits\10\Include\10.0.28000.0\um\DirectXMath.h(964,12):
      'DirectX::XMFLOAT4X4' 선언을 참조하십시오.
  
C:\Users\kkth3\OneDrive\문서\GitHub\250531\Client\Engine\public\Engine_Struct.h(43,23): warning C4251: 'Engine::PassConstants::Proj': 'DirectX::XMFLOAT4X4'에서는 'Engine::PassConstants'의 클라이언트에서 DLL 인터페이스를 사용하도록 지정해야 함
  (소스 파일 '../private/Component.cpp'을(를) 컴파일하는 중)
      C:\Program Files (x86)\Windows Kits\10\Include\10.0.28000.0\um\DirectXMath.h(964,12):
      'DirectX::XMFLOAT4X4' 선언을 참조하십시오.
  
C:\Users\kkth3\OneDrive\문서\GitHub\250531\Client\Engine\public\Engine_Struct.h(44,23): warning C4251: 'Engine::PassConstants::InvProj': 'DirectX::XMFLOAT4X4'에서는 'Engine::PassConstants'의 클라이언트에서 DLL 인터페이스를 사용하도록 지정해야 함
  (소스 파일 '../private/Component.cpp'을(를) 컴파일하는 중)
      C:\Program Files (x86)\Windows Kits\10\Include\10.0.28000.0\um\DirectXMath.h(964,12):
      'DirectX::XMFLOAT4X4' 선언을 참조하십시오.
  
C:\Users\kkth3\OneDrive\문서\GitHub\250531\Client\Engine\public\Engine_Struct.h(45,23): warning C4251: 'Engine::PassConstants::ViewProj': 'DirectX::XMFLOAT4X4'에서는 'Engine::PassConstants'의 클라이언트에서 DLL 인터페이스를 사용하도록 지정해야 함
  (소스 파일 '../private/Component.cpp'을(를) 컴파일하는 중)
      C:\Program Files (x86)\Windows Kits\10\Include\10.0.28000.0\um\DirectXMath.h(964,12):
      'DirectX::XMFLOAT4X4' 선언을 참조하십시오.
  
C:\Users\kkth3\OneDrive\문서\GitHub\250531\Client\Engine\public\Engine_Struct.h(46,23): warning C4251: 'Engine::PassConstants::InvViewProj': 'DirectX::XMFLOAT4X4'에서는 'Engine::PassConstants'의 클라이언트에서 DLL 인터페이스를 사용하도록 지정해야 함
  (소스 파일 '../private/Component.cpp'을(를) 컴파일하는 중)
      C:\Program Files (x86)\Windows Kits\10\Include\10.0.28000.0\um\DirectXMath.h(964,12):
      'DirectX::XMFLOAT4X4' 선언을 참조하십시오.
  
C:\Users\kkth3\OneDrive\문서\GitHub\250531\Client\Engine\public\Engine_Struct.h(47,23): warning C4251: 'Engine::PassConstants::ShadowTransform': 'DirectX::XMFLOAT4X4'에서는 'Engine::PassConstants'의 클라이언트에서 DLL 인터페이스를 사용하도록 지정해야 함
  (소스 파일 '../private/Component.cpp'을(를) 컴파일하는 중)
      C:\Program Files (x86)\Windows Kits\10\Include\10.0.28000.0\um\DirectXMath.h(964,12):
      'DirectX::XMFLOAT4X4' 선언을 참조하십시오.
  
C:\Users\kkth3\OneDrive\문서\GitHub\250531\Client\Engine\public\Engine_Struct.h(48,21): warning C4251: 'Engine::PassConstants::EyePosW': 'DirectX::XMFLOAT3'에서는 'Engine::PassConstants'의 클라이언트에서 DLL 인터페이스를 사용하도록 지정해야 함
  (소스 파일 '../private/Component.cpp'을(를) 컴파일하는 중)
      C:\Program Files (x86)\Windows Kits\10\Include\10.0.28000.0\um\DirectXMath.h(661,12):
      'DirectX::XMFLOAT3' 선언을 참조하십시오.
  
C:\Users\kkth3\OneDrive\문서\GitHub\250531\Client\Engine\public\Engine_Struct.h(50,21): warning C4251: 'Engine::PassConstants::RenderTargetSize': 'DirectX::XMFLOAT2'에서는 'Engine::PassConstants'의 클라이언트에서 DLL 인터페이스를 사용하도록 지정해야 함
  (소스 파일 '../private/Component.cpp'을(를) 컴파일하는 중)
      C:\Program Files (x86)\Windows Kits\10\Include\10.0.28000.0\um\DirectXMath.h(584,12):
      'DirectX::XMFLOAT2' 선언을 참조하십시오.
  
C:\Users\kkth3\OneDrive\문서\GitHub\250531\Client\Engine\public\Engine_Struct.h(51,21): warning C4251: 'Engine::PassConstants::InvRenderTargetSize': 'DirectX::XMFLOAT2'에서는 'Engine::PassConstants'의 클라이언트에서 DLL 인터페이스를 사용하도록 지정해야 함
  (소스 파일 '../private/Component.cpp'을(를) 컴파일하는 중)
      C:\Program Files (x86)\Windows Kits\10\Include\10.0.28000.0\um\DirectXMath.h(584,12):
      'DirectX::XMFLOAT2' 선언을 참조하십시오.
  
C:\Users\kkth3\OneDrive\문서\GitHub\250531\Client\Engine\public\Engine_Struct.h(57,21): warning C4251: 'Engine::PassConstants::AmbientLight': 'DirectX::XMFLOAT4'에서는 'Engine::PassConstants'의 클라이언트에서 DLL 인터페이스를 사용하도록 지정해야 함
  (소스 파일 '../private/Component.cpp'을(를) 컴파일하는 중)
      C:\Program Files (x86)\Windows Kits\10\Include\10.0.28000.0\um\DirectXMath.h(736,12):
      'DirectX::XMFLOAT4' 선언을 참조하십시오.
  
C:\Users\kkth3\OneDrive\문서\GitHub\250531\Client\Engine\public\Engine_Struct.h(86,21): warning C4251: 'Engine::MaterialConstants::DiffuseAlbedo': 'DirectX::XMFLOAT4'에서는 'Engine::MaterialConstants'의 클라이언트에서 DLL 인터페이스를 사용하도록 지정해야 함
  (소스 파일 '../private/Component.cpp'을(를) 컴파일하는 중)
      C:\Program Files (x86)\Windows Kits\10\Include\10.0.28000.0\um\DirectXMath.h(736,12):
      'DirectX::XMFLOAT4' 선언을 참조하십시오.
  
C:\Users\kkth3\OneDrive\문서\GitHub\250531\Client\Engine\public\Engine_Struct.h(87,21): warning C4251: 'Engine::MaterialConstants::FresnelR0': 'DirectX::XMFLOAT3'에서는 'Engine::MaterialConstants'의 클라이언트에서 DLL 인터페이스를 사용하도록 지정해야 함
  (소스 파일 '../private/Component.cpp'을(를) 컴파일하는 중)
      C:\Program Files (x86)\Windows Kits\10\Include\10.0.28000.0\um\DirectXMath.h(661,12):
      'DirectX::XMFLOAT3' 선언을 참조하십시오.
  
C:\Users\kkth3\OneDrive\문서\GitHub\250531\Client\Engine\public\Engine_Struct.h(89,23): warning C4251: 'Engine::MaterialConstants::MatTransform': 'DirectX::XMFLOAT4X4'에서는 'Engine::MaterialConstants'의 클라이언트에서 DLL 인터페이스를 사용하도록 지정해야 함
  (소스 파일 '../private/Component.cpp'을(를) 컴파일하는 중)
      C:\Program Files (x86)\Windows Kits\10\Include\10.0.28000.0\um\DirectXMath.h(964,12):
      'DirectX::XMFLOAT4X4' 선언을 참조하십시오.
  
C:\Users\kkth3\OneDrive\문서\GitHub\250531\Client\Engine\public\Engine_Struct.h(94,21): warning C4251: 'Engine::MaterialData::DiffuseAlbedo': 'DirectX::XMFLOAT4'에서는 'Engine::MaterialData'의 클라이언트에서 DLL 인터페이스를 사용하도록 지정해야 함
  (소스 파일 '../private/Component.cpp'을(를) 컴파일하는 중)
      C:\Program Files (x86)\Windows Kits\10\Include\10.0.28000.0\um\DirectXMath.h(736,12):
      'DirectX::XMFLOAT4' 선언을 참조하십시오.
  
C:\Users\kkth3\OneDrive\문서\GitHub\250531\Client\Engine\public\Engine_Struct.h(95,21): warning C4251: 'Engine::MaterialData::FresnelR0': 'DirectX::XMFLOAT3'에서는 'Engine::MaterialData'의 클라이언트에서 DLL 인터페이스를 사용하도록 지정해야 함
  (소스 파일 '../private/Component.cpp'을(를) 컴파일하는 중)
      C:\Program Files (x86)\Windows Kits\10\Include\10.0.28000.0\um\DirectXMath.h(661,12):
      'DirectX::XMFLOAT3' 선언을 참조하십시오.
  
C:\Users\kkth3\OneDrive\문서\GitHub\250531\Client\Engine\public\Engine_Struct.h(99,23): warning C4251: 'Engine::MaterialData::MatTransform': 'DirectX::XMFLOAT4X4'에서는 'Engine::MaterialData'의 클라이언트에서 DLL 인터페이스를 사용하도록 지정해야 함
  (소스 파일 '../private/Component.cpp'을(를) 컴파일하는 중)
      C:\Program Files (x86)\Windows Kits\10\Include\10.0.28000.0\um\DirectXMath.h(964,12):
      'DirectX::XMFLOAT4X4' 선언을 참조하십시오.
  
C:\Users\kkth3\OneDrive\문서\GitHub\250531\Client\Engine\public\Engine_Struct.h(113,14): warning C4251: 'Engine::InstanceData::World': 'DirectX::XMFLOAT4X4'에서는 'Engine::InstanceData'의 클라이언트에서 DLL 인터페이스를 사용하도록 지정해야 함
  (소스 파일 '../private/Component.cpp'을(를) 컴파일하는 중)
      C:\Program Files (x86)\Windows Kits\10\Include\10.0.28000.0\um\DirectXMath.h(964,12):
      'DirectX::XMFLOAT4X4' 선언을 참조하십시오.
  
C:\Users\kkth3\OneDrive\문서\GitHub\250531\Client\Engine\public\Engine_Struct.h(142,13): warning C4251: 'Engine::tagVertex_Position::vPosition': 'DirectX::XMFLOAT3'에서는 'Engine::tagVertex_Position'의 클라이언트에서 DLL 인터페이스를 사용하도록 지정해야 함
  (소스 파일 '../private/Component.cpp'을(를) 컴파일하는 중)
      C:\Program Files (x86)\Windows Kits\10\Include\10.0.28000.0\um\DirectXMath.h(661,12):
      'DirectX::XMFLOAT3' 선언을 참조하십시오.
  
C:\Users\kkth3\OneDrive\문서\GitHub\250531\Client\Engine\public\Engine_Struct.h(151,13): warning C4251: 'Engine::tagVertex_Position_Normal::vPosition': 'DirectX::XMFLOAT3'에서는 'Engine::tagVertex_Position_Normal'의 클라이언트에서 DLL 인터페이스를 사용하도록 지정해야 함
  (소스 파일 '../private/Component.cpp'을(를) 컴파일하는 중)
      C:\Program Files (x86)\Windows Kits\10\Include\10.0.28000.0\um\DirectXMath.h(661,12):
      'DirectX::XMFLOAT3' 선언을 참조하십시오.
  
C:\Users\kkth3\OneDrive\문서\GitHub\250531\Client\Engine\public\Engine_Struct.h(152,13): warning C4251: 'Engine::tagVertex_Position_Normal::vNormal': 'DirectX::XMFLOAT3'에서는 'Engine::tagVertex_Position_Normal'의 클라이언트에서 DLL 인터페이스를 사용하도록 지정해야 함
  (소스 파일 '../private/Component.cpp'을(를) 컴파일하는 중)
      C:\Program Files (x86)\Windows Kits\10\Include\10.0.28000.0\um\DirectXMath.h(661,12):
      'DirectX::XMFLOAT3' 선언을 참조하십시오.
  
C:\Users\kkth3\OneDrive\문서\GitHub\250531\Client\Engine\public\Engine_Struct.h(161,13): warning C4251: 'Engine::tagVertex_Position_Texcoord::vPosition': 'DirectX::XMFLOAT3'에서는 'Engine::tagVertex_Position_Texcoord'의 클라이언트에서 DLL 인터페이스를 사용하도록 지정해야 함
  (소스 파일 '../private/Component.cpp'을(를) 컴파일하는 중)
      C:\Program Files (x86)\Windows Kits\10\Include\10.0.28000.0\um\DirectXMath.h(661,12):
      'DirectX::XMFLOAT3' 선언을 참조하십시오.
  
C:\Users\kkth3\OneDrive\문서\GitHub\250531\Client\Engine\public\Engine_Struct.h(162,13): warning C4251: 'Engine::tagVertex_Position_Texcoord::vTexcoord': 'DirectX::XMFLOAT2'에서는 'Engine::tagVertex_Position_Texcoord'의 클라이언트에서 DLL 인터페이스를 사용하도록 지정해야 함
  (소스 파일 '../private/Component.cpp'을(를) 컴파일하는 중)
      C:\Program Files (x86)\Windows Kits\10\Include\10.0.28000.0\um\DirectXMath.h(584,12):
      'DirectX::XMFLOAT2' 선언을 참조하십시오.
  
C:\Users\kkth3\OneDrive\문서\GitHub\250531\Client\Engine\public\Engine_Struct.h(171,13): warning C4251: 'Engine::tagVertex_Position_Normal_Texcoord::vPosition': 'DirectX::XMFLOAT3'에서는 'Engine::tagVertex_Position_Normal_Texcoord'의 클라이언트에서 DLL 인터페이스를 사용하도록 지정해야 함
  (소스 파일 '../private/Component.cpp'을(를) 컴파일하는 중)
      C:\Program Files (x86)\Windows Kits\10\Include\10.0.28000.0\um\DirectXMath.h(661,12):
      'DirectX::XMFLOAT3' 선언을 참조하십시오.
  
C:\Users\kkth3\OneDrive\문서\GitHub\250531\Client\Engine\public\Engine_Struct.h(172,13): warning C4251: 'Engine::tagVertex_Position_Normal_Texcoord::vNormal': 'DirectX::XMFLOAT3'에서는 'Engine::tagVertex_Position_Normal_Texcoord'의 클라이언트에서 DLL 인터페이스를 사용하도록 지정해야 함
  (소스 파일 '../private/Component.cpp'을(를) 컴파일하는 중)
      C:\Program Files (x86)\Windows Kits\10\Include\10.0.28000.0\um\DirectXMath.h(661,12):
      'DirectX::XMFLOAT3' 선언을 참조하십시오.
  
C:\Users\kkth3\OneDrive\문서\GitHub\250531\Client\Engine\public\Engine_Struct.h(173,13): warning C4251: 'Engine::tagVertex_Position_Normal_Texcoord::vTexcoord': 'DirectX::XMFLOAT2'에서는 'Engine::tagVertex_Position_Normal_Texcoord'의 클라이언트에서 DLL 인터페이스를 사용하도록 지정해야 함
  (소스 파일 '../private/Component.cpp'을(를) 컴파일하는 중)
      C:\Program Files (x86)\Windows Kits\10\Include\10.0.28000.0\um\DirectXMath.h(584,12):
      'DirectX::XMFLOAT2' 선언을 참조하십시오.
  
C:\Users\kkth3\OneDrive\문서\GitHub\250531\Client\Engine\public\Engine_Struct.h(182,13): warning C4251: 'Engine::tagVertex_Position_Cube_Texcoord::vPosition': 'DirectX::XMFLOAT3'에서는 'Engine::tagVertex_Position_Cube_Texcoord'의 클라이언트에서 DLL 인터페이스를 사용하도록 지정해야 함
  (소스 파일 '../private/Component.cpp'을(를) 컴파일하는 중)
      C:\Program Files (x86)\Windows Kits\10\Include\10.0.28000.0\um\DirectXMath.h(661,12):
      'DirectX::XMFLOAT3' 선언을 참조하십시오.
  
C:\Users\kkth3\OneDrive\문서\GitHub\250531\Client\Engine\public\Engine_Struct.h(183,13): warning C4251: 'Engine::tagVertex_Position_Cube_Texcoord::vTexcoord': 'DirectX::XMFLOAT3'에서는 'Engine::tagVertex_Position_Cube_Texcoord'의 클라이언트에서 DLL 인터페이스를 사용하도록 지정해야 함
  (소스 파일 '../private/Component.cpp'을(를) 컴파일하는 중)
      C:\Program Files (x86)\Windows Kits\10\Include\10.0.28000.0\um\DirectXMath.h(661,12):
      'DirectX::XMFLOAT3' 선언을 참조하십시오.
  
C:\Users\kkth3\OneDrive\문서\GitHub\250531\Client\Engine\public\Engine_Struct.h(192,13): warning C4251: 'Engine::tagVertex_Mesh::vPosition': 'DirectX::XMFLOAT3'에서는 'Engine::tagVertex_Mesh'의 클라이언트에서 DLL 인터페이스를 사용하도록 지정해야 함
  (소스 파일 '../private/Component.cpp'을(를) 컴파일하는 중)
      C:\Program Files (x86)\Windows Kits\10\Include\10.0.28000.0\um\DirectXMath.h(661,12):
      'DirectX::XMFLOAT3' 선언을 참조하십시오.
  
C:\Users\kkth3\OneDrive\문서\GitHub\250531\Client\Engine\public\Engine_Struct.h(193,13): warning C4251: 'Engine::tagVertex_Mesh::vNormal': 'DirectX::XMFLOAT3'에서는 'Engine::tagVertex_Mesh'의 클라이언트에서 DLL 인터페이스를 사용하도록 지정해야 함
  (소스 파일 '../private/Component.cpp'을(를) 컴파일하는 중)
      C:\Program Files (x86)\Windows Kits\10\Include\10.0.28000.0\um\DirectXMath.h(661,12):
      'DirectX::XMFLOAT3' 선언을 참조하십시오.
  
C:\Users\kkth3\OneDrive\문서\GitHub\250531\Client\Engine\public\Engine_Struct.h(194,13): warning C4251: 'Engine::tagVertex_Mesh::vTexcoord': 'DirectX::XMFLOAT2'에서는 'Engine::tagVertex_Mesh'의 클라이언트에서 DLL 인터페이스를 사용하도록 지정해야 함
  (소스 파일 '../private/Component.cpp'을(를) 컴파일하는 중)
      C:\Program Files (x86)\Windows Kits\10\Include\10.0.28000.0\um\DirectXMath.h(584,12):
      'DirectX::XMFLOAT2' 선언을 참조하십시오.
  
C:\Users\kkth3\OneDrive\문서\GitHub\250531\Client\Engine\public\Engine_Struct.h(195,13): warning C4251: 'Engine::tagVertex_Mesh::vTangent': 'DirectX::XMFLOAT3'에서는 'Engine::tagVertex_Mesh'의 클라이언트에서 DLL 인터페이스를 사용하도록 지정해야 함
  (소스 파일 '../private/Component.cpp'을(를) 컴파일하는 중)
      C:\Program Files (x86)\Windows Kits\10\Include\10.0.28000.0\um\DirectXMath.h(661,12):
      'DirectX::XMFLOAT3' 선언을 참조하십시오.
  
C:\Users\kkth3\OneDrive\문서\GitHub\250531\Client\Engine\public\Engine_Struct.h(204,13): warning C4251: 'Engine::tagVertex_Anim_Mesh::vPosition': 'DirectX::XMFLOAT3'에서는 'Engine::tagVertex_Anim_Mesh'의 클라이언트에서 DLL 인터페이스를 사용하도록 지정해야 함
  (소스 파일 '../private/Component.cpp'을(를) 컴파일하는 중)
      C:\Program Files (x86)\Windows Kits\10\Include\10.0.28000.0\um\DirectXMath.h(661,12):
      'DirectX::XMFLOAT3' 선언을 참조하십시오.
  
C:\Users\kkth3\OneDrive\문서\GitHub\250531\Client\Engine\public\Engine_Struct.h(205,13): warning C4251: 'Engine::tagVertex_Anim_Mesh::vNormal': 'DirectX::XMFLOAT3'에서는 'Engine::tagVertex_Anim_Mesh'의 클라이언트에서 DLL 인터페이스를 사용하도록 지정해야 함
  (소스 파일 '../private/Component.cpp'을(를) 컴파일하는 중)
      C:\Program Files (x86)\Windows Kits\10\Include\10.0.28000.0\um\DirectXMath.h(661,12):
      'DirectX::XMFLOAT3' 선언을 참조하십시오.
  
C:\Users\kkth3\OneDrive\문서\GitHub\250531\Client\Engine\public\Engine_Struct.h(206,13): warning C4251: 'Engine::tagVertex_Anim_Mesh::vTexcoord': 'DirectX::XMFLOAT2'에서는 'Engine::tagVertex_Anim_Mesh'의 클라이언트에서 DLL 인터페이스를 사용하도록 지정해야 함
  (소스 파일 '../private/Component.cpp'을(를) 컴파일하는 중)
      C:\Program Files (x86)\Windows Kits\10\Include\10.0.28000.0\um\DirectXMath.h(584,12):
      'DirectX::XMFLOAT2' 선언을 참조하십시오.
  
C:\Users\kkth3\OneDrive\문서\GitHub\250531\Client\Engine\public\Engine_Struct.h(207,13): warning C4251: 'Engine::tagVertex_Anim_Mesh::vTangent': 'DirectX::XMFLOAT3'에서는 'Engine::tagVertex_Anim_Mesh'의 클라이언트에서 DLL 인터페이스를 사용하도록 지정해야 함
  (소스 파일 '../private/Component.cpp'을(를) 컴파일하는 중)
      C:\Program Files (x86)\Windows Kits\10\Include\10.0.28000.0\um\DirectXMath.h(661,12):
      'DirectX::XMFLOAT3' 선언을 참조하십시오.
  
C:\Users\kkth3\OneDrive\문서\GitHub\250531\Client\Engine\public\Engine_Struct.h(209,13): warning C4251: 'Engine::tagVertex_Anim_Mesh::vBlendIndices': 'DirectX::XMUINT4'에서는 'Engine::tagVertex_Anim_Mesh'의 클라이언트에서 DLL 인터페이스를 사용하도록 지정해야 함
  (소스 파일 '../private/Component.cpp'을(를) 컴파일하는 중)
      C:\Program Files (x86)\Windows Kits\10\Include\10.0.28000.0\um\DirectXMath.h(793,12):
      'DirectX::XMUINT4' 선언을 참조하십시오.
  
C:\Users\kkth3\OneDrive\문서\GitHub\250531\Client\Engine\public\Engine_Struct.h(210,13): warning C4251: 'Engine::tagVertex_Anim_Mesh::vBlendWeights': 'DirectX::XMFLOAT4'에서는 'Engine::tagVertex_Anim_Mesh'의 클라이언트에서 DLL 인터페이스를 사용하도록 지정해야 함
  (소스 파일 '../private/Component.cpp'을(를) 컴파일하는 중)
      C:\Program Files (x86)\Windows Kits\10\Include\10.0.28000.0\um\DirectXMath.h(736,12):
      'DirectX::XMFLOAT4' 선언을 참조하십시오.
  
  Engine_Struct.cpp
C:\Users\kkth3\OneDrive\문서\GitHub\250531\Client\Engine\public\Engine_Struct.h(21,14): warning C4251: 'Engine::ObjectConstants::World': 'DirectX::XMFLOAT4X4'에서는 'Engine::ObjectConstants'의 클라이언트에서 DLL 인터페이스를 사용하도록 지정해야 함
  (소스 파일 '../private/Engine_Struct.cpp'을(를) 컴파일하는 중)
      C:\Program Files (x86)\Windows Kits\10\Include\10.0.28000.0\um\DirectXMath.h(964,12):
      'DirectX::XMFLOAT4X4' 선언을 참조하십시오.
  
C:\Users\kkth3\OneDrive\문서\GitHub\250531\Client\Engine\public\Engine_Struct.h(22,14): warning C4251: 'Engine::ObjectConstants::TexTransform': 'DirectX::XMFLOAT4X4'에서는 'Engine::ObjectConstants'의 클라이언트에서 DLL 인터페이스를 사용하도록 지정해야 함
  (소스 파일 '../private/Engine_Struct.cpp'을(를) 컴파일하는 중)
      C:\Program Files (x86)\Windows Kits\10\Include\10.0.28000.0\um\DirectXMath.h(964,12):
      'DirectX::XMFLOAT4X4' 선언을 참조하십시오.
  
C:\Users\kkth3\OneDrive\문서\GitHub\250531\Client\Engine\public\Engine_Struct.h(31,21): warning C4251: 'Engine::Light::Strength': 'DirectX::XMFLOAT3'에서는 'Engine::Light'의 클라이언트에서 DLL 인터페이스를 사용하도록 지정해야 함
  (소스 파일 '../private/Engine_Struct.cpp'을(를) 컴파일하는 중)
      C:\Program Files (x86)\Windows Kits\10\Include\10.0.28000.0\um\DirectXMath.h(661,12):
      'DirectX::XMFLOAT3' 선언을 참조하십시오.
  
C:\Users\kkth3\OneDrive\문서\GitHub\250531\Client\Engine\public\Engine_Struct.h(33,21): warning C4251: 'Engine::Light::Direction': 'DirectX::XMFLOAT3'에서는 'Engine::Light'의 클라이언트에서 DLL 인터페이스를 사용하도록 지정해야 함
  (소스 파일 '../private/Engine_Struct.cpp'을(를) 컴파일하는 중)
      C:\Program Files (x86)\Windows Kits\10\Include\10.0.28000.0\um\DirectXMath.h(661,12):
      'DirectX::XMFLOAT3' 선언을 참조하십시오.
  
C:\Users\kkth3\OneDrive\문서\GitHub\250531\Client\Engine\public\Engine_Struct.h(35,21): warning C4251: 'Engine::Light::Position': 'DirectX::XMFLOAT3'에서는 'Engine::Light'의 클라이언트에서 DLL 인터페이스를 사용하도록 지정해야 함
  (소스 파일 '../private/Engine_Struct.cpp'을(를) 컴파일하는 중)
      C:\Program Files (x86)\Windows Kits\10\Include\10.0.28000.0\um\DirectXMath.h(661,12):
      'DirectX::XMFLOAT3' 선언을 참조하십시오.
  
C:\Users\kkth3\OneDrive\문서\GitHub\250531\Client\Engine\public\Engine_Struct.h(41,23): warning C4251: 'Engine::PassConstants::View': 'DirectX::XMFLOAT4X4'에서는 'Engine::PassConstants'의 클라이언트에서 DLL 인터페이스를 사용하도록 지정해야 함
  (소스 파일 '../private/Engine_Struct.cpp'을(를) 컴파일하는 중)
      C:\Program Files (x86)\Windows Kits\10\Include\10.0.28000.0\um\DirectXMath.h(964,12):
      'DirectX::XMFLOAT4X4' 선언을 참조하십시오.
  
C:\Users\kkth3\OneDrive\문서\GitHub\250531\Client\Engine\public\Engine_Struct.h(42,23): warning C4251: 'Engine::PassConstants::InvView': 'DirectX::XMFLOAT4X4'에서는 'Engine::PassConstants'의 클라이언트에서 DLL 인터페이스를 사용하도록 지정해야 함
  (소스 파일 '../private/Engine_Struct.cpp'을(를) 컴파일하는 중)
      C:\Program Files (x86)\Windows Kits\10\Include\10.0.28000.0\um\DirectXMath.h(964,12):
      'DirectX::XMFLOAT4X4' 선언을 참조하십시오.
  
C:\Users\kkth3\OneDrive\문서\GitHub\250531\Client\Engine\public\Engine_Struct.h(43,23): warning C4251: 'Engine::PassConstants::Proj': 'DirectX::XMFLOAT4X4'에서는 'Engine::PassConstants'의 클라이언트에서 DLL 인터페이스를 사용하도록 지정해야 함
  (소스 파일 '../private/Engine_Struct.cpp'을(를) 컴파일하는 중)
      C:\Program Files (x86)\Windows Kits\10\Include\10.0.28000.0\um\DirectXMath.h(964,12):
      'DirectX::XMFLOAT4X4' 선언을 참조하십시오.
  
C:\Users\kkth3\OneDrive\문서\GitHub\250531\Client\Engine\public\Engine_Struct.h(44,23): warning C4251: 'Engine::PassConstants::InvProj': 'DirectX::XMFLOAT4X4'에서는 'Engine::PassConstants'의 클라이언트에서 DLL 인터페이스를 사용하도록 지정해야 함
  (소스 파일 '../private/Engine_Struct.cpp'을(를) 컴파일하는 중)
      C:\Program Files (x86)\Windows Kits\10\Include\10.0.28000.0\um\DirectXMath.h(964,12):
      'DirectX::XMFLOAT4X4' 선언을 참조하십시오.
  
C:\Users\kkth3\OneDrive\문서\GitHub\250531\Client\Engine\public\Engine_Struct.h(45,23): warning C4251: 'Engine::PassConstants::ViewProj': 'DirectX::XMFLOAT4X4'에서는 'Engine::PassConstants'의 클라이언트에서 DLL 인터페이스를 사용하도록 지정해야 함
  (소스 파일 '../private/Engine_Struct.cpp'을(를) 컴파일하는 중)
      C:\Program Files (x86)\Windows Kits\10\Include\10.0.28000.0\um\DirectXMath.h(964,12):
      'DirectX::XMFLOAT4X4' 선언을 참조하십시오.
  
C:\Users\kkth3\OneDrive\문서\GitHub\250531\Client\Engine\public\Engine_Struct.h(46,23): warning C4251: 'Engine::PassConstants::InvViewProj': 'DirectX::XMFLOAT4X4'에서는 'Engine::PassConstants'의 클라이언트에서 DLL 인터페이스를 사용하도록 지정해야 함
  (소스 파일 '../private/Engine_Struct.cpp'을(를) 컴파일하는 중)
      C:\Program Files (x86)\Windows Kits\10\Include\10.0.28000.0\um\DirectXMath.h(964,12):
      'DirectX::XMFLOAT4X4' 선언을 참조하십시오.
  
C:\Users\kkth3\OneDrive\문서\GitHub\250531\Client\Engine\public\Engine_Struct.h(47,23): warning C4251: 'Engine::PassConstants::ShadowTransform': 'DirectX::XMFLOAT4X4'에서는 'Engine::PassConstants'의 클라이언트에서 DLL 인터페이스를 사용하도록 지정해야 함
  (소스 파일 '../private/Engine_Struct.cpp'을(를) 컴파일하는 중)
      C:\Program Files (x86)\Windows Kits\10\Include\10.0.28000.0\um\DirectXMath.h(964,12):
      'DirectX::XMFLOAT4X4' 선언을 참조하십시오.
  
C:\Users\kkth3\OneDrive\문서\GitHub\250531\Client\Engine\public\Engine_Struct.h(48,21): warning C4251: 'Engine::PassConstants::EyePosW': 'DirectX::XMFLOAT3'에서는 'Engine::PassConstants'의 클라이언트에서 DLL 인터페이스를 사용하도록 지정해야 함
  (소스 파일 '../private/Engine_Struct.cpp'을(를) 컴파일하는 중)
      C:\Program Files (x86)\Windows Kits\10\Include\10.0.28000.0\um\DirectXMath.h(661,12):
      'DirectX::XMFLOAT3' 선언을 참조하십시오.
  
C:\Users\kkth3\OneDrive\문서\GitHub\250531\Client\Engine\public\Engine_Struct.h(50,21): warning C4251: 'Engine::PassConstants::RenderTargetSize': 'DirectX::XMFLOAT2'에서는 'Engine::PassConstants'의 클라이언트에서 DLL 인터페이스를 사용하도록 지정해야 함
  (소스 파일 '../private/Engine_Struct.cpp'을(를) 컴파일하는 중)
      C:\Program Files (x86)\Windows Kits\10\Include\10.0.28000.0\um\DirectXMath.h(584,12):
      'DirectX::XMFLOAT2' 선언을 참조하십시오.
  
C:\Users\kkth3\OneDrive\문서\GitHub\250531\Client\Engine\public\Engine_Struct.h(51,21): warning C4251: 'Engine::PassConstants::InvRenderTargetSize': 'DirectX::XMFLOAT2'에서는 'Engine::PassConstants'의 클라이언트에서 DLL 인터페이스를 사용하도록 지정해야 함
  (소스 파일 '../private/Engine_Struct.cpp'을(를) 컴파일하는 중)
      C:\Program Files (x86)\Windows Kits\10\Include\10.0.28000.0\um\DirectXMath.h(584,12):
      'DirectX::XMFLOAT2' 선언을 참조하십시오.
  
C:\Users\kkth3\OneDrive\문서\GitHub\250531\Client\Engine\public\Engine_Struct.h(57,21): warning C4251: 'Engine::PassConstants::AmbientLight': 'DirectX::XMFLOAT4'에서는 'Engine::PassConstants'의 클라이언트에서 DLL 인터페이스를 사용하도록 지정해야 함
  (소스 파일 '../private/Engine_Struct.cpp'을(를) 컴파일하는 중)
      C:\Program Files (x86)\Windows Kits\10\Include\10.0.28000.0\um\DirectXMath.h(736,12):
      'DirectX::XMFLOAT4' 선언을 참조하십시오.
  
C:\Users\kkth3\OneDrive\문서\GitHub\250531\Client\Engine\public\Engine_Struct.h(86,21): warning C4251: 'Engine::MaterialConstants::DiffuseAlbedo': 'DirectX::XMFLOAT4'에서는 'Engine::MaterialConstants'의 클라이언트에서 DLL 인터페이스를 사용하도록 지정해야 함
  (소스 파일 '../private/Engine_Struct.cpp'을(를) 컴파일하는 중)
      C:\Program Files (x86)\Windows Kits\10\Include\10.0.28000.0\um\DirectXMath.h(736,12):
      'DirectX::XMFLOAT4' 선언을 참조하십시오.
  
C:\Users\kkth3\OneDrive\문서\GitHub\250531\Client\Engine\public\Engine_Struct.h(87,21): warning C4251: 'Engine::MaterialConstants::FresnelR0': 'DirectX::XMFLOAT3'에서는 'Engine::MaterialConstants'의 클라이언트에서 DLL 인터페이스를 사용하도록 지정해야 함
  (소스 파일 '../private/Engine_Struct.cpp'을(를) 컴파일하는 중)
      C:\Program Files (x86)\Windows Kits\10\Include\10.0.28000.0\um\DirectXMath.h(661,12):
      'DirectX::XMFLOAT3' 선언을 참조하십시오.
  
C:\Users\kkth3\OneDrive\문서\GitHub\250531\Client\Engine\public\Engine_Struct.h(89,23): warning C4251: 'Engine::MaterialConstants::MatTransform': 'DirectX::XMFLOAT4X4'에서는 'Engine::MaterialConstants'의 클라이언트에서 DLL 인터페이스를 사용하도록 지정해야 함
  (소스 파일 '../private/Engine_Struct.cpp'을(를) 컴파일하는 중)
      C:\Program Files (x86)\Windows Kits\10\Include\10.0.28000.0\um\DirectXMath.h(964,12):
      'DirectX::XMFLOAT4X4' 선언을 참조하십시오.
  
C:\Users\kkth3\OneDrive\문서\GitHub\250531\Client\Engine\public\Engine_Struct.h(94,21): warning C4251: 'Engine::MaterialData::DiffuseAlbedo': 'DirectX::XMFLOAT4'에서는 'Engine::MaterialData'의 클라이언트에서 DLL 인터페이스를 사용하도록 지정해야 함
  (소스 파일 '../private/Engine_Struct.cpp'을(를) 컴파일하는 중)
      C:\Program Files (x86)\Windows Kits\10\Include\10.0.28000.0\um\DirectXMath.h(736,12):
      'DirectX::XMFLOAT4' 선언을 참조하십시오.
  
C:\Users\kkth3\OneDrive\문서\GitHub\250531\Client\Engine\public\Engine_Struct.h(95,21): warning C4251: 'Engine::MaterialData::FresnelR0': 'DirectX::XMFLOAT3'에서는 'Engine::MaterialData'의 클라이언트에서 DLL 인터페이스를 사용하도록 지정해야 함
  (소스 파일 '../private/Engine_Struct.cpp'을(를) 컴파일하는 중)
      C:\Program Files (x86)\Windows Kits\10\Include\10.0.28000.0\um\DirectXMath.h(661,12):
      'DirectX::XMFLOAT3' 선언을 참조하십시오.
  
C:\Users\kkth3\OneDrive\문서\GitHub\250531\Client\Engine\public\Engine_Struct.h(99,23): warning C4251: 'Engine::MaterialData::MatTransform': 'DirectX::XMFLOAT4X4'에서는 'Engine::MaterialData'의 클라이언트에서 DLL 인터페이스를 사용하도록 지정해야 함
  (소스 파일 '../private/Engine_Struct.cpp'을(를) 컴파일하는 중)
      C:\Program Files (x86)\Windows Kits\10\Include\10.0.28000.0\um\DirectXMath.h(964,12):
      'DirectX::XMFLOAT4X4' 선언을 참조하십시오.
  
C:\Users\kkth3\OneDrive\문서\GitHub\250531\Client\Engine\public\Engine_Struct.h(113,14): warning C4251: 'Engine::InstanceData::World': 'DirectX::XMFLOAT4X4'에서는 'Engine::InstanceData'의 클라이언트에서 DLL 인터페이스를 사용하도록 지정해야 함
  (소스 파일 '../private/Engine_Struct.cpp'을(를) 컴파일하는 중)
      C:\Program Files (x86)\Windows Kits\10\Include\10.0.28000.0\um\DirectXMath.h(964,12):
      'DirectX::XMFLOAT4X4' 선언을 참조하십시오.
  
C:\Users\kkth3\OneDrive\문서\GitHub\250531\Client\Engine\public\Engine_Struct.h(142,13): warning C4251: 'Engine::tagVertex_Position::vPosition': 'DirectX::XMFLOAT3'에서는 'Engine::tagVertex_Position'의 클라이언트에서 DLL 인터페이스를 사용하도록 지정해야 함
  (소스 파일 '../private/Engine_Struct.cpp'을(를) 컴파일하는 중)
      C:\Program Files (x86)\Windows Kits\10\Include\10.0.28000.0\um\DirectXMath.h(661,12):
      'DirectX::XMFLOAT3' 선언을 참조하십시오.
  
C:\Users\kkth3\OneDrive\문서\GitHub\250531\Client\Engine\public\Engine_Struct.h(151,13): warning C4251: 'Engine::tagVertex_Position_Normal::vPosition': 'DirectX::XMFLOAT3'에서는 'Engine::tagVertex_Position_Normal'의 클라이언트에서 DLL 인터페이스를 사용하도록 지정해야 함
  (소스 파일 '../private/Engine_Struct.cpp'을(를) 컴파일하는 중)
      C:\Program Files (x86)\Windows Kits\10\Include\10.0.28000.0\um\DirectXMath.h(661,12):
      'DirectX::XMFLOAT3' 선언을 참조하십시오.
  
C:\Users\kkth3\OneDrive\문서\GitHub\250531\Client\Engine\public\Engine_Struct.h(152,13): warning C4251: 'Engine::tagVertex_Position_Normal::vNormal': 'DirectX::XMFLOAT3'에서는 'Engine::tagVertex_Position_Normal'의 클라이언트에서 DLL 인터페이스를 사용하도록 지정해야 함
  (소스 파일 '../private/Engine_Struct.cpp'을(를) 컴파일하는 중)
      C:\Program Files (x86)\Windows Kits\10\Include\10.0.28000.0\um\DirectXMath.h(661,12):
      'DirectX::XMFLOAT3' 선언을 참조하십시오.
  
C:\Users\kkth3\OneDrive\문서\GitHub\250531\Client\Engine\public\Engine_Struct.h(161,13): warning C4251: 'Engine::tagVertex_Position_Texcoord::vPosition': 'DirectX::XMFLOAT3'에서는 'Engine::tagVertex_Position_Texcoord'의 클라이언트에서 DLL 인터페이스를 사용하도록 지정해야 함
  (소스 파일 '../private/Engine_Struct.cpp'을(를) 컴파일하는 중)
      C:\Program Files (x86)\Windows Kits\10\Include\10.0.28000.0\um\DirectXMath.h(661,12):
      'DirectX::XMFLOAT3' 선언을 참조하십시오.
  
C:\Users\kkth3\OneDrive\문서\GitHub\250531\Client\Engine\public\Engine_Struct.h(162,13): warning C4251: 'Engine::tagVertex_Position_Texcoord::vTexcoord': 'DirectX::XMFLOAT2'에서는 'Engine::tagVertex_Position_Texcoord'의 클라이언트에서 DLL 인터페이스를 사용하도록 지정해야 함
  (소스 파일 '../private/Engine_Struct.cpp'을(를) 컴파일하는 중)
      C:\Program Files (x86)\Windows Kits\10\Include\10.0.28000.0\um\DirectXMath.h(584,12):
      'DirectX::XMFLOAT2' 선언을 참조하십시오.
  
C:\Users\kkth3\OneDrive\문서\GitHub\250531\Client\Engine\public\Engine_Struct.h(171,13): warning C4251: 'Engine::tagVertex_Position_Normal_Texcoord::vPosition': 'DirectX::XMFLOAT3'에서는 'Engine::tagVertex_Position_Normal_Texcoord'의 클라이언트에서 DLL 인터페이스를 사용하도록 지정해야 함
  (소스 파일 '../private/Engine_Struct.cpp'을(를) 컴파일하는 중)
      C:\Program Files (x86)\Windows Kits\10\Include\10.0.28000.0\um\DirectXMath.h(661,12):
      'DirectX::XMFLOAT3' 선언을 참조하십시오.
  
C:\Users\kkth3\OneDrive\문서\GitHub\250531\Client\Engine\public\Engine_Struct.h(172,13): warning C4251: 'Engine::tagVertex_Position_Normal_Texcoord::vNormal': 'DirectX::XMFLOAT3'에서는 'Engine::tagVertex_Position_Normal_Texcoord'의 클라이언트에서 DLL 인터페이스를 사용하도록 지정해야 함
  (소스 파일 '../private/Engine_Struct.cpp'을(를) 컴파일하는 중)
      C:\Program Files (x86)\Windows Kits\10\Include\10.0.28000.0\um\DirectXMath.h(661,12):
      'DirectX::XMFLOAT3' 선언을 참조하십시오.
  
C:\Users\kkth3\OneDrive\문서\GitHub\250531\Client\Engine\public\Engine_Struct.h(173,13): warning C4251: 'Engine::tagVertex_Position_Normal_Texcoord::vTexcoord': 'DirectX::XMFLOAT2'에서는 'Engine::tagVertex_Position_Normal_Texcoord'의 클라이언트에서 DLL 인터페이스를 사용하도록 지정해야 함
  (소스 파일 '../private/Engine_Struct.cpp'을(를) 컴파일하는 중)
      C:\Program Files (x86)\Windows Kits\10\Include\10.0.28000.0\um\DirectXMath.h(584,12):
      'DirectX::XMFLOAT2' 선언을 참조하십시오.
  
C:\Users\kkth3\OneDrive\문서\GitHub\250531\Client\Engine\public\Engine_Struct.h(182,13): warning C4251: 'Engine::tagVertex_Position_Cube_Texcoord::vPosition': 'DirectX::XMFLOAT3'에서는 'Engine::tagVertex_Position_Cube_Texcoord'의 클라이언트에서 DLL 인터페이스를 사용하도록 지정해야 함
  (소스 파일 '../private/Engine_Struct.cpp'을(를) 컴파일하는 중)
      C:\Program Files (x86)\Windows Kits\10\Include\10.0.28000.0\um\DirectXMath.h(661,12):
      'DirectX::XMFLOAT3' 선언을 참조하십시오.
  
C:\Users\kkth3\OneDrive\문서\GitHub\250531\Client\Engine\public\Engine_Struct.h(183,13): warning C4251: 'Engine::tagVertex_Position_Cube_Texcoord::vTexcoord': 'DirectX::XMFLOAT3'에서는 'Engine::tagVertex_Position_Cube_Texcoord'의 클라이언트에서 DLL 인터페이스를 사용하도록 지정해야 함
  (소스 파일 '../private/Engine_Struct.cpp'을(를) 컴파일하는 중)
      C:\Program Files (x86)\Windows Kits\10\Include\10.0.28000.0\um\DirectXMath.h(661,12):
      'DirectX::XMFLOAT3' 선언을 참조하십시오.
  
C:\Users\kkth3\OneDrive\문서\GitHub\250531\Client\Engine\public\Engine_Struct.h(192,13): warning C4251: 'Engine::tagVertex_Mesh::vPosition': 'DirectX::XMFLOAT3'에서는 'Engine::tagVertex_Mesh'의 클라이언트에서 DLL 인터페이스를 사용하도록 지정해야 함
  (소스 파일 '../private/Engine_Struct.cpp'을(를) 컴파일하는 중)
      C:\Program Files (x86)\Windows Kits\10\Include\10.0.28000.0\um\DirectXMath.h(661,12):
      'DirectX::XMFLOAT3' 선언을 참조하십시오.
  
C:\Users\kkth3\OneDrive\문서\GitHub\250531\Client\Engine\public\Engine_Struct.h(193,13): warning C4251: 'Engine::tagVertex_Mesh::vNormal': 'DirectX::XMFLOAT3'에서는 'Engine::tagVertex_Mesh'의 클라이언트에서 DLL 인터페이스를 사용하도록 지정해야 함
  (소스 파일 '../private/Engine_Struct.cpp'을(를) 컴파일하는 중)
      C:\Program Files (x86)\Windows Kits\10\Include\10.0.28000.0\um\DirectXMath.h(661,12):
      'DirectX::XMFLOAT3' 선언을 참조하십시오.
  
C:\Users\kkth3\OneDrive\문서\GitHub\250531\Client\Engine\public\Engine_Struct.h(194,13): warning C4251: 'Engine::tagVertex_Mesh::vTexcoord': 'DirectX::XMFLOAT2'에서는 'Engine::tagVertex_Mesh'의 클라이언트에서 DLL 인터페이스를 사용하도록 지정해야 함
  (소스 파일 '../private/Engine_Struct.cpp'을(를) 컴파일하는 중)
      C:\Program Files (x86)\Windows Kits\10\Include\10.0.28000.0\um\DirectXMath.h(584,12):
      'DirectX::XMFLOAT2' 선언을 참조하십시오.
  
C:\Users\kkth3\OneDrive\문서\GitHub\250531\Client\Engine\public\Engine_Struct.h(195,13): warning C4251: 'Engine::tagVertex_Mesh::vTangent': 'DirectX::XMFLOAT3'에서는 'Engine::tagVertex_Mesh'의 클라이언트에서 DLL 인터페이스를 사용하도록 지정해야 함
  (소스 파일 '../private/Engine_Struct.cpp'을(를) 컴파일하는 중)
      C:\Program Files (x86)\Windows Kits\10\Include\10.0.28000.0\um\DirectXMath.h(661,12):
      'DirectX::XMFLOAT3' 선언을 참조하십시오.
  
C:\Users\kkth3\OneDrive\문서\GitHub\250531\Client\Engine\public\Engine_Struct.h(204,13): warning C4251: 'Engine::tagVertex_Anim_Mesh::vPosition': 'DirectX::XMFLOAT3'에서는 'Engine::tagVertex_Anim_Mesh'의 클라이언트에서 DLL 인터페이스를 사용하도록 지정해야 함
  (소스 파일 '../private/Engine_Struct.cpp'을(를) 컴파일하는 중)
      C:\Program Files (x86)\Windows Kits\10\Include\10.0.28000.0\um\DirectXMath.h(661,12):
      'DirectX::XMFLOAT3' 선언을 참조하십시오.
  
C:\Users\kkth3\OneDrive\문서\GitHub\250531\Client\Engine\public\Engine_Struct.h(205,13): warning C4251: 'Engine::tagVertex_Anim_Mesh::vNormal': 'DirectX::XMFLOAT3'에서는 'Engine::tagVertex_Anim_Mesh'의 클라이언트에서 DLL 인터페이스를 사용하도록 지정해야 함
  (소스 파일 '../private/Engine_Struct.cpp'을(를) 컴파일하는 중)
      C:\Program Files (x86)\Windows Kits\10\Include\10.0.28000.0\um\DirectXMath.h(661,12):
      'DirectX::XMFLOAT3' 선언을 참조하십시오.
  
C:\Users\kkth3\OneDrive\문서\GitHub\250531\Client\Engine\public\Engine_Struct.h(206,13): warning C4251: 'Engine::tagVertex_Anim_Mesh::vTexcoord': 'DirectX::XMFLOAT2'에서는 'Engine::tagVertex_Anim_Mesh'의 클라이언트에서 DLL 인터페이스를 사용하도록 지정해야 함
  (소스 파일 '../private/Engine_Struct.cpp'을(를) 컴파일하는 중)
      C:\Program Files (x86)\Windows Kits\10\Include\10.0.28000.0\um\DirectXMath.h(584,12):
      'DirectX::XMFLOAT2' 선언을 참조하십시오.
  
C:\Users\kkth3\OneDrive\문서\GitHub\250531\Client\Engine\public\Engine_Struct.h(207,13): warning C4251: 'Engine::tagVertex_Anim_Mesh::vTangent': 'DirectX::XMFLOAT3'에서는 'Engine::tagVertex_Anim_Mesh'의 클라이언트에서 DLL 인터페이스를 사용하도록 지정해야 함
  (소스 파일 '../private/Engine_Struct.cpp'을(를) 컴파일하는 중)
      C:\Program Files (x86)\Windows Kits\10\Include\10.0.28000.0\um\DirectXMath.h(661,12):
      'DirectX::XMFLOAT3' 선언을 참조하십시오.
  
C:\Users\kkth3\OneDrive\문서\GitHub\250531\Client\Engine\public\Engine_Struct.h(209,13): warning C4251: 'Engine::tagVertex_Anim_Mesh::vBlendIndices': 'DirectX::XMUINT4'에서는 'Engine::tagVertex_Anim_Mesh'의 클라이언트에서 DLL 인터페이스를 사용하도록 지정해야 함
  (소스 파일 '../private/Engine_Struct.cpp'을(를) 컴파일하는 중)
      C:\Program Files (x86)\Windows Kits\10\Include\10.0.28000.0\um\DirectXMath.h(793,12):
      'DirectX::XMUINT4' 선언을 참조하십시오.
  
C:\Users\kkth3\OneDrive\문서\GitHub\250531\Client\Engine\public\Engine_Struct.h(210,13): warning C4251: 'Engine::tagVertex_Anim_Mesh::vBlendWeights': 'DirectX::XMFLOAT4'에서는 'Engine::tagVertex_Anim_Mesh'의 클라이언트에서 DLL 인터페이스를 사용하도록 지정해야 함
  (소스 파일 '../private/Engine_Struct.cpp'을(를) 컴파일하는 중)
      C:\Program Files (x86)\Windows Kits\10\Include\10.0.28000.0\um\DirectXMath.h(736,12):
      'DirectX::XMFLOAT4' 선언을 참조하십시오.
  
  FrameResource.cpp
C:\Users\kkth3\OneDrive\문서\GitHub\250531\Client\Engine\public\Engine_Struct.h(21,14): warning C4251: 'Engine::ObjectConstants::World': 'DirectX::XMFLOAT4X4'에서는 'Engine::ObjectConstants'의 클라이언트에서 DLL 인터페이스를 사용하도록 지정해야 함
  (소스 파일 '../private/FrameResource.cpp'을(를) 컴파일하는 중)
      C:\Program Files (x86)\Windows Kits\10\Include\10.0.28000.0\um\DirectXMath.h(964,12):
      'DirectX::XMFLOAT4X4' 선언을 참조하십시오.
  
C:\Users\kkth3\OneDrive\문서\GitHub\250531\Client\Engine\public\Engine_Struct.h(22,14): warning C4251: 'Engine::ObjectConstants::TexTransform': 'DirectX::XMFLOAT4X4'에서는 'Engine::ObjectConstants'의 클라이언트에서 DLL 인터페이스를 사용하도록 지정해야 함
  (소스 파일 '../private/FrameResource.cpp'을(를) 컴파일하는 중)
      C:\Program Files (x86)\Windows Kits\10\Include\10.0.28000.0\um\DirectXMath.h(964,12):
      'DirectX::XMFLOAT4X4' 선언을 참조하십시오.
  
C:\Users\kkth3\OneDrive\문서\GitHub\250531\Client\Engine\public\Engine_Struct.h(31,21): warning C4251: 'Engine::Light::Strength': 'DirectX::XMFLOAT3'에서는 'Engine::Light'의 클라이언트에서 DLL 인터페이스를 사용하도록 지정해야 함
  (소스 파일 '../private/FrameResource.cpp'을(를) 컴파일하는 중)
      C:\Program Files (x86)\Windows Kits\10\Include\10.0.28000.0\um\DirectXMath.h(661,12):
      'DirectX::XMFLOAT3' 선언을 참조하십시오.
  
C:\Users\kkth3\OneDrive\문서\GitHub\250531\Client\Engine\public\Engine_Struct.h(33,21): warning C4251: 'Engine::Light::Direction': 'DirectX::XMFLOAT3'에서는 'Engine::Light'의 클라이언트에서 DLL 인터페이스를 사용하도록 지정해야 함
  (소스 파일 '../private/FrameResource.cpp'을(를) 컴파일하는 중)
      C:\Program Files (x86)\Windows Kits\10\Include\10.0.28000.0\um\DirectXMath.h(661,12):
      'DirectX::XMFLOAT3' 선언을 참조하십시오.
  
C:\Users\kkth3\OneDrive\문서\GitHub\250531\Client\Engine\public\Engine_Struct.h(35,21): warning C4251: 'Engine::Light::Position': 'DirectX::XMFLOAT3'에서는 'Engine::Light'의 클라이언트에서 DLL 인터페이스를 사용하도록 지정해야 함
  (소스 파일 '../private/FrameResource.cpp'을(를) 컴파일하는 중)
      C:\Program Files (x86)\Windows Kits\10\Include\10.0.28000.0\um\DirectXMath.h(661,12):
      'DirectX::XMFLOAT3' 선언을 참조하십시오.
  
C:\Users\kkth3\OneDrive\문서\GitHub\250531\Client\Engine\public\Engine_Struct.h(41,23): warning C4251: 'Engine::PassConstants::View': 'DirectX::XMFLOAT4X4'에서는 'Engine::PassConstants'의 클라이언트에서 DLL 인터페이스를 사용하도록 지정해야 함
  (소스 파일 '../private/FrameResource.cpp'을(를) 컴파일하는 중)
      C:\Program Files (x86)\Windows Kits\10\Include\10.0.28000.0\um\DirectXMath.h(964,12):
      'DirectX::XMFLOAT4X4' 선언을 참조하십시오.
  
C:\Users\kkth3\OneDrive\문서\GitHub\250531\Client\Engine\public\Engine_Struct.h(42,23): warning C4251: 'Engine::PassConstants::InvView': 'DirectX::XMFLOAT4X4'에서는 'Engine::PassConstants'의 클라이언트에서 DLL 인터페이스를 사용하도록 지정해야 함
  (소스 파일 '../private/FrameResource.cpp'을(를) 컴파일하는 중)
      C:\Program Files (x86)\Windows Kits\10\Include\10.0.28000.0\um\DirectXMath.h(964,12):
      'DirectX::XMFLOAT4X4' 선언을 참조하십시오.
  
C:\Users\kkth3\OneDrive\문서\GitHub\250531\Client\Engine\public\Engine_Struct.h(43,23): warning C4251: 'Engine::PassConstants::Proj': 'DirectX::XMFLOAT4X4'에서는 'Engine::PassConstants'의 클라이언트에서 DLL 인터페이스를 사용하도록 지정해야 함
  (소스 파일 '../private/FrameResource.cpp'을(를) 컴파일하는 중)
      C:\Program Files (x86)\Windows Kits\10\Include\10.0.28000.0\um\DirectXMath.h(964,12):
      'DirectX::XMFLOAT4X4' 선언을 참조하십시오.
  
C:\Users\kkth3\OneDrive\문서\GitHub\250531\Client\Engine\public\Engine_Struct.h(44,23): warning C4251: 'Engine::PassConstants::InvProj': 'DirectX::XMFLOAT4X4'에서는 'Engine::PassConstants'의 클라이언트에서 DLL 인터페이스를 사용하도록 지정해야 함
  (소스 파일 '../private/FrameResource.cpp'을(를) 컴파일하는 중)
      C:\Program Files (x86)\Windows Kits\10\Include\10.0.28000.0\um\DirectXMath.h(964,12):
      'DirectX::XMFLOAT4X4' 선언을 참조하십시오.
  
C:\Users\kkth3\OneDrive\문서\GitHub\250531\Client\Engine\public\Engine_Struct.h(45,23): warning C4251: 'Engine::PassConstants::ViewProj': 'DirectX::XMFLOAT4X4'에서는 'Engine::PassConstants'의 클라이언트에서 DLL 인터페이스를 사용하도록 지정해야 함
  (소스 파일 '../private/FrameResource.cpp'을(를) 컴파일하는 중)
      C:\Program Files (x86)\Windows Kits\10\Include\10.0.28000.0\um\DirectXMath.h(964,12):
      'DirectX::XMFLOAT4X4' 선언을 참조하십시오.
  
C:\Users\kkth3\OneDrive\문서\GitHub\250531\Client\Engine\public\Engine_Struct.h(46,23): warning C4251: 'Engine::PassConstants::InvViewProj': 'DirectX::XMFLOAT4X4'에서는 'Engine::PassConstants'의 클라이언트에서 DLL 인터페이스를 사용하도록 지정해야 함
  (소스 파일 '../private/FrameResource.cpp'을(를) 컴파일하는 중)
      C:\Program Files (x86)\Windows Kits\10\Include\10.0.28000.0\um\DirectXMath.h(964,12):
      'DirectX::XMFLOAT4X4' 선언을 참조하십시오.
  
C:\Users\kkth3\OneDrive\문서\GitHub\250531\Client\Engine\public\Engine_Struct.h(47,23): warning C4251: 'Engine::PassConstants::ShadowTransform': 'DirectX::XMFLOAT4X4'에서는 'Engine::PassConstants'의 클라이언트에서 DLL 인터페이스를 사용하도록 지정해야 함
  (소스 파일 '../private/FrameResource.cpp'을(를) 컴파일하는 중)
      C:\Program Files (x86)\Windows Kits\10\Include\10.0.28000.0\um\DirectXMath.h(964,12):
      'DirectX::XMFLOAT4X4' 선언을 참조하십시오.
  
C:\Users\kkth3\OneDrive\문서\GitHub\250531\Client\Engine\public\Engine_Struct.h(48,21): warning C4251: 'Engine::PassConstants::EyePosW': 'DirectX::XMFLOAT3'에서는 'Engine::PassConstants'의 클라이언트에서 DLL 인터페이스를 사용하도록 지정해야 함
  (소스 파일 '../private/FrameResource.cpp'을(를) 컴파일하는 중)
      C:\Program Files (x86)\Windows Kits\10\Include\10.0.28000.0\um\DirectXMath.h(661,12):
      'DirectX::XMFLOAT3' 선언을 참조하십시오.
  
C:\Users\kkth3\OneDrive\문서\GitHub\250531\Client\Engine\public\Engine_Struct.h(50,21): warning C4251: 'Engine::PassConstants::RenderTargetSize': 'DirectX::XMFLOAT2'에서는 'Engine::PassConstants'의 클라이언트에서 DLL 인터페이스를 사용하도록 지정해야 함
  (소스 파일 '../private/FrameResource.cpp'을(를) 컴파일하는 중)
      C:\Program Files (x86)\Windows Kits\10\Include\10.0.28000.0\um\DirectXMath.h(584,12):
      'DirectX::XMFLOAT2' 선언을 참조하십시오.
  
C:\Users\kkth3\OneDrive\문서\GitHub\250531\Client\Engine\public\Engine_Struct.h(51,21): warning C4251: 'Engine::PassConstants::InvRenderTargetSize': 'DirectX::XMFLOAT2'에서는 'Engine::PassConstants'의 클라이언트에서 DLL 인터페이스를 사용하도록 지정해야 함
  (소스 파일 '../private/FrameResource.cpp'을(를) 컴파일하는 중)
      C:\Program Files (x86)\Windows Kits\10\Include\10.0.28000.0\um\DirectXMath.h(584,12):
      'DirectX::XMFLOAT2' 선언을 참조하십시오.
  
C:\Users\kkth3\OneDrive\문서\GitHub\250531\Client\Engine\public\Engine_Struct.h(57,21): warning C4251: 'Engine::PassConstants::AmbientLight': 'DirectX::XMFLOAT4'에서는 'Engine::PassConstants'의 클라이언트에서 DLL 인터페이스를 사용하도록 지정해야 함
  (소스 파일 '../private/FrameResource.cpp'을(를) 컴파일하는 중)
      C:\Program Files (x86)\Windows Kits\10\Include\10.0.28000.0\um\DirectXMath.h(736,12):
      'DirectX::XMFLOAT4' 선언을 참조하십시오.
  
C:\Users\kkth3\OneDrive\문서\GitHub\250531\Client\Engine\public\Engine_Struct.h(86,21): warning C4251: 'Engine::MaterialConstants::DiffuseAlbedo': 'DirectX::XMFLOAT4'에서는 'Engine::MaterialConstants'의 클라이언트에서 DLL 인터페이스를 사용하도록 지정해야 함
  (소스 파일 '../private/FrameResource.cpp'을(를) 컴파일하는 중)
      C:\Program Files (x86)\Windows Kits\10\Include\10.0.28000.0\um\DirectXMath.h(736,12):
      'DirectX::XMFLOAT4' 선언을 참조하십시오.
  
C:\Users\kkth3\OneDrive\문서\GitHub\250531\Client\Engine\public\Engine_Struct.h(87,21): warning C4251: 'Engine::MaterialConstants::FresnelR0': 'DirectX::XMFLOAT3'에서는 'Engine::MaterialConstants'의 클라이언트에서 DLL 인터페이스를 사용하도록 지정해야 함
  (소스 파일 '../private/FrameResource.cpp'을(를) 컴파일하는 중)
      C:\Program Files (x86)\Windows Kits\10\Include\10.0.28000.0\um\DirectXMath.h(661,12):
      'DirectX::XMFLOAT3' 선언을 참조하십시오.
  
C:\Users\kkth3\OneDrive\문서\GitHub\250531\Client\Engine\public\Engine_Struct.h(89,23): warning C4251: 'Engine::MaterialConstants::MatTransform': 'DirectX::XMFLOAT4X4'에서는 'Engine::MaterialConstants'의 클라이언트에서 DLL 인터페이스를 사용하도록 지정해야 함
  (소스 파일 '../private/FrameResource.cpp'을(를) 컴파일하는 중)
      C:\Program Files (x86)\Windows Kits\10\Include\10.0.28000.0\um\DirectXMath.h(964,12):
      'DirectX::XMFLOAT4X4' 선언을 참조하십시오.
  
C:\Users\kkth3\OneDrive\문서\GitHub\250531\Client\Engine\public\Engine_Struct.h(94,21): warning C4251: 'Engine::MaterialData::DiffuseAlbedo': 'DirectX::XMFLOAT4'에서는 'Engine::MaterialData'의 클라이언트에서 DLL 인터페이스를 사용하도록 지정해야 함
  (소스 파일 '../private/FrameResource.cpp'을(를) 컴파일하는 중)
      C:\Program Files (x86)\Windows Kits\10\Include\10.0.28000.0\um\DirectXMath.h(736,12):
      'DirectX::XMFLOAT4' 선언을 참조하십시오.
  
C:\Users\kkth3\OneDrive\문서\GitHub\250531\Client\Engine\public\Engine_Struct.h(95,21): warning C4251: 'Engine::MaterialData::FresnelR0': 'DirectX::XMFLOAT3'에서는 'Engine::MaterialData'의 클라이언트에서 DLL 인터페이스를 사용하도록 지정해야 함
  (소스 파일 '../private/FrameResource.cpp'을(를) 컴파일하는 중)
      C:\Program Files (x86)\Windows Kits\10\Include\10.0.28000.0\um\DirectXMath.h(661,12):
      'DirectX::XMFLOAT3' 선언을 참조하십시오.
  
C:\Users\kkth3\OneDrive\문서\GitHub\250531\Client\Engine\public\Engine_Struct.h(99,23): warning C4251: 'Engine::MaterialData::MatTransform': 'DirectX::XMFLOAT4X4'에서는 'Engine::MaterialData'의 클라이언트에서 DLL 인터페이스를 사용하도록 지정해야 함
  (소스 파일 '../private/FrameResource.cpp'을(를) 컴파일하는 중)
      C:\Program Files (x86)\Windows Kits\10\Include\10.0.28000.0\um\DirectXMath.h(964,12):
      'DirectX::XMFLOAT4X4' 선언을 참조하십시오.
  
C:\Users\kkth3\OneDrive\문서\GitHub\250531\Client\Engine\public\Engine_Struct.h(113,14): warning C4251: 'Engine::InstanceData::World': 'DirectX::XMFLOAT4X4'에서는 'Engine::InstanceData'의 클라이언트에서 DLL 인터페이스를 사용하도록 지정해야 함
  (소스 파일 '../private/FrameResource.cpp'을(를) 컴파일하는 중)
      C:\Program Files (x86)\Windows Kits\10\Include\10.0.28000.0\um\DirectXMath.h(964,12):
      'DirectX::XMFLOAT4X4' 선언을 참조하십시오.
  
C:\Users\kkth3\OneDrive\문서\GitHub\250531\Client\Engine\public\Engine_Struct.h(142,13): warning C4251: 'Engine::tagVertex_Position::vPosition': 'DirectX::XMFLOAT3'에서는 'Engine::tagVertex_Position'의 클라이언트에서 DLL 인터페이스를 사용하도록 지정해야 함
  (소스 파일 '../private/FrameResource.cpp'을(를) 컴파일하는 중)
      C:\Program Files (x86)\Windows Kits\10\Include\10.0.28000.0\um\DirectXMath.h(661,12):
      'DirectX::XMFLOAT3' 선언을 참조하십시오.
  
C:\Users\kkth3\OneDrive\문서\GitHub\250531\Client\Engine\public\Engine_Struct.h(151,13): warning C4251: 'Engine::tagVertex_Position_Normal::vPosition': 'DirectX::XMFLOAT3'에서는 'Engine::tagVertex_Position_Normal'의 클라이언트에서 DLL 인터페이스를 사용하도록 지정해야 함
  (소스 파일 '../private/FrameResource.cpp'을(를) 컴파일하는 중)
      C:\Program Files (x86)\Windows Kits\10\Include\10.0.28000.0\um\DirectXMath.h(661,12):
      'DirectX::XMFLOAT3' 선언을 참조하십시오.
  
C:\Users\kkth3\OneDrive\문서\GitHub\250531\Client\Engine\public\Engine_Struct.h(152,13): warning C4251: 'Engine::tagVertex_Position_Normal::vNormal': 'DirectX::XMFLOAT3'에서는 'Engine::tagVertex_Position_Normal'의 클라이언트에서 DLL 인터페이스를 사용하도록 지정해야 함
  (소스 파일 '../private/FrameResource.cpp'을(를) 컴파일하는 중)
      C:\Program Files (x86)\Windows Kits\10\Include\10.0.28000.0\um\DirectXMath.h(661,12):
      'DirectX::XMFLOAT3' 선언을 참조하십시오.
  
C:\Users\kkth3\OneDrive\문서\GitHub\250531\Client\Engine\public\Engine_Struct.h(161,13): warning C4251: 'Engine::tagVertex_Position_Texcoord::vPosition': 'DirectX::XMFLOAT3'에서는 'Engine::tagVertex_Position_Texcoord'의 클라이언트에서 DLL 인터페이스를 사용하도록 지정해야 함
  (소스 파일 '../private/FrameResource.cpp'을(를) 컴파일하는 중)
      C:\Program Files (x86)\Windows Kits\10\Include\10.0.28000.0\um\DirectXMath.h(661,12):
      'DirectX::XMFLOAT3' 선언을 참조하십시오.
  
C:\Users\kkth3\OneDrive\문서\GitHub\250531\Client\Engine\public\Engine_Struct.h(162,13): warning C4251: 'Engine::tagVertex_Position_Texcoord::vTexcoord': 'DirectX::XMFLOAT2'에서는 'Engine::tagVertex_Position_Texcoord'의 클라이언트에서 DLL 인터페이스를 사용하도록 지정해야 함
  (소스 파일 '../private/FrameResource.cpp'을(를) 컴파일하는 중)
      C:\Program Files (x86)\Windows Kits\10\Include\10.0.28000.0\um\DirectXMath.h(584,12):
      'DirectX::XMFLOAT2' 선언을 참조하십시오.
  
C:\Users\kkth3\OneDrive\문서\GitHub\250531\Client\Engine\public\Engine_Struct.h(171,13): warning C4251: 'Engine::tagVertex_Position_Normal_Texcoord::vPosition': 'DirectX::XMFLOAT3'에서는 'Engine::tagVertex_Position_Normal_Texcoord'의 클라이언트에서 DLL 인터페이스를 사용하도록 지정해야 함
  (소스 파일 '../private/FrameResource.cpp'을(를) 컴파일하는 중)
      C:\Program Files (x86)\Windows Kits\10\Include\10.0.28000.0\um\DirectXMath.h(661,12):
      'DirectX::XMFLOAT3' 선언을 참조하십시오.
  
C:\Users\kkth3\OneDrive\문서\GitHub\250531\Client\Engine\public\Engine_Struct.h(172,13): warning C4251: 'Engine::tagVertex_Position_Normal_Texcoord::vNormal': 'DirectX::XMFLOAT3'에서는 'Engine::tagVertex_Position_Normal_Texcoord'의 클라이언트에서 DLL 인터페이스를 사용하도록 지정해야 함
  (소스 파일 '../private/FrameResource.cpp'을(를) 컴파일하는 중)
      C:\Program Files (x86)\Windows Kits\10\Include\10.0.28000.0\um\DirectXMath.h(661,12):
      'DirectX::XMFLOAT3' 선언을 참조하십시오.
  
C:\Users\kkth3\OneDrive\문서\GitHub\250531\Client\Engine\public\Engine_Struct.h(173,13): warning C4251: 'Engine::tagVertex_Position_Normal_Texcoord::vTexcoord': 'DirectX::XMFLOAT2'에서는 'Engine::tagVertex_Position_Normal_Texcoord'의 클라이언트에서 DLL 인터페이스를 사용하도록 지정해야 함
  (소스 파일 '../private/FrameResource.cpp'을(를) 컴파일하는 중)
      C:\Program Files (x86)\Windows Kits\10\Include\10.0.28000.0\um\DirectXMath.h(584,12):
      'DirectX::XMFLOAT2' 선언을 참조하십시오.
  
C:\Users\kkth3\OneDrive\문서\GitHub\250531\Client\Engine\public\Engine_Struct.h(182,13): warning C4251: 'Engine::tagVertex_Position_Cube_Texcoord::vPosition': 'DirectX::XMFLOAT3'에서는 'Engine::tagVertex_Position_Cube_Texcoord'의 클라이언트에서 DLL 인터페이스를 사용하도록 지정해야 함
  (소스 파일 '../private/FrameResource.cpp'을(를) 컴파일하는 중)
      C:\Program Files (x86)\Windows Kits\10\Include\10.0.28000.0\um\DirectXMath.h(661,12):
      'DirectX::XMFLOAT3' 선언을 참조하십시오.
  
C:\Users\kkth3\OneDrive\문서\GitHub\250531\Client\Engine\public\Engine_Struct.h(183,13): warning C4251: 'Engine::tagVertex_Position_Cube_Texcoord::vTexcoord': 'DirectX::XMFLOAT3'에서는 'Engine::tagVertex_Position_Cube_Texcoord'의 클라이언트에서 DLL 인터페이스를 사용하도록 지정해야 함
  (소스 파일 '../private/FrameResource.cpp'을(를) 컴파일하는 중)
      C:\Program Files (x86)\Windows Kits\10\Include\10.0.28000.0\um\DirectXMath.h(661,12):
      'DirectX::XMFLOAT3' 선언을 참조하십시오.
  
C:\Users\kkth3\OneDrive\문서\GitHub\250531\Client\Engine\public\Engine_Struct.h(192,13): warning C4251: 'Engine::tagVertex_Mesh::vPosition': 'DirectX::XMFLOAT3'에서는 'Engine::tagVertex_Mesh'의 클라이언트에서 DLL 인터페이스를 사용하도록 지정해야 함
  (소스 파일 '../private/FrameResource.cpp'을(를) 컴파일하는 중)
      C:\Program Files (x86)\Windows Kits\10\Include\10.0.28000.0\um\DirectXMath.h(661,12):
      'DirectX::XMFLOAT3' 선언을 참조하십시오.
  
C:\Users\kkth3\OneDrive\문서\GitHub\250531\Client\Engine\public\Engine_Struct.h(193,13): warning C4251: 'Engine::tagVertex_Mesh::vNormal': 'DirectX::XMFLOAT3'에서는 'Engine::tagVertex_Mesh'의 클라이언트에서 DLL 인터페이스를 사용하도록 지정해야 함
  (소스 파일 '../private/FrameResource.cpp'을(를) 컴파일하는 중)
      C:\Program Files (x86)\Windows Kits\10\Include\10.0.28000.0\um\DirectXMath.h(661,12):
      'DirectX::XMFLOAT3' 선언을 참조하십시오.
  
C:\Users\kkth3\OneDrive\문서\GitHub\250531\Client\Engine\public\Engine_Struct.h(194,13): warning C4251: 'Engine::tagVertex_Mesh::vTexcoord': 'DirectX::XMFLOAT2'에서는 'Engine::tagVertex_Mesh'의 클라이언트에서 DLL 인터페이스를 사용하도록 지정해야 함
  (소스 파일 '../private/FrameResource.cpp'을(를) 컴파일하는 중)
      C:\Program Files (x86)\Windows Kits\10\Include\10.0.28000.0\um\DirectXMath.h(584,12):
      'DirectX::XMFLOAT2' 선언을 참조하십시오.
  
C:\Users\kkth3\OneDrive\문서\GitHub\250531\Client\Engine\public\Engine_Struct.h(195,13): warning C4251: 'Engine::tagVertex_Mesh::vTangent': 'DirectX::XMFLOAT3'에서는 'Engine::tagVertex_Mesh'의 클라이언트에서 DLL 인터페이스를 사용하도록 지정해야 함
  (소스 파일 '../private/FrameResource.cpp'을(를) 컴파일하는 중)
      C:\Program Files (x86)\Windows Kits\10\Include\10.0.28000.0\um\DirectXMath.h(661,12):
      'DirectX::XMFLOAT3' 선언을 참조하십시오.
  
C:\Users\kkth3\OneDrive\문서\GitHub\250531\Client\Engine\public\Engine_Struct.h(204,13): warning C4251: 'Engine::tagVertex_Anim_Mesh::vPosition': 'DirectX::XMFLOAT3'에서는 'Engine::tagVertex_Anim_Mesh'의 클라이언트에서 DLL 인터페이스를 사용하도록 지정해야 함
  (소스 파일 '../private/FrameResource.cpp'을(를) 컴파일하는 중)
      C:\Program Files (x86)\Windows Kits\10\Include\10.0.28000.0\um\DirectXMath.h(661,12):
      'DirectX::XMFLOAT3' 선언을 참조하십시오.
  
C:\Users\kkth3\OneDrive\문서\GitHub\250531\Client\Engine\public\Engine_Struct.h(205,13): warning C4251: 'Engine::tagVertex_Anim_Mesh::vNormal': 'DirectX::XMFLOAT3'에서는 'Engine::tagVertex_Anim_Mesh'의 클라이언트에서 DLL 인터페이스를 사용하도록 지정해야 함
  (소스 파일 '../private/FrameResource.cpp'을(를) 컴파일하는 중)
      C:\Program Files (x86)\Windows Kits\10\Include\10.0.28000.0\um\DirectXMath.h(661,12):
      'DirectX::XMFLOAT3' 선언을 참조하십시오.
  
C:\Users\kkth3\OneDrive\문서\GitHub\250531\Client\Engine\public\Engine_Struct.h(206,13): warning C4251: 'Engine::tagVertex_Anim_Mesh::vTexcoord': 'DirectX::XMFLOAT2'에서는 'Engine::tagVertex_Anim_Mesh'의 클라이언트에서 DLL 인터페이스를 사용하도록 지정해야 함
  (소스 파일 '../private/FrameResource.cpp'을(를) 컴파일하는 중)
      C:\Program Files (x86)\Windows Kits\10\Include\10.0.28000.0\um\DirectXMath.h(584,12):
      'DirectX::XMFLOAT2' 선언을 참조하십시오.
  
C:\Users\kkth3\OneDrive\문서\GitHub\250531\Client\Engine\public\Engine_Struct.h(207,13): warning C4251: 'Engine::tagVertex_Anim_Mesh::vTangent': 'DirectX::XMFLOAT3'에서는 'Engine::tagVertex_Anim_Mesh'의 클라이언트에서 DLL 인터페이스를 사용하도록 지정해야 함
  (소스 파일 '../private/FrameResource.cpp'을(를) 컴파일하는 중)
      C:\Program Files (x86)\Windows Kits\10\Include\10.0.28000.0\um\DirectXMath.h(661,12):
      'DirectX::XMFLOAT3' 선언을 참조하십시오.
  
C:\Users\kkth3\OneDrive\문서\GitHub\250531\Client\Engine\public\Engine_Struct.h(209,13): warning C4251: 'Engine::tagVertex_Anim_Mesh::vBlendIndices': 'DirectX::XMUINT4'에서는 'Engine::tagVertex_Anim_Mesh'의 클라이언트에서 DLL 인터페이스를 사용하도록 지정해야 함
  (소스 파일 '../private/FrameResource.cpp'을(를) 컴파일하는 중)
      C:\Program Files (x86)\Windows Kits\10\Include\10.0.28000.0\um\DirectXMath.h(793,12):
      'DirectX::XMUINT4' 선언을 참조하십시오.
  
C:\Users\kkth3\OneDrive\문서\GitHub\250531\Client\Engine\public\Engine_Struct.h(210,13): warning C4251: 'Engine::tagVertex_Anim_Mesh::vBlendWeights': 'DirectX::XMFLOAT4'에서는 'Engine::tagVertex_Anim_Mesh'의 클라이언트에서 DLL 인터페이스를 사용하도록 지정해야 함
  (소스 파일 '../private/FrameResource.cpp'을(를) 컴파일하는 중)
      C:\Program Files (x86)\Windows Kits\10\Include\10.0.28000.0\um\DirectXMath.h(736,12):
      'DirectX::XMFLOAT4' 선언을 참조하십시오.
  
C:\Users\kkth3\OneDrive\문서\GitHub\250531\Client\Engine\public\Transform.h(106,13): warning C4251: 'Engine::CTransform::m_WorldMatrix': 'DirectX::XMFLOAT4X4'에서는 'Engine::CTransform'의 클라이언트에서 DLL 인터페이스를 사용하도록 지정해야 함
  (소스 파일 '../private/FrameResource.cpp'을(를) 컴파일하는 중)
      C:\Program Files (x86)\Windows Kits\10\Include\10.0.28000.0\um\DirectXMath.h(964,12):
      'DirectX::XMFLOAT4X4' 선언을 참조하십시오.
  
C:\Users\kkth3\OneDrive\문서\GitHub\250531\Client\Engine\public\GameObject.h(39,43): warning C4251: 'Engine::CGameObject::m_Components': 'std::unordered_map<std::string,Engine::CComponent *,std::hash<std::string>,std::equal_to<std::string>,std::allocator<std::pair<const std::string,Engine::CComponent *>>>'에서는 'Engine::CGameObject'의 클라이언트에서 DLL 인터페이스를 사용하도록 지정해야 함
  (소스 파일 '../private/FrameResource.cpp'을(를) 컴파일하는 중)
      C:\Program Files\Microsoft Visual Studio\2022\Community\VC\Tools\MSVC\14.44.35207\include\unordered_map(61,7):
      'std::unordered_map<std::string,Engine::CComponent *,std::hash<std::string>,std::equal_to<std::string>,std::allocator<std::pair<const std::string,Engine::CComponent *>>>' 선언을 참조하십시오.
  
C:\Users\kkth3\OneDrive\문서\GitHub\250531\Client\Engine\public\Renderer.h(34,25): warning C4251: 'Engine::CRenderer::m_vRenderObjects': 'std::vector<Engine::CRenderObject *,std::allocator<Engine::CRenderObject *>>'에서는 'Engine::CRenderer'의 클라이언트에서 DLL 인터페이스를 사용하도록 지정해야 함
  (소스 파일 '../private/FrameResource.cpp'을(를) 컴파일하는 중)
      C:\Program Files\Microsoft Visual Studio\2022\Community\VC\Tools\MSVC\14.44.35207\include\vector(442,7):
      'std::vector<Engine::CRenderObject *,std::allocator<Engine::CRenderObject *>>' 선언을 참조하십시오.
  
C:\Users\kkth3\OneDrive\문서\GitHub\250531\Client\Engine\public\VIBuffer_Geos.h(24,50): warning C4251: 'Engine::CVIBuffer_Geos::m_SubMeshInfos': 'std::unordered_map<Engine::CVIBuffer_Geos::BASIC_SUBMESHES,SubmeshGeometry,std::hash<Engine::CVIBuffer_Geos::BASIC_SUBMESHES>,std::equal_to<Engine::CVIBuffer_Geos::BASIC_SUBMESHES>,std::allocator<std::pair<const Engine::CVIBuffer_Geos::BASIC_SUBMESHES,SubmeshGeometry>>>'에서는 'Engine::CVIBuffer_Geos'의 클라이언트에서 DLL 인터페이스를 사용하도록 지정해야 함
  (소스 파일 '../private/FrameResource.cpp'을(를) 컴파일하는 중)
      C:\Program Files\Microsoft Visual Studio\2022\Community\VC\Tools\MSVC\14.44.35207\include\unordered_map(61,7):
      'std::unordered_map<Engine::CVIBuffer_Geos::BASIC_SUBMESHES,SubmeshGeometry,std::hash<Engine::CVIBuffer_Geos::BASIC_SUBMESHES>,std::equal_to<Engine::CVIBuffer_Geos::BASIC_SUBMESHES>,std::allocator<std::pair<const Engine::CVIBuffer_Geos::BASIC_SUBMESHES,SubmeshGeometry>>>' 선언을 참조하십시오.
  
C:\Users\kkth3\OneDrive\문서\GitHub\250531\Client\Engine\public\Model.h(62,16): warning C4251: 'Engine::CModel::m_PivotMatrix': 'DirectX::XMFLOAT4X4'에서는 'Engine::CModel'의 클라이언트에서 DLL 인터페이스를 사용하도록 지정해야 함
  (소스 파일 '../private/FrameResource.cpp'을(를) 컴파일하는 중)
      C:\Program Files (x86)\Windows Kits\10\Include\10.0.28000.0\um\DirectXMath.h(964,12):
      'DirectX::XMFLOAT4X4' 선언을 참조하십시오.
  
C:\Users\kkth3\OneDrive\문서\GitHub\250531\Client\Engine\public\Model.h(66,26): warning C4251: 'Engine::CModel::m_Meshes': 'std::vector<Engine::CMesh *,std::allocator<Engine::CMesh *>>'에서는 'Engine::CModel'의 클라이언트에서 DLL 인터페이스를 사용하도록 지정해야 함
  (소스 파일 '../private/FrameResource.cpp'을(를) 컴파일하는 중)
      C:\Program Files\Microsoft Visual Studio\2022\Community\VC\Tools\MSVC\14.44.35207\include\vector(442,7):
      'std::vector<Engine::CMesh *,std::allocator<Engine::CMesh *>>' 선언을 참조하십시오.
  
C:\Users\kkth3\OneDrive\문서\GitHub\250531\Client\Engine\public\Model.h(68,26): warning C4251: 'Engine::CModel::m_Bones': 'std::vector<Engine::CBone *,std::allocator<Engine::CBone *>>'에서는 'Engine::CModel'의 클라이언트에서 DLL 인터페이스를 사용하도록 지정해야 함
  (소스 파일 '../private/FrameResource.cpp'을(를) 컴파일하는 중)
      C:\Program Files\Microsoft Visual Studio\2022\Community\VC\Tools\MSVC\14.44.35207\include\vector(442,7):
      'std::vector<Engine::CBone *,std::allocator<Engine::CBone *>>' 선언을 참조하십시오.
  
C:\Users\kkth3\OneDrive\문서\GitHub\250531\Client\Engine\public\VIBuffer_Terrain.h(72,41): warning C4251: 'Engine::CVIBuffer_Terrain::m_pHeightMap': 'std::shared_ptr<std::vector<float,std::allocator<float>>>'에서는 'Engine::CVIBuffer_Terrain'의 클라이언트에서 DLL 인터페이스를 사용하도록 지정해야 함
  (소스 파일 '../private/FrameResource.cpp'을(를) 컴파일하는 중)
      C:\Program Files\Microsoft Visual Studio\2022\Community\VC\Tools\MSVC\14.44.35207\include\memory(1565,7):
      'std::shared_ptr<std::vector<float,std::allocator<float>>>' 선언을 참조하십시오.
  
C:\Users\kkth3\OneDrive\문서\GitHub\250531\Client\Engine\public\VIBuffer_Terrain.h(74,33): warning C4251: 'Engine::CVIBuffer_Terrain::m_Chunks': 'std::vector<Engine::CVIBuffer_Terrain::TERRAINCHUNK,std::allocator<Engine::CVIBuffer_Terrain::TERRAINCHUNK>>'에서는 'Engine::CVIBuffer_Terrain'의 클라이언트에서 DLL 인터페이스를 사용하도록 지정해야 함
  (소스 파일 '../private/FrameResource.cpp'을(를) 컴파일하는 중)
      C:\Program Files\Microsoft Visual Studio\2022\Community\VC\Tools\MSVC\14.44.35207\include\vector(442,7):
      'std::vector<Engine::CVIBuffer_Terrain::TERRAINCHUNK,std::allocator<Engine::CVIBuffer_Terrain::TERRAINCHUNK>>' 선언을 참조하십시오.
  
C:\Users\kkth3\OneDrive\문서\GitHub\250531\Client\Engine\public\VIBuffer_Terrain.h(87,33): warning C4251: 'Engine::CVIBuffer_Terrain::m_ChunkLODs': 'std::vector<GeometryGenerator::uint32,std::allocator<GeometryGenerator::uint32>>'에서는 'Engine::CVIBuffer_Terrain'의 클라이언트에서 DLL 인터페이스를 사용하도록 지정해야 함
  (소스 파일 '../private/FrameResource.cpp'을(를) 컴파일하는 중)
      C:\Program Files\Microsoft Visual Studio\2022\Community\VC\Tools\MSVC\14.44.35207\include\vector(442,7):
      'std::vector<GeometryGenerator::uint32,std::allocator<GeometryGenerator::uint32>>' 선언을 참조하십시오.
  
C:\Users\kkth3\OneDrive\문서\GitHub\250531\Client\Engine\public\VIBuffer_Terrain.h(89,33): warning C4251: 'Engine::CVIBuffer_Terrain::m_FrustumPlanes': 'DirectX::XMFLOAT4'에서는 'Engine::CVIBuffer_Terrain'의 클라이언트에서 DLL 인터페이스를 사용하도록 지정해야 함
  (소스 파일 '../private/FrameResource.cpp'을(를) 컴파일하는 중)
      C:\Program Files (x86)\Windows Kits\10\Include\10.0.28000.0\um\DirectXMath.h(736,12):
      'DirectX::XMFLOAT4' 선언을 참조하십시오.
  
C:\Users\kkth3\OneDrive\문서\GitHub\250531\Client\Engine\public\CBBinding.h(26,54): warning C4244: '=': 'Engine::_uint'에서 'float'(으)로 변환하면서 데이터가 손실될 수 있습니다.
  (소스 파일 '../private/FrameResource.cpp'을(를) 컴파일하는 중)
  
C:\Users\kkth3\OneDrive\문서\GitHub\250531\Client\Engine\public\MeshModel.h(33,35): warning C4251: 'Engine::CMeshModel::m_Meshes': 'std::vector<Engine::CVIBuffer_Mesh *,std::allocator<Engine::CVIBuffer_Mesh *>>'에서는 'Engine::CMeshModel'의 클라이언트에서 DLL 인터페이스를 사용하도록 지정해야 함
  (소스 파일 '../private/FrameResource.cpp'을(를) 컴파일하는 중)
      C:\Program Files\Microsoft Visual Studio\2022\Community\VC\Tools\MSVC\14.44.35207\include\vector(442,7):
      'std::vector<Engine::CVIBuffer_Mesh *,std::allocator<Engine::CVIBuffer_Mesh *>>' 선언을 참조하십시오.
  
C:\Users\kkth3\OneDrive\문서\GitHub\250531\Client\Engine\public\RootSignatureMgr.h(29,54): warning C4251: 'Engine::CRootSignatureMgr::mRootSignatures': 'std::unordered_map<std::string,Engine::CRootSignature *,std::hash<std::string>,std::equal_to<std::string>,std::allocator<std::pair<const std::string,Engine::CRootSignature *>>>'에서는 'Engine::CRootSignatureMgr'의 클라이언트에서 DLL 인터페이스를 사용하도록 지정해야 함
  (소스 파일 '../private/FrameResource.cpp'을(를) 컴파일하는 중)
      C:\Program Files\Microsoft Visual Studio\2022\Community\VC\Tools\MSVC\14.44.35207\include\unordered_map(61,7):
      'std::unordered_map<std::string,Engine::CRootSignature *,std::hash<std::string>,std::equal_to<std::string>,std::allocator<std::pair<const std::string,Engine::CRootSignature *>>>' 선언을 참조하십시오.
  
C:\Users\kkth3\OneDrive\문서\GitHub\250531\Client\Engine\public\ObjectMgr.h(53,34): warning C4251: 'Engine::CObjectMgr::m_Layers': 'std::unordered_map<std::string,Engine::CObjectMgr::Layer,std::hash<std::string>,std::equal_to<std::string>,std::allocator<std::pair<const std::string,Engine::CObjectMgr::Layer>>>'에서는 'Engine::CObjectMgr'의 클라이언트에서 DLL 인터페이스를 사용하도록 지정해야 함
  (소스 파일 '../private/FrameResource.cpp'을(를) 컴파일하는 중)
      C:\Program Files\Microsoft Visual Studio\2022\Community\VC\Tools\MSVC\14.44.35207\include\unordered_map(61,7):
      'std::unordered_map<std::string,Engine::CObjectMgr::Layer,std::hash<std::string>,std::equal_to<std::string>,std::allocator<std::pair<const std::string,Engine::CObjectMgr::Layer>>>' 선언을 참조하십시오.
  
C:\Users\kkth3\OneDrive\문서\GitHub\250531\Client\Engine\public\ObjectMgr.h(54,41): warning C4251: 'Engine::CObjectMgr::m_Prototypes': 'std::unordered_map<std::string,Engine::CGameObject *,std::hash<std::string>,std::equal_to<std::string>,std::allocator<std::pair<const std::string,Engine::CGameObject *>>>'에서는 'Engine::CObjectMgr'의 클라이언트에서 DLL 인터페이스를 사용하도록 지정해야 함
  (소스 파일 '../private/FrameResource.cpp'을(를) 컴파일하는 중)
      C:\Program Files\Microsoft Visual Studio\2022\Community\VC\Tools\MSVC\14.44.35207\include\unordered_map(61,7):
      'std::unordered_map<std::string,Engine::CGameObject *,std::hash<std::string>,std::equal_to<std::string>,std::allocator<std::pair<const std::string,Engine::CGameObject *>>>' 선언을 참조하십시오.
  
C:\Users\kkth3\OneDrive\문서\GitHub\250531\Client\Engine\public\TextureMgr.h(74,32): warning C4251: 'Engine::CTextureMgr::hDescriptor': 'CD3DX12_CPU_DESCRIPTOR_HANDLE'에서는 'Engine::CTextureMgr'의 클라이언트에서 DLL 인터페이스를 사용하도록 지정해야 함
  (소스 파일 '../private/FrameResource.cpp'을(를) 컴파일하는 중)
      C:\Users\kkth3\OneDrive\문서\GitHub\250531\Client\Engine\public\d3dx12.h(1471,8):
      'CD3DX12_CPU_DESCRIPTOR_HANDLE' 선언을 참조하십시오.
  
C:\Users\kkth3\OneDrive\문서\GitHub\250531\Client\Engine\public\TextureMgr.h(78,34): warning C4251: 'Engine::CTextureMgr::m_Textures': 'std::vector<std::pair<std::string,Engine::CTexture *>,std::allocator<std::pair<std::string,Engine::CTexture *>>>'에서는 'Engine::CTextureMgr'의 클라이언트에서 DLL 인터페이스를 사용하도록 지정해야 함
  (소스 파일 '../private/FrameResource.cpp'을(를) 컴파일하는 중)
      C:\Program Files\Microsoft Visual Studio\2022\Community\VC\Tools\MSVC\14.44.35207\include\vector(442,7):
      'std::vector<std::pair<std::string,Engine::CTexture *>,std::allocator<std::pair<std::string,Engine::CTexture *>>>' 선언을 참조하십시오.
  
C:\Users\kkth3\OneDrive\문서\GitHub\250531\Client\Engine\public\GameInstance.h(143,12): warning C4251: 'Engine::CGameInstance::m_CameraViewProj': 'DirectX::XMFLOAT4X4'에서는 'Engine::CGameInstance'의 클라이언트에서 DLL 인터페이스를 사용하도록 지정해야 함
  (소스 파일 '../private/FrameResource.cpp'을(를) 컴파일하는 중)
      C:\Program Files (x86)\Windows Kits\10\Include\10.0.28000.0\um\DirectXMath.h(964,12):
      'DirectX::XMFLOAT4X4' 선언을 참조하십시오.
  
C:\Users\kkth3\OneDrive\문서\GitHub\250531\Client\Engine\public\GameInstance.h(144,12): warning C4251: 'Engine::CGameInstance::m_ShadowViewProj': 'DirectX::XMFLOAT4X4'에서는 'Engine::CGameInstance'의 클라이언트에서 DLL 인터페이스를 사용하도록 지정해야 함
  (소스 파일 '../private/FrameResource.cpp'을(를) 컴파일하는 중)
      C:\Program Files (x86)\Windows Kits\10\Include\10.0.28000.0\um\DirectXMath.h(964,12):
      'DirectX::XMFLOAT4X4' 선언을 참조하십시오.
  
C:\Users\kkth3\OneDrive\문서\GitHub\250531\Client\Engine\public\GameInstance.h(145,11): warning C4251: 'Engine::CGameInstance::m_CameraEye': 'DirectX::XMFLOAT3'에서는 'Engine::CGameInstance'의 클라이언트에서 DLL 인터페이스를 사용하도록 지정해야 함
  (소스 파일 '../private/FrameResource.cpp'을(를) 컴파일하는 중)
      C:\Program Files (x86)\Windows Kits\10\Include\10.0.28000.0\um\DirectXMath.h(661,12):
      'DirectX::XMFLOAT3' 선언을 참조하십시오.
  
  FrameResourceMgr.cpp
C:\Users\kkth3\OneDrive\문서\GitHub\250531\Client\Engine\public\Engine_Struct.h(21,14): warning C4251: 'Engine::ObjectConstants::World': 'DirectX::XMFLOAT4X4'에서는 'Engine::ObjectConstants'의 클라이언트에서 DLL 인터페이스를 사용하도록 지정해야 함
  (소스 파일 '../private/FrameResourceMgr.cpp'을(를) 컴파일하는 중)
      C:\Program Files (x86)\Windows Kits\10\Include\10.0.28000.0\um\DirectXMath.h(964,12):
      'DirectX::XMFLOAT4X4' 선언을 참조하십시오.
  
C:\Users\kkth3\OneDrive\문서\GitHub\250531\Client\Engine\public\Engine_Struct.h(22,14): warning C4251: 'Engine::ObjectConstants::TexTransform': 'DirectX::XMFLOAT4X4'에서는 'Engine::ObjectConstants'의 클라이언트에서 DLL 인터페이스를 사용하도록 지정해야 함
  (소스 파일 '../private/FrameResourceMgr.cpp'을(를) 컴파일하는 중)
      C:\Program Files (x86)\Windows Kits\10\Include\10.0.28000.0\um\DirectXMath.h(964,12):
      'DirectX::XMFLOAT4X4' 선언을 참조하십시오.
  
C:\Users\kkth3\OneDrive\문서\GitHub\250531\Client\Engine\public\Engine_Struct.h(31,21): warning C4251: 'Engine::Light::Strength': 'DirectX::XMFLOAT3'에서는 'Engine::Light'의 클라이언트에서 DLL 인터페이스를 사용하도록 지정해야 함
  (소스 파일 '../private/FrameResourceMgr.cpp'을(를) 컴파일하는 중)
      C:\Program Files (x86)\Windows Kits\10\Include\10.0.28000.0\um\DirectXMath.h(661,12):
      'DirectX::XMFLOAT3' 선언을 참조하십시오.
  
C:\Users\kkth3\OneDrive\문서\GitHub\250531\Client\Engine\public\Engine_Struct.h(33,21): warning C4251: 'Engine::Light::Direction': 'DirectX::XMFLOAT3'에서는 'Engine::Light'의 클라이언트에서 DLL 인터페이스를 사용하도록 지정해야 함
  (소스 파일 '../private/FrameResourceMgr.cpp'을(를) 컴파일하는 중)
      C:\Program Files (x86)\Windows Kits\10\Include\10.0.28000.0\um\DirectXMath.h(661,12):
      'DirectX::XMFLOAT3' 선언을 참조하십시오.
  
C:\Users\kkth3\OneDrive\문서\GitHub\250531\Client\Engine\public\Engine_Struct.h(35,21): warning C4251: 'Engine::Light::Position': 'DirectX::XMFLOAT3'에서는 'Engine::Light'의 클라이언트에서 DLL 인터페이스를 사용하도록 지정해야 함
  (소스 파일 '../private/FrameResourceMgr.cpp'을(를) 컴파일하는 중)
      C:\Program Files (x86)\Windows Kits\10\Include\10.0.28000.0\um\DirectXMath.h(661,12):
      'DirectX::XMFLOAT3' 선언을 참조하십시오.
  
C:\Users\kkth3\OneDrive\문서\GitHub\250531\Client\Engine\public\Engine_Struct.h(41,23): warning C4251: 'Engine::PassConstants::View': 'DirectX::XMFLOAT4X4'에서는 'Engine::PassConstants'의 클라이언트에서 DLL 인터페이스를 사용하도록 지정해야 함
  (소스 파일 '../private/FrameResourceMgr.cpp'을(를) 컴파일하는 중)
      C:\Program Files (x86)\Windows Kits\10\Include\10.0.28000.0\um\DirectXMath.h(964,12):
      'DirectX::XMFLOAT4X4' 선언을 참조하십시오.
  
C:\Users\kkth3\OneDrive\문서\GitHub\250531\Client\Engine\public\Engine_Struct.h(42,23): warning C4251: 'Engine::PassConstants::InvView': 'DirectX::XMFLOAT4X4'에서는 'Engine::PassConstants'의 클라이언트에서 DLL 인터페이스를 사용하도록 지정해야 함
  (소스 파일 '../private/FrameResourceMgr.cpp'을(를) 컴파일하는 중)
      C:\Program Files (x86)\Windows Kits\10\Include\10.0.28000.0\um\DirectXMath.h(964,12):
      'DirectX::XMFLOAT4X4' 선언을 참조하십시오.
  
C:\Users\kkth3\OneDrive\문서\GitHub\250531\Client\Engine\public\Engine_Struct.h(43,23): warning C4251: 'Engine::PassConstants::Proj': 'DirectX::XMFLOAT4X4'에서는 'Engine::PassConstants'의 클라이언트에서 DLL 인터페이스를 사용하도록 지정해야 함
  (소스 파일 '../private/FrameResourceMgr.cpp'을(를) 컴파일하는 중)
      C:\Program Files (x86)\Windows Kits\10\Include\10.0.28000.0\um\DirectXMath.h(964,12):
      'DirectX::XMFLOAT4X4' 선언을 참조하십시오.
  
C:\Users\kkth3\OneDrive\문서\GitHub\250531\Client\Engine\public\Engine_Struct.h(44,23): warning C4251: 'Engine::PassConstants::InvProj': 'DirectX::XMFLOAT4X4'에서는 'Engine::PassConstants'의 클라이언트에서 DLL 인터페이스를 사용하도록 지정해야 함
  (소스 파일 '../private/FrameResourceMgr.cpp'을(를) 컴파일하는 중)
      C:\Program Files (x86)\Windows Kits\10\Include\10.0.28000.0\um\DirectXMath.h(964,12):
      'DirectX::XMFLOAT4X4' 선언을 참조하십시오.
  
C:\Users\kkth3\OneDrive\문서\GitHub\250531\Client\Engine\public\Engine_Struct.h(45,23): warning C4251: 'Engine::PassConstants::ViewProj': 'DirectX::XMFLOAT4X4'에서는 'Engine::PassConstants'의 클라이언트에서 DLL 인터페이스를 사용하도록 지정해야 함
  (소스 파일 '../private/FrameResourceMgr.cpp'을(를) 컴파일하는 중)
      C:\Program Files (x86)\Windows Kits\10\Include\10.0.28000.0\um\DirectXMath.h(964,12):
      'DirectX::XMFLOAT4X4' 선언을 참조하십시오.
  
C:\Users\kkth3\OneDrive\문서\GitHub\250531\Client\Engine\public\Engine_Struct.h(46,23): warning C4251: 'Engine::PassConstants::InvViewProj': 'DirectX::XMFLOAT4X4'에서는 'Engine::PassConstants'의 클라이언트에서 DLL 인터페이스를 사용하도록 지정해야 함
  (소스 파일 '../private/FrameResourceMgr.cpp'을(를) 컴파일하는 중)
      C:\Program Files (x86)\Windows Kits\10\Include\10.0.28000.0\um\DirectXMath.h(964,12):
      'DirectX::XMFLOAT4X4' 선언을 참조하십시오.
  
C:\Users\kkth3\OneDrive\문서\GitHub\250531\Client\Engine\public\Engine_Struct.h(47,23): warning C4251: 'Engine::PassConstants::ShadowTransform': 'DirectX::XMFLOAT4X4'에서는 'Engine::PassConstants'의 클라이언트에서 DLL 인터페이스를 사용하도록 지정해야 함
  (소스 파일 '../private/FrameResourceMgr.cpp'을(를) 컴파일하는 중)
      C:\Program Files (x86)\Windows Kits\10\Include\10.0.28000.0\um\DirectXMath.h(964,12):
      'DirectX::XMFLOAT4X4' 선언을 참조하십시오.
  
C:\Users\kkth3\OneDrive\문서\GitHub\250531\Client\Engine\public\Engine_Struct.h(48,21): warning C4251: 'Engine::PassConstants::EyePosW': 'DirectX::XMFLOAT3'에서는 'Engine::PassConstants'의 클라이언트에서 DLL 인터페이스를 사용하도록 지정해야 함
  (소스 파일 '../private/FrameResourceMgr.cpp'을(를) 컴파일하는 중)
      C:\Program Files (x86)\Windows Kits\10\Include\10.0.28000.0\um\DirectXMath.h(661,12):
      'DirectX::XMFLOAT3' 선언을 참조하십시오.
  
C:\Users\kkth3\OneDrive\문서\GitHub\250531\Client\Engine\public\Engine_Struct.h(50,21): warning C4251: 'Engine::PassConstants::RenderTargetSize': 'DirectX::XMFLOAT2'에서는 'Engine::PassConstants'의 클라이언트에서 DLL 인터페이스를 사용하도록 지정해야 함
  (소스 파일 '../private/FrameResourceMgr.cpp'을(를) 컴파일하는 중)
      C:\Program Files (x86)\Windows Kits\10\Include\10.0.28000.0\um\DirectXMath.h(584,12):
      'DirectX::XMFLOAT2' 선언을 참조하십시오.
  
C:\Users\kkth3\OneDrive\문서\GitHub\250531\Client\Engine\public\Engine_Struct.h(51,21): warning C4251: 'Engine::PassConstants::InvRenderTargetSize': 'DirectX::XMFLOAT2'에서는 'Engine::PassConstants'의 클라이언트에서 DLL 인터페이스를 사용하도록 지정해야 함
  (소스 파일 '../private/FrameResourceMgr.cpp'을(를) 컴파일하는 중)
      C:\Program Files (x86)\Windows Kits\10\Include\10.0.28000.0\um\DirectXMath.h(584,12):
      'DirectX::XMFLOAT2' 선언을 참조하십시오.
  
C:\Users\kkth3\OneDrive\문서\GitHub\250531\Client\Engine\public\Engine_Struct.h(57,21): warning C4251: 'Engine::PassConstants::AmbientLight': 'DirectX::XMFLOAT4'에서는 'Engine::PassConstants'의 클라이언트에서 DLL 인터페이스를 사용하도록 지정해야 함
  (소스 파일 '../private/FrameResourceMgr.cpp'을(를) 컴파일하는 중)
      C:\Program Files (x86)\Windows Kits\10\Include\10.0.28000.0\um\DirectXMath.h(736,12):
      'DirectX::XMFLOAT4' 선언을 참조하십시오.
  
C:\Users\kkth3\OneDrive\문서\GitHub\250531\Client\Engine\public\Engine_Struct.h(86,21): warning C4251: 'Engine::MaterialConstants::DiffuseAlbedo': 'DirectX::XMFLOAT4'에서는 'Engine::MaterialConstants'의 클라이언트에서 DLL 인터페이스를 사용하도록 지정해야 함
  (소스 파일 '../private/FrameResourceMgr.cpp'을(를) 컴파일하는 중)
      C:\Program Files (x86)\Windows Kits\10\Include\10.0.28000.0\um\DirectXMath.h(736,12):
      'DirectX::XMFLOAT4' 선언을 참조하십시오.
  
C:\Users\kkth3\OneDrive\문서\GitHub\250531\Client\Engine\public\Engine_Struct.h(87,21): warning C4251: 'Engine::MaterialConstants::FresnelR0': 'DirectX::XMFLOAT3'에서는 'Engine::MaterialConstants'의 클라이언트에서 DLL 인터페이스를 사용하도록 지정해야 함
  (소스 파일 '../private/FrameResourceMgr.cpp'을(를) 컴파일하는 중)
      C:\Program Files (x86)\Windows Kits\10\Include\10.0.28000.0\um\DirectXMath.h(661,12):
      'DirectX::XMFLOAT3' 선언을 참조하십시오.
  
C:\Users\kkth3\OneDrive\문서\GitHub\250531\Client\Engine\public\Engine_Struct.h(89,23): warning C4251: 'Engine::MaterialConstants::MatTransform': 'DirectX::XMFLOAT4X4'에서는 'Engine::MaterialConstants'의 클라이언트에서 DLL 인터페이스를 사용하도록 지정해야 함
  (소스 파일 '../private/FrameResourceMgr.cpp'을(를) 컴파일하는 중)
      C:\Program Files (x86)\Windows Kits\10\Include\10.0.28000.0\um\DirectXMath.h(964,12):
      'DirectX::XMFLOAT4X4' 선언을 참조하십시오.
  
C:\Users\kkth3\OneDrive\문서\GitHub\250531\Client\Engine\public\Engine_Struct.h(94,21): warning C4251: 'Engine::MaterialData::DiffuseAlbedo': 'DirectX::XMFLOAT4'에서는 'Engine::MaterialData'의 클라이언트에서 DLL 인터페이스를 사용하도록 지정해야 함
  (소스 파일 '../private/FrameResourceMgr.cpp'을(를) 컴파일하는 중)
      C:\Program Files (x86)\Windows Kits\10\Include\10.0.28000.0\um\DirectXMath.h(736,12):
      'DirectX::XMFLOAT4' 선언을 참조하십시오.
  
C:\Users\kkth3\OneDrive\문서\GitHub\250531\Client\Engine\public\Engine_Struct.h(95,21): warning C4251: 'Engine::MaterialData::FresnelR0': 'DirectX::XMFLOAT3'에서는 'Engine::MaterialData'의 클라이언트에서 DLL 인터페이스를 사용하도록 지정해야 함
  (소스 파일 '../private/FrameResourceMgr.cpp'을(를) 컴파일하는 중)
      C:\Program Files (x86)\Windows Kits\10\Include\10.0.28000.0\um\DirectXMath.h(661,12):
      'DirectX::XMFLOAT3' 선언을 참조하십시오.
  
C:\Users\kkth3\OneDrive\문서\GitHub\250531\Client\Engine\public\Engine_Struct.h(99,23): warning C4251: 'Engine::MaterialData::MatTransform': 'DirectX::XMFLOAT4X4'에서는 'Engine::MaterialData'의 클라이언트에서 DLL 인터페이스를 사용하도록 지정해야 함
  (소스 파일 '../private/FrameResourceMgr.cpp'을(를) 컴파일하는 중)
      C:\Program Files (x86)\Windows Kits\10\Include\10.0.28000.0\um\DirectXMath.h(964,12):
      'DirectX::XMFLOAT4X4' 선언을 참조하십시오.
  
C:\Users\kkth3\OneDrive\문서\GitHub\250531\Client\Engine\public\Engine_Struct.h(113,14): warning C4251: 'Engine::InstanceData::World': 'DirectX::XMFLOAT4X4'에서는 'Engine::InstanceData'의 클라이언트에서 DLL 인터페이스를 사용하도록 지정해야 함
  (소스 파일 '../private/FrameResourceMgr.cpp'을(를) 컴파일하는 중)
      C:\Program Files (x86)\Windows Kits\10\Include\10.0.28000.0\um\DirectXMath.h(964,12):
      'DirectX::XMFLOAT4X4' 선언을 참조하십시오.
  
C:\Users\kkth3\OneDrive\문서\GitHub\250531\Client\Engine\public\Engine_Struct.h(142,13): warning C4251: 'Engine::tagVertex_Position::vPosition': 'DirectX::XMFLOAT3'에서는 'Engine::tagVertex_Position'의 클라이언트에서 DLL 인터페이스를 사용하도록 지정해야 함
  (소스 파일 '../private/FrameResourceMgr.cpp'을(를) 컴파일하는 중)
      C:\Program Files (x86)\Windows Kits\10\Include\10.0.28000.0\um\DirectXMath.h(661,12):
      'DirectX::XMFLOAT3' 선언을 참조하십시오.
  
C:\Users\kkth3\OneDrive\문서\GitHub\250531\Client\Engine\public\Engine_Struct.h(151,13): warning C4251: 'Engine::tagVertex_Position_Normal::vPosition': 'DirectX::XMFLOAT3'에서는 'Engine::tagVertex_Position_Normal'의 클라이언트에서 DLL 인터페이스를 사용하도록 지정해야 함
  (소스 파일 '../private/FrameResourceMgr.cpp'을(를) 컴파일하는 중)
      C:\Program Files (x86)\Windows Kits\10\Include\10.0.28000.0\um\DirectXMath.h(661,12):
      'DirectX::XMFLOAT3' 선언을 참조하십시오.
  
C:\Users\kkth3\OneDrive\문서\GitHub\250531\Client\Engine\public\Engine_Struct.h(152,13): warning C4251: 'Engine::tagVertex_Position_Normal::vNormal': 'DirectX::XMFLOAT3'에서는 'Engine::tagVertex_Position_Normal'의 클라이언트에서 DLL 인터페이스를 사용하도록 지정해야 함
  (소스 파일 '../private/FrameResourceMgr.cpp'을(를) 컴파일하는 중)
      C:\Program Files (x86)\Windows Kits\10\Include\10.0.28000.0\um\DirectXMath.h(661,12):
      'DirectX::XMFLOAT3' 선언을 참조하십시오.
  
C:\Users\kkth3\OneDrive\문서\GitHub\250531\Client\Engine\public\Engine_Struct.h(161,13): warning C4251: 'Engine::tagVertex_Position_Texcoord::vPosition': 'DirectX::XMFLOAT3'에서는 'Engine::tagVertex_Position_Texcoord'의 클라이언트에서 DLL 인터페이스를 사용하도록 지정해야 함
  (소스 파일 '../private/FrameResourceMgr.cpp'을(를) 컴파일하는 중)
      C:\Program Files (x86)\Windows Kits\10\Include\10.0.28000.0\um\DirectXMath.h(661,12):
      'DirectX::XMFLOAT3' 선언을 참조하십시오.
  
C:\Users\kkth3\OneDrive\문서\GitHub\250531\Client\Engine\public\Engine_Struct.h(162,13): warning C4251: 'Engine::tagVertex_Position_Texcoord::vTexcoord': 'DirectX::XMFLOAT2'에서는 'Engine::tagVertex_Position_Texcoord'의 클라이언트에서 DLL 인터페이스를 사용하도록 지정해야 함
  (소스 파일 '../private/FrameResourceMgr.cpp'을(를) 컴파일하는 중)
      C:\Program Files (x86)\Windows Kits\10\Include\10.0.28000.0\um\DirectXMath.h(584,12):
      'DirectX::XMFLOAT2' 선언을 참조하십시오.
  
C:\Users\kkth3\OneDrive\문서\GitHub\250531\Client\Engine\public\Engine_Struct.h(171,13): warning C4251: 'Engine::tagVertex_Position_Normal_Texcoord::vPosition': 'DirectX::XMFLOAT3'에서는 'Engine::tagVertex_Position_Normal_Texcoord'의 클라이언트에서 DLL 인터페이스를 사용하도록 지정해야 함
  (소스 파일 '../private/FrameResourceMgr.cpp'을(를) 컴파일하는 중)
      C:\Program Files (x86)\Windows Kits\10\Include\10.0.28000.0\um\DirectXMath.h(661,12):
      'DirectX::XMFLOAT3' 선언을 참조하십시오.
  
C:\Users\kkth3\OneDrive\문서\GitHub\250531\Client\Engine\public\Engine_Struct.h(172,13): warning C4251: 'Engine::tagVertex_Position_Normal_Texcoord::vNormal': 'DirectX::XMFLOAT3'에서는 'Engine::tagVertex_Position_Normal_Texcoord'의 클라이언트에서 DLL 인터페이스를 사용하도록 지정해야 함
  (소스 파일 '../private/FrameResourceMgr.cpp'을(를) 컴파일하는 중)
      C:\Program Files (x86)\Windows Kits\10\Include\10.0.28000.0\um\DirectXMath.h(661,12):
      'DirectX::XMFLOAT3' 선언을 참조하십시오.
  
C:\Users\kkth3\OneDrive\문서\GitHub\250531\Client\Engine\public\Engine_Struct.h(173,13): warning C4251: 'Engine::tagVertex_Position_Normal_Texcoord::vTexcoord': 'DirectX::XMFLOAT2'에서는 'Engine::tagVertex_Position_Normal_Texcoord'의 클라이언트에서 DLL 인터페이스를 사용하도록 지정해야 함
  (소스 파일 '../private/FrameResourceMgr.cpp'을(를) 컴파일하는 중)
      C:\Program Files (x86)\Windows Kits\10\Include\10.0.28000.0\um\DirectXMath.h(584,12):
      'DirectX::XMFLOAT2' 선언을 참조하십시오.
  
C:\Users\kkth3\OneDrive\문서\GitHub\250531\Client\Engine\public\Engine_Struct.h(182,13): warning C4251: 'Engine::tagVertex_Position_Cube_Texcoord::vPosition': 'DirectX::XMFLOAT3'에서는 'Engine::tagVertex_Position_Cube_Texcoord'의 클라이언트에서 DLL 인터페이스를 사용하도록 지정해야 함
  (소스 파일 '../private/FrameResourceMgr.cpp'을(를) 컴파일하는 중)
      C:\Program Files (x86)\Windows Kits\10\Include\10.0.28000.0\um\DirectXMath.h(661,12):
      'DirectX::XMFLOAT3' 선언을 참조하십시오.
  
C:\Users\kkth3\OneDrive\문서\GitHub\250531\Client\Engine\public\Engine_Struct.h(183,13): warning C4251: 'Engine::tagVertex_Position_Cube_Texcoord::vTexcoord': 'DirectX::XMFLOAT3'에서는 'Engine::tagVertex_Position_Cube_Texcoord'의 클라이언트에서 DLL 인터페이스를 사용하도록 지정해야 함
  (소스 파일 '../private/FrameResourceMgr.cpp'을(를) 컴파일하는 중)
      C:\Program Files (x86)\Windows Kits\10\Include\10.0.28000.0\um\DirectXMath.h(661,12):
      'DirectX::XMFLOAT3' 선언을 참조하십시오.
  
C:\Users\kkth3\OneDrive\문서\GitHub\250531\Client\Engine\public\Engine_Struct.h(192,13): warning C4251: 'Engine::tagVertex_Mesh::vPosition': 'DirectX::XMFLOAT3'에서는 'Engine::tagVertex_Mesh'의 클라이언트에서 DLL 인터페이스를 사용하도록 지정해야 함
  (소스 파일 '../private/FrameResourceMgr.cpp'을(를) 컴파일하는 중)
      C:\Program Files (x86)\Windows Kits\10\Include\10.0.28000.0\um\DirectXMath.h(661,12):
      'DirectX::XMFLOAT3' 선언을 참조하십시오.
  
C:\Users\kkth3\OneDrive\문서\GitHub\250531\Client\Engine\public\Engine_Struct.h(193,13): warning C4251: 'Engine::tagVertex_Mesh::vNormal': 'DirectX::XMFLOAT3'에서는 'Engine::tagVertex_Mesh'의 클라이언트에서 DLL 인터페이스를 사용하도록 지정해야 함
  (소스 파일 '../private/FrameResourceMgr.cpp'을(를) 컴파일하는 중)
      C:\Program Files (x86)\Windows Kits\10\Include\10.0.28000.0\um\DirectXMath.h(661,12):
      'DirectX::XMFLOAT3' 선언을 참조하십시오.
  
C:\Users\kkth3\OneDrive\문서\GitHub\250531\Client\Engine\public\Engine_Struct.h(194,13): warning C4251: 'Engine::tagVertex_Mesh::vTexcoord': 'DirectX::XMFLOAT2'에서는 'Engine::tagVertex_Mesh'의 클라이언트에서 DLL 인터페이스를 사용하도록 지정해야 함
  (소스 파일 '../private/FrameResourceMgr.cpp'을(를) 컴파일하는 중)
      C:\Program Files (x86)\Windows Kits\10\Include\10.0.28000.0\um\DirectXMath.h(584,12):
      'DirectX::XMFLOAT2' 선언을 참조하십시오.
  
C:\Users\kkth3\OneDrive\문서\GitHub\250531\Client\Engine\public\Engine_Struct.h(195,13): warning C4251: 'Engine::tagVertex_Mesh::vTangent': 'DirectX::XMFLOAT3'에서는 'Engine::tagVertex_Mesh'의 클라이언트에서 DLL 인터페이스를 사용하도록 지정해야 함
  (소스 파일 '../private/FrameResourceMgr.cpp'을(를) 컴파일하는 중)
      C:\Program Files (x86)\Windows Kits\10\Include\10.0.28000.0\um\DirectXMath.h(661,12):
      'DirectX::XMFLOAT3' 선언을 참조하십시오.
  
C:\Users\kkth3\OneDrive\문서\GitHub\250531\Client\Engine\public\Engine_Struct.h(204,13): warning C4251: 'Engine::tagVertex_Anim_Mesh::vPosition': 'DirectX::XMFLOAT3'에서는 'Engine::tagVertex_Anim_Mesh'의 클라이언트에서 DLL 인터페이스를 사용하도록 지정해야 함
  (소스 파일 '../private/FrameResourceMgr.cpp'을(를) 컴파일하는 중)
      C:\Program Files (x86)\Windows Kits\10\Include\10.0.28000.0\um\DirectXMath.h(661,12):
      'DirectX::XMFLOAT3' 선언을 참조하십시오.
  
C:\Users\kkth3\OneDrive\문서\GitHub\250531\Client\Engine\public\Engine_Struct.h(205,13): warning C4251: 'Engine::tagVertex_Anim_Mesh::vNormal': 'DirectX::XMFLOAT3'에서는 'Engine::tagVertex_Anim_Mesh'의 클라이언트에서 DLL 인터페이스를 사용하도록 지정해야 함
  (소스 파일 '../private/FrameResourceMgr.cpp'을(를) 컴파일하는 중)
      C:\Program Files (x86)\Windows Kits\10\Include\10.0.28000.0\um\DirectXMath.h(661,12):
      'DirectX::XMFLOAT3' 선언을 참조하십시오.
  
C:\Users\kkth3\OneDrive\문서\GitHub\250531\Client\Engine\public\Engine_Struct.h(206,13): warning C4251: 'Engine::tagVertex_Anim_Mesh::vTexcoord': 'DirectX::XMFLOAT2'에서는 'Engine::tagVertex_Anim_Mesh'의 클라이언트에서 DLL 인터페이스를 사용하도록 지정해야 함
  (소스 파일 '../private/FrameResourceMgr.cpp'을(를) 컴파일하는 중)
      C:\Program Files (x86)\Windows Kits\10\Include\10.0.28000.0\um\DirectXMath.h(584,12):
      'DirectX::XMFLOAT2' 선언을 참조하십시오.
  
C:\Users\kkth3\OneDrive\문서\GitHub\250531\Client\Engine\public\Engine_Struct.h(207,13): warning C4251: 'Engine::tagVertex_Anim_Mesh::vTangent': 'DirectX::XMFLOAT3'에서는 'Engine::tagVertex_Anim_Mesh'의 클라이언트에서 DLL 인터페이스를 사용하도록 지정해야 함
  (소스 파일 '../private/FrameResourceMgr.cpp'을(를) 컴파일하는 중)
      C:\Program Files (x86)\Windows Kits\10\Include\10.0.28000.0\um\DirectXMath.h(661,12):
      'DirectX::XMFLOAT3' 선언을 참조하십시오.
  
C:\Users\kkth3\OneDrive\문서\GitHub\250531\Client\Engine\public\Engine_Struct.h(209,13): warning C4251: 'Engine::tagVertex_Anim_Mesh::vBlendIndices': 'DirectX::XMUINT4'에서는 'Engine::tagVertex_Anim_Mesh'의 클라이언트에서 DLL 인터페이스를 사용하도록 지정해야 함
  (소스 파일 '../private/FrameResourceMgr.cpp'을(를) 컴파일하는 중)
      C:\Program Files (x86)\Windows Kits\10\Include\10.0.28000.0\um\DirectXMath.h(793,12):
      'DirectX::XMUINT4' 선언을 참조하십시오.
  
C:\Users\kkth3\OneDrive\문서\GitHub\250531\Client\Engine\public\Engine_Struct.h(210,13): warning C4251: 'Engine::tagVertex_Anim_Mesh::vBlendWeights': 'DirectX::XMFLOAT4'에서는 'Engine::tagVertex_Anim_Mesh'의 클라이언트에서 DLL 인터페이스를 사용하도록 지정해야 함
  (소스 파일 '../private/FrameResourceMgr.cpp'을(를) 컴파일하는 중)
      C:\Program Files (x86)\Windows Kits\10\Include\10.0.28000.0\um\DirectXMath.h(736,12):
      'DirectX::XMFLOAT4' 선언을 참조하십시오.
  
C:\Users\kkth3\OneDrive\문서\GitHub\250531\Client\Engine\public\Transform.h(106,13): warning C4251: 'Engine::CTransform::m_WorldMatrix': 'DirectX::XMFLOAT4X4'에서는 'Engine::CTransform'의 클라이언트에서 DLL 인터페이스를 사용하도록 지정해야 함
  (소스 파일 '../private/FrameResourceMgr.cpp'을(를) 컴파일하는 중)
      C:\Program Files (x86)\Windows Kits\10\Include\10.0.28000.0\um\DirectXMath.h(964,12):
      'DirectX::XMFLOAT4X4' 선언을 참조하십시오.
  
C:\Users\kkth3\OneDrive\문서\GitHub\250531\Client\Engine\public\GameObject.h(39,43): warning C4251: 'Engine::CGameObject::m_Components': 'std::unordered_map<std::string,Engine::CComponent *,std::hash<std::string>,std::equal_to<std::string>,std::allocator<std::pair<const std::string,Engine::CComponent *>>>'에서는 'Engine::CGameObject'의 클라이언트에서 DLL 인터페이스를 사용하도록 지정해야 함
  (소스 파일 '../private/FrameResourceMgr.cpp'을(를) 컴파일하는 중)
      C:\Program Files\Microsoft Visual Studio\2022\Community\VC\Tools\MSVC\14.44.35207\include\unordered_map(61,7):
      'std::unordered_map<std::string,Engine::CComponent *,std::hash<std::string>,std::equal_to<std::string>,std::allocator<std::pair<const std::string,Engine::CComponent *>>>' 선언을 참조하십시오.
  
C:\Users\kkth3\OneDrive\문서\GitHub\250531\Client\Engine\public\Renderer.h(34,25): warning C4251: 'Engine::CRenderer::m_vRenderObjects': 'std::vector<Engine::CRenderObject *,std::allocator<Engine::CRenderObject *>>'에서는 'Engine::CRenderer'의 클라이언트에서 DLL 인터페이스를 사용하도록 지정해야 함
  (소스 파일 '../private/FrameResourceMgr.cpp'을(를) 컴파일하는 중)
      C:\Program Files\Microsoft Visual Studio\2022\Community\VC\Tools\MSVC\14.44.35207\include\vector(442,7):
      'std::vector<Engine::CRenderObject *,std::allocator<Engine::CRenderObject *>>' 선언을 참조하십시오.
  
C:\Users\kkth3\OneDrive\문서\GitHub\250531\Client\Engine\private\FrameResourceMgr.cpp(21,20): warning C4018: '<': signed 또는 unsigned가 일치하지 않습니다.
  GameInstance.cpp
C:\Users\kkth3\OneDrive\문서\GitHub\250531\Client\Engine\public\Engine_Struct.h(21,14): warning C4251: 'Engine::ObjectConstants::World': 'DirectX::XMFLOAT4X4'에서는 'Engine::ObjectConstants'의 클라이언트에서 DLL 인터페이스를 사용하도록 지정해야 함
  (소스 파일 '../private/GameInstance.cpp'을(를) 컴파일하는 중)
      C:\Program Files (x86)\Windows Kits\10\Include\10.0.28000.0\um\DirectXMath.h(964,12):
      'DirectX::XMFLOAT4X4' 선언을 참조하십시오.
  
C:\Users\kkth3\OneDrive\문서\GitHub\250531\Client\Engine\public\Engine_Struct.h(22,14): warning C4251: 'Engine::ObjectConstants::TexTransform': 'DirectX::XMFLOAT4X4'에서는 'Engine::ObjectConstants'의 클라이언트에서 DLL 인터페이스를 사용하도록 지정해야 함
  (소스 파일 '../private/GameInstance.cpp'을(를) 컴파일하는 중)
      C:\Program Files (x86)\Windows Kits\10\Include\10.0.28000.0\um\DirectXMath.h(964,12):
      'DirectX::XMFLOAT4X4' 선언을 참조하십시오.
  
C:\Users\kkth3\OneDrive\문서\GitHub\250531\Client\Engine\public\Engine_Struct.h(31,21): warning C4251: 'Engine::Light::Strength': 'DirectX::XMFLOAT3'에서는 'Engine::Light'의 클라이언트에서 DLL 인터페이스를 사용하도록 지정해야 함
  (소스 파일 '../private/GameInstance.cpp'을(를) 컴파일하는 중)
      C:\Program Files (x86)\Windows Kits\10\Include\10.0.28000.0\um\DirectXMath.h(661,12):
      'DirectX::XMFLOAT3' 선언을 참조하십시오.
  
C:\Users\kkth3\OneDrive\문서\GitHub\250531\Client\Engine\public\Engine_Struct.h(33,21): warning C4251: 'Engine::Light::Direction': 'DirectX::XMFLOAT3'에서는 'Engine::Light'의 클라이언트에서 DLL 인터페이스를 사용하도록 지정해야 함
  (소스 파일 '../private/GameInstance.cpp'을(를) 컴파일하는 중)
      C:\Program Files (x86)\Windows Kits\10\Include\10.0.28000.0\um\DirectXMath.h(661,12):
      'DirectX::XMFLOAT3' 선언을 참조하십시오.
  
C:\Users\kkth3\OneDrive\문서\GitHub\250531\Client\Engine\public\Engine_Struct.h(35,21): warning C4251: 'Engine::Light::Position': 'DirectX::XMFLOAT3'에서는 'Engine::Light'의 클라이언트에서 DLL 인터페이스를 사용하도록 지정해야 함
  (소스 파일 '../private/GameInstance.cpp'을(를) 컴파일하는 중)
      C:\Program Files (x86)\Windows Kits\10\Include\10.0.28000.0\um\DirectXMath.h(661,12):
      'DirectX::XMFLOAT3' 선언을 참조하십시오.
  
C:\Users\kkth3\OneDrive\문서\GitHub\250531\Client\Engine\public\Engine_Struct.h(41,23): warning C4251: 'Engine::PassConstants::View': 'DirectX::XMFLOAT4X4'에서는 'Engine::PassConstants'의 클라이언트에서 DLL 인터페이스를 사용하도록 지정해야 함
  (소스 파일 '../private/GameInstance.cpp'을(를) 컴파일하는 중)
      C:\Program Files (x86)\Windows Kits\10\Include\10.0.28000.0\um\DirectXMath.h(964,12):
      'DirectX::XMFLOAT4X4' 선언을 참조하십시오.
  
C:\Users\kkth3\OneDrive\문서\GitHub\250531\Client\Engine\public\Engine_Struct.h(42,23): warning C4251: 'Engine::PassConstants::InvView': 'DirectX::XMFLOAT4X4'에서는 'Engine::PassConstants'의 클라이언트에서 DLL 인터페이스를 사용하도록 지정해야 함
  (소스 파일 '../private/GameInstance.cpp'을(를) 컴파일하는 중)
      C:\Program Files (x86)\Windows Kits\10\Include\10.0.28000.0\um\DirectXMath.h(964,12):
      'DirectX::XMFLOAT4X4' 선언을 참조하십시오.
  
C:\Users\kkth3\OneDrive\문서\GitHub\250531\Client\Engine\public\Engine_Struct.h(43,23): warning C4251: 'Engine::PassConstants::Proj': 'DirectX::XMFLOAT4X4'에서는 'Engine::PassConstants'의 클라이언트에서 DLL 인터페이스를 사용하도록 지정해야 함
  (소스 파일 '../private/GameInstance.cpp'을(를) 컴파일하는 중)
      C:\Program Files (x86)\Windows Kits\10\Include\10.0.28000.0\um\DirectXMath.h(964,12):
      'DirectX::XMFLOAT4X4' 선언을 참조하십시오.
  
C:\Users\kkth3\OneDrive\문서\GitHub\250531\Client\Engine\public\Engine_Struct.h(44,23): warning C4251: 'Engine::PassConstants::InvProj': 'DirectX::XMFLOAT4X4'에서는 'Engine::PassConstants'의 클라이언트에서 DLL 인터페이스를 사용하도록 지정해야 함
  (소스 파일 '../private/GameInstance.cpp'을(를) 컴파일하는 중)
      C:\Program Files (x86)\Windows Kits\10\Include\10.0.28000.0\um\DirectXMath.h(964,12):
      'DirectX::XMFLOAT4X4' 선언을 참조하십시오.
  
C:\Users\kkth3\OneDrive\문서\GitHub\250531\Client\Engine\public\Engine_Struct.h(45,23): warning C4251: 'Engine::PassConstants::ViewProj': 'DirectX::XMFLOAT4X4'에서는 'Engine::PassConstants'의 클라이언트에서 DLL 인터페이스를 사용하도록 지정해야 함
  (소스 파일 '../private/GameInstance.cpp'을(를) 컴파일하는 중)
      C:\Program Files (x86)\Windows Kits\10\Include\10.0.28000.0\um\DirectXMath.h(964,12):
      'DirectX::XMFLOAT4X4' 선언을 참조하십시오.
  
C:\Users\kkth3\OneDrive\문서\GitHub\250531\Client\Engine\public\Engine_Struct.h(46,23): warning C4251: 'Engine::PassConstants::InvViewProj': 'DirectX::XMFLOAT4X4'에서는 'Engine::PassConstants'의 클라이언트에서 DLL 인터페이스를 사용하도록 지정해야 함
  (소스 파일 '../private/GameInstance.cpp'을(를) 컴파일하는 중)
      C:\Program Files (x86)\Windows Kits\10\Include\10.0.28000.0\um\DirectXMath.h(964,12):
      'DirectX::XMFLOAT4X4' 선언을 참조하십시오.
  
C:\Users\kkth3\OneDrive\문서\GitHub\250531\Client\Engine\public\Engine_Struct.h(47,23): warning C4251: 'Engine::PassConstants::ShadowTransform': 'DirectX::XMFLOAT4X4'에서는 'Engine::PassConstants'의 클라이언트에서 DLL 인터페이스를 사용하도록 지정해야 함
  (소스 파일 '../private/GameInstance.cpp'을(를) 컴파일하는 중)
      C:\Program Files (x86)\Windows Kits\10\Include\10.0.28000.0\um\DirectXMath.h(964,12):
      'DirectX::XMFLOAT4X4' 선언을 참조하십시오.
  
C:\Users\kkth3\OneDrive\문서\GitHub\250531\Client\Engine\public\Engine_Struct.h(48,21): warning C4251: 'Engine::PassConstants::EyePosW': 'DirectX::XMFLOAT3'에서는 'Engine::PassConstants'의 클라이언트에서 DLL 인터페이스를 사용하도록 지정해야 함
  (소스 파일 '../private/GameInstance.cpp'을(를) 컴파일하는 중)
      C:\Program Files (x86)\Windows Kits\10\Include\10.0.28000.0\um\DirectXMath.h(661,12):
      'DirectX::XMFLOAT3' 선언을 참조하십시오.
  
C:\Users\kkth3\OneDrive\문서\GitHub\250531\Client\Engine\public\Engine_Struct.h(50,21): warning C4251: 'Engine::PassConstants::RenderTargetSize': 'DirectX::XMFLOAT2'에서는 'Engine::PassConstants'의 클라이언트에서 DLL 인터페이스를 사용하도록 지정해야 함
  (소스 파일 '../private/GameInstance.cpp'을(를) 컴파일하는 중)
      C:\Program Files (x86)\Windows Kits\10\Include\10.0.28000.0\um\DirectXMath.h(584,12):
      'DirectX::XMFLOAT2' 선언을 참조하십시오.
  
C:\Users\kkth3\OneDrive\문서\GitHub\250531\Client\Engine\public\Engine_Struct.h(51,21): warning C4251: 'Engine::PassConstants::InvRenderTargetSize': 'DirectX::XMFLOAT2'에서는 'Engine::PassConstants'의 클라이언트에서 DLL 인터페이스를 사용하도록 지정해야 함
  (소스 파일 '../private/GameInstance.cpp'을(를) 컴파일하는 중)
      C:\Program Files (x86)\Windows Kits\10\Include\10.0.28000.0\um\DirectXMath.h(584,12):
      'DirectX::XMFLOAT2' 선언을 참조하십시오.
  
C:\Users\kkth3\OneDrive\문서\GitHub\250531\Client\Engine\public\Engine_Struct.h(57,21): warning C4251: 'Engine::PassConstants::AmbientLight': 'DirectX::XMFLOAT4'에서는 'Engine::PassConstants'의 클라이언트에서 DLL 인터페이스를 사용하도록 지정해야 함
  (소스 파일 '../private/GameInstance.cpp'을(를) 컴파일하는 중)
      C:\Program Files (x86)\Windows Kits\10\Include\10.0.28000.0\um\DirectXMath.h(736,12):
      'DirectX::XMFLOAT4' 선언을 참조하십시오.
  
C:\Users\kkth3\OneDrive\문서\GitHub\250531\Client\Engine\public\Engine_Struct.h(86,21): warning C4251: 'Engine::MaterialConstants::DiffuseAlbedo': 'DirectX::XMFLOAT4'에서는 'Engine::MaterialConstants'의 클라이언트에서 DLL 인터페이스를 사용하도록 지정해야 함
  (소스 파일 '../private/GameInstance.cpp'을(를) 컴파일하는 중)
      C:\Program Files (x86)\Windows Kits\10\Include\10.0.28000.0\um\DirectXMath.h(736,12):
      'DirectX::XMFLOAT4' 선언을 참조하십시오.
  
C:\Users\kkth3\OneDrive\문서\GitHub\250531\Client\Engine\public\Engine_Struct.h(87,21): warning C4251: 'Engine::MaterialConstants::FresnelR0': 'DirectX::XMFLOAT3'에서는 'Engine::MaterialConstants'의 클라이언트에서 DLL 인터페이스를 사용하도록 지정해야 함
  (소스 파일 '../private/GameInstance.cpp'을(를) 컴파일하는 중)
      C:\Program Files (x86)\Windows Kits\10\Include\10.0.28000.0\um\DirectXMath.h(661,12):
      'DirectX::XMFLOAT3' 선언을 참조하십시오.
  
C:\Users\kkth3\OneDrive\문서\GitHub\250531\Client\Engine\public\Engine_Struct.h(89,23): warning C4251: 'Engine::MaterialConstants::MatTransform': 'DirectX::XMFLOAT4X4'에서는 'Engine::MaterialConstants'의 클라이언트에서 DLL 인터페이스를 사용하도록 지정해야 함
  (소스 파일 '../private/GameInstance.cpp'을(를) 컴파일하는 중)
      C:\Program Files (x86)\Windows Kits\10\Include\10.0.28000.0\um\DirectXMath.h(964,12):
      'DirectX::XMFLOAT4X4' 선언을 참조하십시오.
  
C:\Users\kkth3\OneDrive\문서\GitHub\250531\Client\Engine\public\Engine_Struct.h(94,21): warning C4251: 'Engine::MaterialData::DiffuseAlbedo': 'DirectX::XMFLOAT4'에서는 'Engine::MaterialData'의 클라이언트에서 DLL 인터페이스를 사용하도록 지정해야 함
  (소스 파일 '../private/GameInstance.cpp'을(를) 컴파일하는 중)
      C:\Program Files (x86)\Windows Kits\10\Include\10.0.28000.0\um\DirectXMath.h(736,12):
      'DirectX::XMFLOAT4' 선언을 참조하십시오.
  
C:\Users\kkth3\OneDrive\문서\GitHub\250531\Client\Engine\public\Engine_Struct.h(95,21): warning C4251: 'Engine::MaterialData::FresnelR0': 'DirectX::XMFLOAT3'에서는 'Engine::MaterialData'의 클라이언트에서 DLL 인터페이스를 사용하도록 지정해야 함
  (소스 파일 '../private/GameInstance.cpp'을(를) 컴파일하는 중)
      C:\Program Files (x86)\Windows Kits\10\Include\10.0.28000.0\um\DirectXMath.h(661,12):
      'DirectX::XMFLOAT3' 선언을 참조하십시오.
  
C:\Users\kkth3\OneDrive\문서\GitHub\250531\Client\Engine\public\Engine_Struct.h(99,23): warning C4251: 'Engine::MaterialData::MatTransform': 'DirectX::XMFLOAT4X4'에서는 'Engine::MaterialData'의 클라이언트에서 DLL 인터페이스를 사용하도록 지정해야 함
  (소스 파일 '../private/GameInstance.cpp'을(를) 컴파일하는 중)
      C:\Program Files (x86)\Windows Kits\10\Include\10.0.28000.0\um\DirectXMath.h(964,12):
      'DirectX::XMFLOAT4X4' 선언을 참조하십시오.
  
C:\Users\kkth3\OneDrive\문서\GitHub\250531\Client\Engine\public\Engine_Struct.h(113,14): warning C4251: 'Engine::InstanceData::World': 'DirectX::XMFLOAT4X4'에서는 'Engine::InstanceData'의 클라이언트에서 DLL 인터페이스를 사용하도록 지정해야 함
  (소스 파일 '../private/GameInstance.cpp'을(를) 컴파일하는 중)
      C:\Program Files (x86)\Windows Kits\10\Include\10.0.28000.0\um\DirectXMath.h(964,12):
      'DirectX::XMFLOAT4X4' 선언을 참조하십시오.
  
C:\Users\kkth3\OneDrive\문서\GitHub\250531\Client\Engine\public\Engine_Struct.h(142,13): warning C4251: 'Engine::tagVertex_Position::vPosition': 'DirectX::XMFLOAT3'에서는 'Engine::tagVertex_Position'의 클라이언트에서 DLL 인터페이스를 사용하도록 지정해야 함
  (소스 파일 '../private/GameInstance.cpp'을(를) 컴파일하는 중)
      C:\Program Files (x86)\Windows Kits\10\Include\10.0.28000.0\um\DirectXMath.h(661,12):
      'DirectX::XMFLOAT3' 선언을 참조하십시오.
  
C:\Users\kkth3\OneDrive\문서\GitHub\250531\Client\Engine\public\Engine_Struct.h(151,13): warning C4251: 'Engine::tagVertex_Position_Normal::vPosition': 'DirectX::XMFLOAT3'에서는 'Engine::tagVertex_Position_Normal'의 클라이언트에서 DLL 인터페이스를 사용하도록 지정해야 함
  (소스 파일 '../private/GameInstance.cpp'을(를) 컴파일하는 중)
      C:\Program Files (x86)\Windows Kits\10\Include\10.0.28000.0\um\DirectXMath.h(661,12):
      'DirectX::XMFLOAT3' 선언을 참조하십시오.
  
C:\Users\kkth3\OneDrive\문서\GitHub\250531\Client\Engine\public\Engine_Struct.h(152,13): warning C4251: 'Engine::tagVertex_Position_Normal::vNormal': 'DirectX::XMFLOAT3'에서는 'Engine::tagVertex_Position_Normal'의 클라이언트에서 DLL 인터페이스를 사용하도록 지정해야 함
  (소스 파일 '../private/GameInstance.cpp'을(를) 컴파일하는 중)
      C:\Program Files (x86)\Windows Kits\10\Include\10.0.28000.0\um\DirectXMath.h(661,12):
      'DirectX::XMFLOAT3' 선언을 참조하십시오.
  
C:\Users\kkth3\OneDrive\문서\GitHub\250531\Client\Engine\public\Engine_Struct.h(161,13): warning C4251: 'Engine::tagVertex_Position_Texcoord::vPosition': 'DirectX::XMFLOAT3'에서는 'Engine::tagVertex_Position_Texcoord'의 클라이언트에서 DLL 인터페이스를 사용하도록 지정해야 함
  (소스 파일 '../private/GameInstance.cpp'을(를) 컴파일하는 중)
      C:\Program Files (x86)\Windows Kits\10\Include\10.0.28000.0\um\DirectXMath.h(661,12):
      'DirectX::XMFLOAT3' 선언을 참조하십시오.
  
C:\Users\kkth3\OneDrive\문서\GitHub\250531\Client\Engine\public\Engine_Struct.h(162,13): warning C4251: 'Engine::tagVertex_Position_Texcoord::vTexcoord': 'DirectX::XMFLOAT2'에서는 'Engine::tagVertex_Position_Texcoord'의 클라이언트에서 DLL 인터페이스를 사용하도록 지정해야 함
  (소스 파일 '../private/GameInstance.cpp'을(를) 컴파일하는 중)
      C:\Program Files (x86)\Windows Kits\10\Include\10.0.28000.0\um\DirectXMath.h(584,12):
      'DirectX::XMFLOAT2' 선언을 참조하십시오.
  
C:\Users\kkth3\OneDrive\문서\GitHub\250531\Client\Engine\public\Engine_Struct.h(171,13): warning C4251: 'Engine::tagVertex_Position_Normal_Texcoord::vPosition': 'DirectX::XMFLOAT3'에서는 'Engine::tagVertex_Position_Normal_Texcoord'의 클라이언트에서 DLL 인터페이스를 사용하도록 지정해야 함
  (소스 파일 '../private/GameInstance.cpp'을(를) 컴파일하는 중)
      C:\Program Files (x86)\Windows Kits\10\Include\10.0.28000.0\um\DirectXMath.h(661,12):
      'DirectX::XMFLOAT3' 선언을 참조하십시오.
  
C:\Users\kkth3\OneDrive\문서\GitHub\250531\Client\Engine\public\Engine_Struct.h(172,13): warning C4251: 'Engine::tagVertex_Position_Normal_Texcoord::vNormal': 'DirectX::XMFLOAT3'에서는 'Engine::tagVertex_Position_Normal_Texcoord'의 클라이언트에서 DLL 인터페이스를 사용하도록 지정해야 함
  (소스 파일 '../private/GameInstance.cpp'을(를) 컴파일하는 중)
      C:\Program Files (x86)\Windows Kits\10\Include\10.0.28000.0\um\DirectXMath.h(661,12):
      'DirectX::XMFLOAT3' 선언을 참조하십시오.
  
C:\Users\kkth3\OneDrive\문서\GitHub\250531\Client\Engine\public\Engine_Struct.h(173,13): warning C4251: 'Engine::tagVertex_Position_Normal_Texcoord::vTexcoord': 'DirectX::XMFLOAT2'에서는 'Engine::tagVertex_Position_Normal_Texcoord'의 클라이언트에서 DLL 인터페이스를 사용하도록 지정해야 함
  (소스 파일 '../private/GameInstance.cpp'을(를) 컴파일하는 중)
      C:\Program Files (x86)\Windows Kits\10\Include\10.0.28000.0\um\DirectXMath.h(584,12):
      'DirectX::XMFLOAT2' 선언을 참조하십시오.
  
C:\Users\kkth3\OneDrive\문서\GitHub\250531\Client\Engine\public\Engine_Struct.h(182,13): warning C4251: 'Engine::tagVertex_Position_Cube_Texcoord::vPosition': 'DirectX::XMFLOAT3'에서는 'Engine::tagVertex_Position_Cube_Texcoord'의 클라이언트에서 DLL 인터페이스를 사용하도록 지정해야 함
  (소스 파일 '../private/GameInstance.cpp'을(를) 컴파일하는 중)
      C:\Program Files (x86)\Windows Kits\10\Include\10.0.28000.0\um\DirectXMath.h(661,12):
      'DirectX::XMFLOAT3' 선언을 참조하십시오.
  
C:\Users\kkth3\OneDrive\문서\GitHub\250531\Client\Engine\public\Engine_Struct.h(183,13): warning C4251: 'Engine::tagVertex_Position_Cube_Texcoord::vTexcoord': 'DirectX::XMFLOAT3'에서는 'Engine::tagVertex_Position_Cube_Texcoord'의 클라이언트에서 DLL 인터페이스를 사용하도록 지정해야 함
  (소스 파일 '../private/GameInstance.cpp'을(를) 컴파일하는 중)
      C:\Program Files (x86)\Windows Kits\10\Include\10.0.28000.0\um\DirectXMath.h(661,12):
      'DirectX::XMFLOAT3' 선언을 참조하십시오.
  
C:\Users\kkth3\OneDrive\문서\GitHub\250531\Client\Engine\public\Engine_Struct.h(192,13): warning C4251: 'Engine::tagVertex_Mesh::vPosition': 'DirectX::XMFLOAT3'에서는 'Engine::tagVertex_Mesh'의 클라이언트에서 DLL 인터페이스를 사용하도록 지정해야 함
  (소스 파일 '../private/GameInstance.cpp'을(를) 컴파일하는 중)
      C:\Program Files (x86)\Windows Kits\10\Include\10.0.28000.0\um\DirectXMath.h(661,12):
      'DirectX::XMFLOAT3' 선언을 참조하십시오.
  
C:\Users\kkth3\OneDrive\문서\GitHub\250531\Client\Engine\public\Engine_Struct.h(193,13): warning C4251: 'Engine::tagVertex_Mesh::vNormal': 'DirectX::XMFLOAT3'에서는 'Engine::tagVertex_Mesh'의 클라이언트에서 DLL 인터페이스를 사용하도록 지정해야 함
  (소스 파일 '../private/GameInstance.cpp'을(를) 컴파일하는 중)
      C:\Program Files (x86)\Windows Kits\10\Include\10.0.28000.0\um\DirectXMath.h(661,12):
      'DirectX::XMFLOAT3' 선언을 참조하십시오.
  
C:\Users\kkth3\OneDrive\문서\GitHub\250531\Client\Engine\public\Engine_Struct.h(194,13): warning C4251: 'Engine::tagVertex_Mesh::vTexcoord': 'DirectX::XMFLOAT2'에서는 'Engine::tagVertex_Mesh'의 클라이언트에서 DLL 인터페이스를 사용하도록 지정해야 함
  (소스 파일 '../private/GameInstance.cpp'을(를) 컴파일하는 중)
      C:\Program Files (x86)\Windows Kits\10\Include\10.0.28000.0\um\DirectXMath.h(584,12):
      'DirectX::XMFLOAT2' 선언을 참조하십시오.
  
C:\Users\kkth3\OneDrive\문서\GitHub\250531\Client\Engine\public\Engine_Struct.h(195,13): warning C4251: 'Engine::tagVertex_Mesh::vTangent': 'DirectX::XMFLOAT3'에서는 'Engine::tagVertex_Mesh'의 클라이언트에서 DLL 인터페이스를 사용하도록 지정해야 함
  (소스 파일 '../private/GameInstance.cpp'을(를) 컴파일하는 중)
      C:\Program Files (x86)\Windows Kits\10\Include\10.0.28000.0\um\DirectXMath.h(661,12):
      'DirectX::XMFLOAT3' 선언을 참조하십시오.
  
C:\Users\kkth3\OneDrive\문서\GitHub\250531\Client\Engine\public\Engine_Struct.h(204,13): warning C4251: 'Engine::tagVertex_Anim_Mesh::vPosition': 'DirectX::XMFLOAT3'에서는 'Engine::tagVertex_Anim_Mesh'의 클라이언트에서 DLL 인터페이스를 사용하도록 지정해야 함
  (소스 파일 '../private/GameInstance.cpp'을(를) 컴파일하는 중)
      C:\Program Files (x86)\Windows Kits\10\Include\10.0.28000.0\um\DirectXMath.h(661,12):
      'DirectX::XMFLOAT3' 선언을 참조하십시오.
  
C:\Users\kkth3\OneDrive\문서\GitHub\250531\Client\Engine\public\Engine_Struct.h(205,13): warning C4251: 'Engine::tagVertex_Anim_Mesh::vNormal': 'DirectX::XMFLOAT3'에서는 'Engine::tagVertex_Anim_Mesh'의 클라이언트에서 DLL 인터페이스를 사용하도록 지정해야 함
  (소스 파일 '../private/GameInstance.cpp'을(를) 컴파일하는 중)
      C:\Program Files (x86)\Windows Kits\10\Include\10.0.28000.0\um\DirectXMath.h(661,12):
      'DirectX::XMFLOAT3' 선언을 참조하십시오.
  
C:\Users\kkth3\OneDrive\문서\GitHub\250531\Client\Engine\public\Engine_Struct.h(206,13): warning C4251: 'Engine::tagVertex_Anim_Mesh::vTexcoord': 'DirectX::XMFLOAT2'에서는 'Engine::tagVertex_Anim_Mesh'의 클라이언트에서 DLL 인터페이스를 사용하도록 지정해야 함
  (소스 파일 '../private/GameInstance.cpp'을(를) 컴파일하는 중)
      C:\Program Files (x86)\Windows Kits\10\Include\10.0.28000.0\um\DirectXMath.h(584,12):
      'DirectX::XMFLOAT2' 선언을 참조하십시오.
  
C:\Users\kkth3\OneDrive\문서\GitHub\250531\Client\Engine\public\Engine_Struct.h(207,13): warning C4251: 'Engine::tagVertex_Anim_Mesh::vTangent': 'DirectX::XMFLOAT3'에서는 'Engine::tagVertex_Anim_Mesh'의 클라이언트에서 DLL 인터페이스를 사용하도록 지정해야 함
  (소스 파일 '../private/GameInstance.cpp'을(를) 컴파일하는 중)
      C:\Program Files (x86)\Windows Kits\10\Include\10.0.28000.0\um\DirectXMath.h(661,12):
      'DirectX::XMFLOAT3' 선언을 참조하십시오.
  
C:\Users\kkth3\OneDrive\문서\GitHub\250531\Client\Engine\public\Engine_Struct.h(209,13): warning C4251: 'Engine::tagVertex_Anim_Mesh::vBlendIndices': 'DirectX::XMUINT4'에서는 'Engine::tagVertex_Anim_Mesh'의 클라이언트에서 DLL 인터페이스를 사용하도록 지정해야 함
  (소스 파일 '../private/GameInstance.cpp'을(를) 컴파일하는 중)
      C:\Program Files (x86)\Windows Kits\10\Include\10.0.28000.0\um\DirectXMath.h(793,12):
      'DirectX::XMUINT4' 선언을 참조하십시오.
  
C:\Users\kkth3\OneDrive\문서\GitHub\250531\Client\Engine\public\Engine_Struct.h(210,13): warning C4251: 'Engine::tagVertex_Anim_Mesh::vBlendWeights': 'DirectX::XMFLOAT4'에서는 'Engine::tagVertex_Anim_Mesh'의 클라이언트에서 DLL 인터페이스를 사용하도록 지정해야 함
  (소스 파일 '../private/GameInstance.cpp'을(를) 컴파일하는 중)
      C:\Program Files (x86)\Windows Kits\10\Include\10.0.28000.0\um\DirectXMath.h(736,12):
      'DirectX::XMFLOAT4' 선언을 참조하십시오.
  
C:\Users\kkth3\OneDrive\문서\GitHub\250531\Client\Engine\public\Transform.h(106,13): warning C4251: 'Engine::CTransform::m_WorldMatrix': 'DirectX::XMFLOAT4X4'에서는 'Engine::CTransform'의 클라이언트에서 DLL 인터페이스를 사용하도록 지정해야 함
  (소스 파일 '../private/GameInstance.cpp'을(를) 컴파일하는 중)
      C:\Program Files (x86)\Windows Kits\10\Include\10.0.28000.0\um\DirectXMath.h(964,12):
      'DirectX::XMFLOAT4X4' 선언을 참조하십시오.
  
C:\Users\kkth3\OneDrive\문서\GitHub\250531\Client\Engine\public\GameObject.h(39,43): warning C4251: 'Engine::CGameObject::m_Components': 'std::unordered_map<std::string,Engine::CComponent *,std::hash<std::string>,std::equal_to<std::string>,std::allocator<std::pair<const std::string,Engine::CComponent *>>>'에서는 'Engine::CGameObject'의 클라이언트에서 DLL 인터페이스를 사용하도록 지정해야 함
  (소스 파일 '../private/GameInstance.cpp'을(를) 컴파일하는 중)
      C:\Program Files\Microsoft Visual Studio\2022\Community\VC\Tools\MSVC\14.44.35207\include\unordered_map(61,7):
      'std::unordered_map<std::string,Engine::CComponent *,std::hash<std::string>,std::equal_to<std::string>,std::allocator<std::pair<const std::string,Engine::CComponent *>>>' 선언을 참조하십시오.
  
C:\Users\kkth3\OneDrive\문서\GitHub\250531\Client\Engine\public\Renderer.h(34,25): warning C4251: 'Engine::CRenderer::m_vRenderObjects': 'std::vector<Engine::CRenderObject *,std::allocator<Engine::CRenderObject *>>'에서는 'Engine::CRenderer'의 클라이언트에서 DLL 인터페이스를 사용하도록 지정해야 함
  (소스 파일 '../private/GameInstance.cpp'을(를) 컴파일하는 중)
      C:\Program Files\Microsoft Visual Studio\2022\Community\VC\Tools\MSVC\14.44.35207\include\vector(442,7):
      'std::vector<Engine::CRenderObject *,std::allocator<Engine::CRenderObject *>>' 선언을 참조하십시오.
  
C:\Users\kkth3\OneDrive\문서\GitHub\250531\Client\Engine\public\VIBuffer_Geos.h(24,50): warning C4251: 'Engine::CVIBuffer_Geos::m_SubMeshInfos': 'std::unordered_map<Engine::CVIBuffer_Geos::BASIC_SUBMESHES,SubmeshGeometry,std::hash<Engine::CVIBuffer_Geos::BASIC_SUBMESHES>,std::equal_to<Engine::CVIBuffer_Geos::BASIC_SUBMESHES>,std::allocator<std::pair<const Engine::CVIBuffer_Geos::BASIC_SUBMESHES,SubmeshGeometry>>>'에서는 'Engine::CVIBuffer_Geos'의 클라이언트에서 DLL 인터페이스를 사용하도록 지정해야 함
  (소스 파일 '../private/GameInstance.cpp'을(를) 컴파일하는 중)
      C:\Program Files\Microsoft Visual Studio\2022\Community\VC\Tools\MSVC\14.44.35207\include\unordered_map(61,7):
      'std::unordered_map<Engine::CVIBuffer_Geos::BASIC_SUBMESHES,SubmeshGeometry,std::hash<Engine::CVIBuffer_Geos::BASIC_SUBMESHES>,std::equal_to<Engine::CVIBuffer_Geos::BASIC_SUBMESHES>,std::allocator<std::pair<const Engine::CVIBuffer_Geos::BASIC_SUBMESHES,SubmeshGeometry>>>' 선언을 참조하십시오.
  
C:\Users\kkth3\OneDrive\문서\GitHub\250531\Client\Engine\public\Model.h(62,16): warning C4251: 'Engine::CModel::m_PivotMatrix': 'DirectX::XMFLOAT4X4'에서는 'Engine::CModel'의 클라이언트에서 DLL 인터페이스를 사용하도록 지정해야 함
  (소스 파일 '../private/GameInstance.cpp'을(를) 컴파일하는 중)
      C:\Program Files (x86)\Windows Kits\10\Include\10.0.28000.0\um\DirectXMath.h(964,12):
      'DirectX::XMFLOAT4X4' 선언을 참조하십시오.
  
C:\Users\kkth3\OneDrive\문서\GitHub\250531\Client\Engine\public\Model.h(66,26): warning C4251: 'Engine::CModel::m_Meshes': 'std::vector<Engine::CMesh *,std::allocator<Engine::CMesh *>>'에서는 'Engine::CModel'의 클라이언트에서 DLL 인터페이스를 사용하도록 지정해야 함
  (소스 파일 '../private/GameInstance.cpp'을(를) 컴파일하는 중)
      C:\Program Files\Microsoft Visual Studio\2022\Community\VC\Tools\MSVC\14.44.35207\include\vector(442,7):
      'std::vector<Engine::CMesh *,std::allocator<Engine::CMesh *>>' 선언을 참조하십시오.
  
C:\Users\kkth3\OneDrive\문서\GitHub\250531\Client\Engine\public\Model.h(68,26): warning C4251: 'Engine::CModel::m_Bones': 'std::vector<Engine::CBone *,std::allocator<Engine::CBone *>>'에서는 'Engine::CModel'의 클라이언트에서 DLL 인터페이스를 사용하도록 지정해야 함
  (소스 파일 '../private/GameInstance.cpp'을(를) 컴파일하는 중)
      C:\Program Files\Microsoft Visual Studio\2022\Community\VC\Tools\MSVC\14.44.35207\include\vector(442,7):
      'std::vector<Engine::CBone *,std::allocator<Engine::CBone *>>' 선언을 참조하십시오.
  
C:\Users\kkth3\OneDrive\문서\GitHub\250531\Client\Engine\public\VIBuffer_Terrain.h(72,41): warning C4251: 'Engine::CVIBuffer_Terrain::m_pHeightMap': 'std::shared_ptr<std::vector<float,std::allocator<float>>>'에서는 'Engine::CVIBuffer_Terrain'의 클라이언트에서 DLL 인터페이스를 사용하도록 지정해야 함
  (소스 파일 '../private/GameInstance.cpp'을(를) 컴파일하는 중)
      C:\Program Files\Microsoft Visual Studio\2022\Community\VC\Tools\MSVC\14.44.35207\include\memory(1565,7):
      'std::shared_ptr<std::vector<float,std::allocator<float>>>' 선언을 참조하십시오.
  
C:\Users\kkth3\OneDrive\문서\GitHub\250531\Client\Engine\public\VIBuffer_Terrain.h(74,33): warning C4251: 'Engine::CVIBuffer_Terrain::m_Chunks': 'std::vector<Engine::CVIBuffer_Terrain::TERRAINCHUNK,std::allocator<Engine::CVIBuffer_Terrain::TERRAINCHUNK>>'에서는 'Engine::CVIBuffer_Terrain'의 클라이언트에서 DLL 인터페이스를 사용하도록 지정해야 함
  (소스 파일 '../private/GameInstance.cpp'을(를) 컴파일하는 중)
      C:\Program Files\Microsoft Visual Studio\2022\Community\VC\Tools\MSVC\14.44.35207\include\vector(442,7):
      'std::vector<Engine::CVIBuffer_Terrain::TERRAINCHUNK,std::allocator<Engine::CVIBuffer_Terrain::TERRAINCHUNK>>' 선언을 참조하십시오.
  
C:\Users\kkth3\OneDrive\문서\GitHub\250531\Client\Engine\public\VIBuffer_Terrain.h(87,33): warning C4251: 'Engine::CVIBuffer_Terrain::m_ChunkLODs': 'std::vector<GeometryGenerator::uint32,std::allocator<GeometryGenerator::uint32>>'에서는 'Engine::CVIBuffer_Terrain'의 클라이언트에서 DLL 인터페이스를 사용하도록 지정해야 함
  (소스 파일 '../private/GameInstance.cpp'을(를) 컴파일하는 중)
      C:\Program Files\Microsoft Visual Studio\2022\Community\VC\Tools\MSVC\14.44.35207\include\vector(442,7):
      'std::vector<GeometryGenerator::uint32,std::allocator<GeometryGenerator::uint32>>' 선언을 참조하십시오.
  
C:\Users\kkth3\OneDrive\문서\GitHub\250531\Client\Engine\public\VIBuffer_Terrain.h(89,33): warning C4251: 'Engine::CVIBuffer_Terrain::m_FrustumPlanes': 'DirectX::XMFLOAT4'에서는 'Engine::CVIBuffer_Terrain'의 클라이언트에서 DLL 인터페이스를 사용하도록 지정해야 함
  (소스 파일 '../private/GameInstance.cpp'을(를) 컴파일하는 중)
      C:\Program Files (x86)\Windows Kits\10\Include\10.0.28000.0\um\DirectXMath.h(736,12):
      'DirectX::XMFLOAT4' 선언을 참조하십시오.
  
C:\Users\kkth3\OneDrive\문서\GitHub\250531\Client\Engine\public\CBBinding.h(26,54): warning C4244: '=': 'Engine::_uint'에서 'float'(으)로 변환하면서 데이터가 손실될 수 있습니다.
  (소스 파일 '../private/GameInstance.cpp'을(를) 컴파일하는 중)
  
C:\Users\kkth3\OneDrive\문서\GitHub\250531\Client\Engine\public\MeshModel.h(33,35): warning C4251: 'Engine::CMeshModel::m_Meshes': 'std::vector<Engine::CVIBuffer_Mesh *,std::allocator<Engine::CVIBuffer_Mesh *>>'에서는 'Engine::CMeshModel'의 클라이언트에서 DLL 인터페이스를 사용하도록 지정해야 함
  (소스 파일 '../private/GameInstance.cpp'을(를) 컴파일하는 중)
      C:\Program Files\Microsoft Visual Studio\2022\Community\VC\Tools\MSVC\14.44.35207\include\vector(442,7):
      'std::vector<Engine::CVIBuffer_Mesh *,std::allocator<Engine::CVIBuffer_Mesh *>>' 선언을 참조하십시오.
  
C:\Users\kkth3\OneDrive\문서\GitHub\250531\Client\Engine\public\RootSignatureMgr.h(29,54): warning C4251: 'Engine::CRootSignatureMgr::mRootSignatures': 'std::unordered_map<std::string,Engine::CRootSignature *,std::hash<std::string>,std::equal_to<std::string>,std::allocator<std::pair<const std::string,Engine::CRootSignature *>>>'에서는 'Engine::CRootSignatureMgr'의 클라이언트에서 DLL 인터페이스를 사용하도록 지정해야 함
  (소스 파일 '../private/GameInstance.cpp'을(를) 컴파일하는 중)
      C:\Program Files\Microsoft Visual Studio\2022\Community\VC\Tools\MSVC\14.44.35207\include\unordered_map(61,7):
      'std::unordered_map<std::string,Engine::CRootSignature *,std::hash<std::string>,std::equal_to<std::string>,std::allocator<std::pair<const std::string,Engine::CRootSignature *>>>' 선언을 참조하십시오.
  
C:\Users\kkth3\OneDrive\문서\GitHub\250531\Client\Engine\public\ObjectMgr.h(53,34): warning C4251: 'Engine::CObjectMgr::m_Layers': 'std::unordered_map<std::string,Engine::CObjectMgr::Layer,std::hash<std::string>,std::equal_to<std::string>,std::allocator<std::pair<const std::string,Engine::CObjectMgr::Layer>>>'에서는 'Engine::CObjectMgr'의 클라이언트에서 DLL 인터페이스를 사용하도록 지정해야 함
  (소스 파일 '../private/GameInstance.cpp'을(를) 컴파일하는 중)
      C:\Program Files\Microsoft Visual Studio\2022\Community\VC\Tools\MSVC\14.44.35207\include\unordered_map(61,7):
      'std::unordered_map<std::string,Engine::CObjectMgr::Layer,std::hash<std::string>,std::equal_to<std::string>,std::allocator<std::pair<const std::string,Engine::CObjectMgr::Layer>>>' 선언을 참조하십시오.
  
C:\Users\kkth3\OneDrive\문서\GitHub\250531\Client\Engine\public\ObjectMgr.h(54,41): warning C4251: 'Engine::CObjectMgr::m_Prototypes': 'std::unordered_map<std::string,Engine::CGameObject *,std::hash<std::string>,std::equal_to<std::string>,std::allocator<std::pair<const std::string,Engine::CGameObject *>>>'에서는 'Engine::CObjectMgr'의 클라이언트에서 DLL 인터페이스를 사용하도록 지정해야 함
  (소스 파일 '../private/GameInstance.cpp'을(를) 컴파일하는 중)
      C:\Program Files\Microsoft Visual Studio\2022\Community\VC\Tools\MSVC\14.44.35207\include\unordered_map(61,7):
      'std::unordered_map<std::string,Engine::CGameObject *,std::hash<std::string>,std::equal_to<std::string>,std::allocator<std::pair<const std::string,Engine::CGameObject *>>>' 선언을 참조하십시오.
  
C:\Users\kkth3\OneDrive\문서\GitHub\250531\Client\Engine\public\TextureMgr.h(74,32): warning C4251: 'Engine::CTextureMgr::hDescriptor': 'CD3DX12_CPU_DESCRIPTOR_HANDLE'에서는 'Engine::CTextureMgr'의 클라이언트에서 DLL 인터페이스를 사용하도록 지정해야 함
  (소스 파일 '../private/GameInstance.cpp'을(를) 컴파일하는 중)
      C:\Users\kkth3\OneDrive\문서\GitHub\250531\Client\Engine\public\d3dx12.h(1471,8):
      'CD3DX12_CPU_DESCRIPTOR_HANDLE' 선언을 참조하십시오.
  
C:\Users\kkth3\OneDrive\문서\GitHub\250531\Client\Engine\public\TextureMgr.h(78,34): warning C4251: 'Engine::CTextureMgr::m_Textures': 'std::vector<std::pair<std::string,Engine::CTexture *>,std::allocator<std::pair<std::string,Engine::CTexture *>>>'에서는 'Engine::CTextureMgr'의 클라이언트에서 DLL 인터페이스를 사용하도록 지정해야 함
  (소스 파일 '../private/GameInstance.cpp'을(를) 컴파일하는 중)
      C:\Program Files\Microsoft Visual Studio\2022\Community\VC\Tools\MSVC\14.44.35207\include\vector(442,7):
      'std::vector<std::pair<std::string,Engine::CTexture *>,std::allocator<std::pair<std::string,Engine::CTexture *>>>' 선언을 참조하십시오.
  
C:\Users\kkth3\OneDrive\문서\GitHub\250531\Client\Engine\public\GameInstance.h(143,12): warning C4251: 'Engine::CGameInstance::m_CameraViewProj': 'DirectX::XMFLOAT4X4'에서는 'Engine::CGameInstance'의 클라이언트에서 DLL 인터페이스를 사용하도록 지정해야 함
  (소스 파일 '../private/GameInstance.cpp'을(를) 컴파일하는 중)
      C:\Program Files (x86)\Windows Kits\10\Include\10.0.28000.0\um\DirectXMath.h(964,12):
      'DirectX::XMFLOAT4X4' 선언을 참조하십시오.
  
C:\Users\kkth3\OneDrive\문서\GitHub\250531\Client\Engine\public\GameInstance.h(144,12): warning C4251: 'Engine::CGameInstance::m_ShadowViewProj': 'DirectX::XMFLOAT4X4'에서는 'Engine::CGameInstance'의 클라이언트에서 DLL 인터페이스를 사용하도록 지정해야 함
  (소스 파일 '../private/GameInstance.cpp'을(를) 컴파일하는 중)
      C:\Program Files (x86)\Windows Kits\10\Include\10.0.28000.0\um\DirectXMath.h(964,12):
      'DirectX::XMFLOAT4X4' 선언을 참조하십시오.
  
C:\Users\kkth3\OneDrive\문서\GitHub\250531\Client\Engine\public\GameInstance.h(145,11): warning C4251: 'Engine::CGameInstance::m_CameraEye': 'DirectX::XMFLOAT3'에서는 'Engine::CGameInstance'의 클라이언트에서 DLL 인터페이스를 사용하도록 지정해야 함
  (소스 파일 '../private/GameInstance.cpp'을(를) 컴파일하는 중)
      C:\Program Files (x86)\Windows Kits\10\Include\10.0.28000.0\um\DirectXMath.h(661,12):
      'DirectX::XMFLOAT3' 선언을 참조하십시오.
  
  GameObject.cpp
C:\Users\kkth3\OneDrive\문서\GitHub\250531\Client\Engine\public\Engine_Struct.h(21,14): warning C4251: 'Engine::ObjectConstants::World': 'DirectX::XMFLOAT4X4'에서는 'Engine::ObjectConstants'의 클라이언트에서 DLL 인터페이스를 사용하도록 지정해야 함
  (소스 파일 '../private/GameObject.cpp'을(를) 컴파일하는 중)
      C:\Program Files (x86)\Windows Kits\10\Include\10.0.28000.0\um\DirectXMath.h(964,12):
      'DirectX::XMFLOAT4X4' 선언을 참조하십시오.
  
C:\Users\kkth3\OneDrive\문서\GitHub\250531\Client\Engine\public\Engine_Struct.h(22,14): warning C4251: 'Engine::ObjectConstants::TexTransform': 'DirectX::XMFLOAT4X4'에서는 'Engine::ObjectConstants'의 클라이언트에서 DLL 인터페이스를 사용하도록 지정해야 함
  (소스 파일 '../private/GameObject.cpp'을(를) 컴파일하는 중)
      C:\Program Files (x86)\Windows Kits\10\Include\10.0.28000.0\um\DirectXMath.h(964,12):
      'DirectX::XMFLOAT4X4' 선언을 참조하십시오.
  
C:\Users\kkth3\OneDrive\문서\GitHub\250531\Client\Engine\public\Engine_Struct.h(31,21): warning C4251: 'Engine::Light::Strength': 'DirectX::XMFLOAT3'에서는 'Engine::Light'의 클라이언트에서 DLL 인터페이스를 사용하도록 지정해야 함
  (소스 파일 '../private/GameObject.cpp'을(를) 컴파일하는 중)
      C:\Program Files (x86)\Windows Kits\10\Include\10.0.28000.0\um\DirectXMath.h(661,12):
      'DirectX::XMFLOAT3' 선언을 참조하십시오.
  
C:\Users\kkth3\OneDrive\문서\GitHub\250531\Client\Engine\public\Engine_Struct.h(33,21): warning C4251: 'Engine::Light::Direction': 'DirectX::XMFLOAT3'에서는 'Engine::Light'의 클라이언트에서 DLL 인터페이스를 사용하도록 지정해야 함
  (소스 파일 '../private/GameObject.cpp'을(를) 컴파일하는 중)
      C:\Program Files (x86)\Windows Kits\10\Include\10.0.28000.0\um\DirectXMath.h(661,12):
      'DirectX::XMFLOAT3' 선언을 참조하십시오.
  
C:\Users\kkth3\OneDrive\문서\GitHub\250531\Client\Engine\public\Engine_Struct.h(35,21): warning C4251: 'Engine::Light::Position': 'DirectX::XMFLOAT3'에서는 'Engine::Light'의 클라이언트에서 DLL 인터페이스를 사용하도록 지정해야 함
  (소스 파일 '../private/GameObject.cpp'을(를) 컴파일하는 중)
      C:\Program Files (x86)\Windows Kits\10\Include\10.0.28000.0\um\DirectXMath.h(661,12):
      'DirectX::XMFLOAT3' 선언을 참조하십시오.
  
C:\Users\kkth3\OneDrive\문서\GitHub\250531\Client\Engine\public\Engine_Struct.h(41,23): warning C4251: 'Engine::PassConstants::View': 'DirectX::XMFLOAT4X4'에서는 'Engine::PassConstants'의 클라이언트에서 DLL 인터페이스를 사용하도록 지정해야 함
  (소스 파일 '../private/GameObject.cpp'을(를) 컴파일하는 중)
      C:\Program Files (x86)\Windows Kits\10\Include\10.0.28000.0\um\DirectXMath.h(964,12):
      'DirectX::XMFLOAT4X4' 선언을 참조하십시오.
  
C:\Users\kkth3\OneDrive\문서\GitHub\250531\Client\Engine\public\Engine_Struct.h(42,23): warning C4251: 'Engine::PassConstants::InvView': 'DirectX::XMFLOAT4X4'에서는 'Engine::PassConstants'의 클라이언트에서 DLL 인터페이스를 사용하도록 지정해야 함
  (소스 파일 '../private/GameObject.cpp'을(를) 컴파일하는 중)
      C:\Program Files (x86)\Windows Kits\10\Include\10.0.28000.0\um\DirectXMath.h(964,12):
      'DirectX::XMFLOAT4X4' 선언을 참조하십시오.
  
C:\Users\kkth3\OneDrive\문서\GitHub\250531\Client\Engine\public\Engine_Struct.h(43,23): warning C4251: 'Engine::PassConstants::Proj': 'DirectX::XMFLOAT4X4'에서는 'Engine::PassConstants'의 클라이언트에서 DLL 인터페이스를 사용하도록 지정해야 함
  (소스 파일 '../private/GameObject.cpp'을(를) 컴파일하는 중)
      C:\Program Files (x86)\Windows Kits\10\Include\10.0.28000.0\um\DirectXMath.h(964,12):
      'DirectX::XMFLOAT4X4' 선언을 참조하십시오.
  
C:\Users\kkth3\OneDrive\문서\GitHub\250531\Client\Engine\public\Engine_Struct.h(44,23): warning C4251: 'Engine::PassConstants::InvProj': 'DirectX::XMFLOAT4X4'에서는 'Engine::PassConstants'의 클라이언트에서 DLL 인터페이스를 사용하도록 지정해야 함
  (소스 파일 '../private/GameObject.cpp'을(를) 컴파일하는 중)
      C:\Program Files (x86)\Windows Kits\10\Include\10.0.28000.0\um\DirectXMath.h(964,12):
      'DirectX::XMFLOAT4X4' 선언을 참조하십시오.
  
C:\Users\kkth3\OneDrive\문서\GitHub\250531\Client\Engine\public\Engine_Struct.h(45,23): warning C4251: 'Engine::PassConstants::ViewProj': 'DirectX::XMFLOAT4X4'에서는 'Engine::PassConstants'의 클라이언트에서 DLL 인터페이스를 사용하도록 지정해야 함
  (소스 파일 '../private/GameObject.cpp'을(를) 컴파일하는 중)
      C:\Program Files (x86)\Windows Kits\10\Include\10.0.28000.0\um\DirectXMath.h(964,12):
      'DirectX::XMFLOAT4X4' 선언을 참조하십시오.
  
C:\Users\kkth3\OneDrive\문서\GitHub\250531\Client\Engine\public\Engine_Struct.h(46,23): warning C4251: 'Engine::PassConstants::InvViewProj': 'DirectX::XMFLOAT4X4'에서는 'Engine::PassConstants'의 클라이언트에서 DLL 인터페이스를 사용하도록 지정해야 함
  (소스 파일 '../private/GameObject.cpp'을(를) 컴파일하는 중)
      C:\Program Files (x86)\Windows Kits\10\Include\10.0.28000.0\um\DirectXMath.h(964,12):
      'DirectX::XMFLOAT4X4' 선언을 참조하십시오.
  
C:\Users\kkth3\OneDrive\문서\GitHub\250531\Client\Engine\public\Engine_Struct.h(47,23): warning C4251: 'Engine::PassConstants::ShadowTransform': 'DirectX::XMFLOAT4X4'에서는 'Engine::PassConstants'의 클라이언트에서 DLL 인터페이스를 사용하도록 지정해야 함
  (소스 파일 '../private/GameObject.cpp'을(를) 컴파일하는 중)
      C:\Program Files (x86)\Windows Kits\10\Include\10.0.28000.0\um\DirectXMath.h(964,12):
      'DirectX::XMFLOAT4X4' 선언을 참조하십시오.
  
C:\Users\kkth3\OneDrive\문서\GitHub\250531\Client\Engine\public\Engine_Struct.h(48,21): warning C4251: 'Engine::PassConstants::EyePosW': 'DirectX::XMFLOAT3'에서는 'Engine::PassConstants'의 클라이언트에서 DLL 인터페이스를 사용하도록 지정해야 함
  (소스 파일 '../private/GameObject.cpp'을(를) 컴파일하는 중)
      C:\Program Files (x86)\Windows Kits\10\Include\10.0.28000.0\um\DirectXMath.h(661,12):
      'DirectX::XMFLOAT3' 선언을 참조하십시오.
  
C:\Users\kkth3\OneDrive\문서\GitHub\250531\Client\Engine\public\Engine_Struct.h(50,21): warning C4251: 'Engine::PassConstants::RenderTargetSize': 'DirectX::XMFLOAT2'에서는 'Engine::PassConstants'의 클라이언트에서 DLL 인터페이스를 사용하도록 지정해야 함
  (소스 파일 '../private/GameObject.cpp'을(를) 컴파일하는 중)
      C:\Program Files (x86)\Windows Kits\10\Include\10.0.28000.0\um\DirectXMath.h(584,12):
      'DirectX::XMFLOAT2' 선언을 참조하십시오.
  
C:\Users\kkth3\OneDrive\문서\GitHub\250531\Client\Engine\public\Engine_Struct.h(51,21): warning C4251: 'Engine::PassConstants::InvRenderTargetSize': 'DirectX::XMFLOAT2'에서는 'Engine::PassConstants'의 클라이언트에서 DLL 인터페이스를 사용하도록 지정해야 함
  (소스 파일 '../private/GameObject.cpp'을(를) 컴파일하는 중)
      C:\Program Files (x86)\Windows Kits\10\Include\10.0.28000.0\um\DirectXMath.h(584,12):
      'DirectX::XMFLOAT2' 선언을 참조하십시오.
  
C:\Users\kkth3\OneDrive\문서\GitHub\250531\Client\Engine\public\Engine_Struct.h(57,21): warning C4251: 'Engine::PassConstants::AmbientLight': 'DirectX::XMFLOAT4'에서는 'Engine::PassConstants'의 클라이언트에서 DLL 인터페이스를 사용하도록 지정해야 함
  (소스 파일 '../private/GameObject.cpp'을(를) 컴파일하는 중)
      C:\Program Files (x86)\Windows Kits\10\Include\10.0.28000.0\um\DirectXMath.h(736,12):
      'DirectX::XMFLOAT4' 선언을 참조하십시오.
  
C:\Users\kkth3\OneDrive\문서\GitHub\250531\Client\Engine\public\Engine_Struct.h(86,21): warning C4251: 'Engine::MaterialConstants::DiffuseAlbedo': 'DirectX::XMFLOAT4'에서는 'Engine::MaterialConstants'의 클라이언트에서 DLL 인터페이스를 사용하도록 지정해야 함
  (소스 파일 '../private/GameObject.cpp'을(를) 컴파일하는 중)
      C:\Program Files (x86)\Windows Kits\10\Include\10.0.28000.0\um\DirectXMath.h(736,12):
      'DirectX::XMFLOAT4' 선언을 참조하십시오.
  
C:\Users\kkth3\OneDrive\문서\GitHub\250531\Client\Engine\public\Engine_Struct.h(87,21): warning C4251: 'Engine::MaterialConstants::FresnelR0': 'DirectX::XMFLOAT3'에서는 'Engine::MaterialConstants'의 클라이언트에서 DLL 인터페이스를 사용하도록 지정해야 함
  (소스 파일 '../private/GameObject.cpp'을(를) 컴파일하는 중)
      C:\Program Files (x86)\Windows Kits\10\Include\10.0.28000.0\um\DirectXMath.h(661,12):
      'DirectX::XMFLOAT3' 선언을 참조하십시오.
  
C:\Users\kkth3\OneDrive\문서\GitHub\250531\Client\Engine\public\Engine_Struct.h(89,23): warning C4251: 'Engine::MaterialConstants::MatTransform': 'DirectX::XMFLOAT4X4'에서는 'Engine::MaterialConstants'의 클라이언트에서 DLL 인터페이스를 사용하도록 지정해야 함
  (소스 파일 '../private/GameObject.cpp'을(를) 컴파일하는 중)
      C:\Program Files (x86)\Windows Kits\10\Include\10.0.28000.0\um\DirectXMath.h(964,12):
      'DirectX::XMFLOAT4X4' 선언을 참조하십시오.
  
C:\Users\kkth3\OneDrive\문서\GitHub\250531\Client\Engine\public\Engine_Struct.h(94,21): warning C4251: 'Engine::MaterialData::DiffuseAlbedo': 'DirectX::XMFLOAT4'에서는 'Engine::MaterialData'의 클라이언트에서 DLL 인터페이스를 사용하도록 지정해야 함
  (소스 파일 '../private/GameObject.cpp'을(를) 컴파일하는 중)
      C:\Program Files (x86)\Windows Kits\10\Include\10.0.28000.0\um\DirectXMath.h(736,12):
      'DirectX::XMFLOAT4' 선언을 참조하십시오.
  
C:\Users\kkth3\OneDrive\문서\GitHub\250531\Client\Engine\public\Engine_Struct.h(95,21): warning C4251: 'Engine::MaterialData::FresnelR0': 'DirectX::XMFLOAT3'에서는 'Engine::MaterialData'의 클라이언트에서 DLL 인터페이스를 사용하도록 지정해야 함
  (소스 파일 '../private/GameObject.cpp'을(를) 컴파일하는 중)
      C:\Program Files (x86)\Windows Kits\10\Include\10.0.28000.0\um\DirectXMath.h(661,12):
      'DirectX::XMFLOAT3' 선언을 참조하십시오.
  
C:\Users\kkth3\OneDrive\문서\GitHub\250531\Client\Engine\public\Engine_Struct.h(99,23): warning C4251: 'Engine::MaterialData::MatTransform': 'DirectX::XMFLOAT4X4'에서는 'Engine::MaterialData'의 클라이언트에서 DLL 인터페이스를 사용하도록 지정해야 함
  (소스 파일 '../private/GameObject.cpp'을(를) 컴파일하는 중)
      C:\Program Files (x86)\Windows Kits\10\Include\10.0.28000.0\um\DirectXMath.h(964,12):
      'DirectX::XMFLOAT4X4' 선언을 참조하십시오.
  
C:\Users\kkth3\OneDrive\문서\GitHub\250531\Client\Engine\public\Engine_Struct.h(113,14): warning C4251: 'Engine::InstanceData::World': 'DirectX::XMFLOAT4X4'에서는 'Engine::InstanceData'의 클라이언트에서 DLL 인터페이스를 사용하도록 지정해야 함
  (소스 파일 '../private/GameObject.cpp'을(를) 컴파일하는 중)
      C:\Program Files (x86)\Windows Kits\10\Include\10.0.28000.0\um\DirectXMath.h(964,12):
      'DirectX::XMFLOAT4X4' 선언을 참조하십시오.
  
C:\Users\kkth3\OneDrive\문서\GitHub\250531\Client\Engine\public\Engine_Struct.h(142,13): warning C4251: 'Engine::tagVertex_Position::vPosition': 'DirectX::XMFLOAT3'에서는 'Engine::tagVertex_Position'의 클라이언트에서 DLL 인터페이스를 사용하도록 지정해야 함
  (소스 파일 '../private/GameObject.cpp'을(를) 컴파일하는 중)
      C:\Program Files (x86)\Windows Kits\10\Include\10.0.28000.0\um\DirectXMath.h(661,12):
      'DirectX::XMFLOAT3' 선언을 참조하십시오.
  
C:\Users\kkth3\OneDrive\문서\GitHub\250531\Client\Engine\public\Engine_Struct.h(151,13): warning C4251: 'Engine::tagVertex_Position_Normal::vPosition': 'DirectX::XMFLOAT3'에서는 'Engine::tagVertex_Position_Normal'의 클라이언트에서 DLL 인터페이스를 사용하도록 지정해야 함
  (소스 파일 '../private/GameObject.cpp'을(를) 컴파일하는 중)
      C:\Program Files (x86)\Windows Kits\10\Include\10.0.28000.0\um\DirectXMath.h(661,12):
      'DirectX::XMFLOAT3' 선언을 참조하십시오.
  
C:\Users\kkth3\OneDrive\문서\GitHub\250531\Client\Engine\public\Engine_Struct.h(152,13): warning C4251: 'Engine::tagVertex_Position_Normal::vNormal': 'DirectX::XMFLOAT3'에서는 'Engine::tagVertex_Position_Normal'의 클라이언트에서 DLL 인터페이스를 사용하도록 지정해야 함
  (소스 파일 '../private/GameObject.cpp'을(를) 컴파일하는 중)
      C:\Program Files (x86)\Windows Kits\10\Include\10.0.28000.0\um\DirectXMath.h(661,12):
      'DirectX::XMFLOAT3' 선언을 참조하십시오.
  
C:\Users\kkth3\OneDrive\문서\GitHub\250531\Client\Engine\public\Engine_Struct.h(161,13): warning C4251: 'Engine::tagVertex_Position_Texcoord::vPosition': 'DirectX::XMFLOAT3'에서는 'Engine::tagVertex_Position_Texcoord'의 클라이언트에서 DLL 인터페이스를 사용하도록 지정해야 함
  (소스 파일 '../private/GameObject.cpp'을(를) 컴파일하는 중)
      C:\Program Files (x86)\Windows Kits\10\Include\10.0.28000.0\um\DirectXMath.h(661,12):
      'DirectX::XMFLOAT3' 선언을 참조하십시오.
  
C:\Users\kkth3\OneDrive\문서\GitHub\250531\Client\Engine\public\Engine_Struct.h(162,13): warning C4251: 'Engine::tagVertex_Position_Texcoord::vTexcoord': 'DirectX::XMFLOAT2'에서는 'Engine::tagVertex_Position_Texcoord'의 클라이언트에서 DLL 인터페이스를 사용하도록 지정해야 함
  (소스 파일 '../private/GameObject.cpp'을(를) 컴파일하는 중)
      C:\Program Files (x86)\Windows Kits\10\Include\10.0.28000.0\um\DirectXMath.h(584,12):
      'DirectX::XMFLOAT2' 선언을 참조하십시오.
  
C:\Users\kkth3\OneDrive\문서\GitHub\250531\Client\Engine\public\Engine_Struct.h(171,13): warning C4251: 'Engine::tagVertex_Position_Normal_Texcoord::vPosition': 'DirectX::XMFLOAT3'에서는 'Engine::tagVertex_Position_Normal_Texcoord'의 클라이언트에서 DLL 인터페이스를 사용하도록 지정해야 함
  (소스 파일 '../private/GameObject.cpp'을(를) 컴파일하는 중)
      C:\Program Files (x86)\Windows Kits\10\Include\10.0.28000.0\um\DirectXMath.h(661,12):
      'DirectX::XMFLOAT3' 선언을 참조하십시오.
  
C:\Users\kkth3\OneDrive\문서\GitHub\250531\Client\Engine\public\Engine_Struct.h(172,13): warning C4251: 'Engine::tagVertex_Position_Normal_Texcoord::vNormal': 'DirectX::XMFLOAT3'에서는 'Engine::tagVertex_Position_Normal_Texcoord'의 클라이언트에서 DLL 인터페이스를 사용하도록 지정해야 함
  (소스 파일 '../private/GameObject.cpp'을(를) 컴파일하는 중)
      C:\Program Files (x86)\Windows Kits\10\Include\10.0.28000.0\um\DirectXMath.h(661,12):
      'DirectX::XMFLOAT3' 선언을 참조하십시오.
  
C:\Users\kkth3\OneDrive\문서\GitHub\250531\Client\Engine\public\Engine_Struct.h(173,13): warning C4251: 'Engine::tagVertex_Position_Normal_Texcoord::vTexcoord': 'DirectX::XMFLOAT2'에서는 'Engine::tagVertex_Position_Normal_Texcoord'의 클라이언트에서 DLL 인터페이스를 사용하도록 지정해야 함
  (소스 파일 '../private/GameObject.cpp'을(를) 컴파일하는 중)
      C:\Program Files (x86)\Windows Kits\10\Include\10.0.28000.0\um\DirectXMath.h(584,12):
      'DirectX::XMFLOAT2' 선언을 참조하십시오.
  
C:\Users\kkth3\OneDrive\문서\GitHub\250531\Client\Engine\public\Engine_Struct.h(182,13): warning C4251: 'Engine::tagVertex_Position_Cube_Texcoord::vPosition': 'DirectX::XMFLOAT3'에서는 'Engine::tagVertex_Position_Cube_Texcoord'의 클라이언트에서 DLL 인터페이스를 사용하도록 지정해야 함
  (소스 파일 '../private/GameObject.cpp'을(를) 컴파일하는 중)
      C:\Program Files (x86)\Windows Kits\10\Include\10.0.28000.0\um\DirectXMath.h(661,12):
      'DirectX::XMFLOAT3' 선언을 참조하십시오.
  
C:\Users\kkth3\OneDrive\문서\GitHub\250531\Client\Engine\public\Engine_Struct.h(183,13): warning C4251: 'Engine::tagVertex_Position_Cube_Texcoord::vTexcoord': 'DirectX::XMFLOAT3'에서는 'Engine::tagVertex_Position_Cube_Texcoord'의 클라이언트에서 DLL 인터페이스를 사용하도록 지정해야 함
  (소스 파일 '../private/GameObject.cpp'을(를) 컴파일하는 중)
      C:\Program Files (x86)\Windows Kits\10\Include\10.0.28000.0\um\DirectXMath.h(661,12):
      'DirectX::XMFLOAT3' 선언을 참조하십시오.
  
C:\Users\kkth3\OneDrive\문서\GitHub\250531\Client\Engine\public\Engine_Struct.h(192,13): warning C4251: 'Engine::tagVertex_Mesh::vPosition': 'DirectX::XMFLOAT3'에서는 'Engine::tagVertex_Mesh'의 클라이언트에서 DLL 인터페이스를 사용하도록 지정해야 함
  (소스 파일 '../private/GameObject.cpp'을(를) 컴파일하는 중)
      C:\Program Files (x86)\Windows Kits\10\Include\10.0.28000.0\um\DirectXMath.h(661,12):
      'DirectX::XMFLOAT3' 선언을 참조하십시오.
  
C:\Users\kkth3\OneDrive\문서\GitHub\250531\Client\Engine\public\Engine_Struct.h(193,13): warning C4251: 'Engine::tagVertex_Mesh::vNormal': 'DirectX::XMFLOAT3'에서는 'Engine::tagVertex_Mesh'의 클라이언트에서 DLL 인터페이스를 사용하도록 지정해야 함
  (소스 파일 '../private/GameObject.cpp'을(를) 컴파일하는 중)
      C:\Program Files (x86)\Windows Kits\10\Include\10.0.28000.0\um\DirectXMath.h(661,12):
      'DirectX::XMFLOAT3' 선언을 참조하십시오.
  
C:\Users\kkth3\OneDrive\문서\GitHub\250531\Client\Engine\public\Engine_Struct.h(194,13): warning C4251: 'Engine::tagVertex_Mesh::vTexcoord': 'DirectX::XMFLOAT2'에서는 'Engine::tagVertex_Mesh'의 클라이언트에서 DLL 인터페이스를 사용하도록 지정해야 함
  (소스 파일 '../private/GameObject.cpp'을(를) 컴파일하는 중)
      C:\Program Files (x86)\Windows Kits\10\Include\10.0.28000.0\um\DirectXMath.h(584,12):
      'DirectX::XMFLOAT2' 선언을 참조하십시오.
  
C:\Users\kkth3\OneDrive\문서\GitHub\250531\Client\Engine\public\Engine_Struct.h(195,13): warning C4251: 'Engine::tagVertex_Mesh::vTangent': 'DirectX::XMFLOAT3'에서는 'Engine::tagVertex_Mesh'의 클라이언트에서 DLL 인터페이스를 사용하도록 지정해야 함
  (소스 파일 '../private/GameObject.cpp'을(를) 컴파일하는 중)
      C:\Program Files (x86)\Windows Kits\10\Include\10.0.28000.0\um\DirectXMath.h(661,12):
      'DirectX::XMFLOAT3' 선언을 참조하십시오.
  
C:\Users\kkth3\OneDrive\문서\GitHub\250531\Client\Engine\public\Engine_Struct.h(204,13): warning C4251: 'Engine::tagVertex_Anim_Mesh::vPosition': 'DirectX::XMFLOAT3'에서는 'Engine::tagVertex_Anim_Mesh'의 클라이언트에서 DLL 인터페이스를 사용하도록 지정해야 함
  (소스 파일 '../private/GameObject.cpp'을(를) 컴파일하는 중)
      C:\Program Files (x86)\Windows Kits\10\Include\10.0.28000.0\um\DirectXMath.h(661,12):
      'DirectX::XMFLOAT3' 선언을 참조하십시오.
  
C:\Users\kkth3\OneDrive\문서\GitHub\250531\Client\Engine\public\Engine_Struct.h(205,13): warning C4251: 'Engine::tagVertex_Anim_Mesh::vNormal': 'DirectX::XMFLOAT3'에서는 'Engine::tagVertex_Anim_Mesh'의 클라이언트에서 DLL 인터페이스를 사용하도록 지정해야 함
  (소스 파일 '../private/GameObject.cpp'을(를) 컴파일하는 중)
      C:\Program Files (x86)\Windows Kits\10\Include\10.0.28000.0\um\DirectXMath.h(661,12):
      'DirectX::XMFLOAT3' 선언을 참조하십시오.
  
C:\Users\kkth3\OneDrive\문서\GitHub\250531\Client\Engine\public\Engine_Struct.h(206,13): warning C4251: 'Engine::tagVertex_Anim_Mesh::vTexcoord': 'DirectX::XMFLOAT2'에서는 'Engine::tagVertex_Anim_Mesh'의 클라이언트에서 DLL 인터페이스를 사용하도록 지정해야 함
  (소스 파일 '../private/GameObject.cpp'을(를) 컴파일하는 중)
      C:\Program Files (x86)\Windows Kits\10\Include\10.0.28000.0\um\DirectXMath.h(584,12):
      'DirectX::XMFLOAT2' 선언을 참조하십시오.
  
C:\Users\kkth3\OneDrive\문서\GitHub\250531\Client\Engine\public\Engine_Struct.h(207,13): warning C4251: 'Engine::tagVertex_Anim_Mesh::vTangent': 'DirectX::XMFLOAT3'에서는 'Engine::tagVertex_Anim_Mesh'의 클라이언트에서 DLL 인터페이스를 사용하도록 지정해야 함
  (소스 파일 '../private/GameObject.cpp'을(를) 컴파일하는 중)
      C:\Program Files (x86)\Windows Kits\10\Include\10.0.28000.0\um\DirectXMath.h(661,12):
      'DirectX::XMFLOAT3' 선언을 참조하십시오.
  
C:\Users\kkth3\OneDrive\문서\GitHub\250531\Client\Engine\public\Engine_Struct.h(209,13): warning C4251: 'Engine::tagVertex_Anim_Mesh::vBlendIndices': 'DirectX::XMUINT4'에서는 'Engine::tagVertex_Anim_Mesh'의 클라이언트에서 DLL 인터페이스를 사용하도록 지정해야 함
  (소스 파일 '../private/GameObject.cpp'을(를) 컴파일하는 중)
      C:\Program Files (x86)\Windows Kits\10\Include\10.0.28000.0\um\DirectXMath.h(793,12):
      'DirectX::XMUINT4' 선언을 참조하십시오.
  
C:\Users\kkth3\OneDrive\문서\GitHub\250531\Client\Engine\public\Engine_Struct.h(210,13): warning C4251: 'Engine::tagVertex_Anim_Mesh::vBlendWeights': 'DirectX::XMFLOAT4'에서는 'Engine::tagVertex_Anim_Mesh'의 클라이언트에서 DLL 인터페이스를 사용하도록 지정해야 함
  (소스 파일 '../private/GameObject.cpp'을(를) 컴파일하는 중)
      C:\Program Files (x86)\Windows Kits\10\Include\10.0.28000.0\um\DirectXMath.h(736,12):
      'DirectX::XMFLOAT4' 선언을 참조하십시오.
  
C:\Users\kkth3\OneDrive\문서\GitHub\250531\Client\Engine\public\Transform.h(106,13): warning C4251: 'Engine::CTransform::m_WorldMatrix': 'DirectX::XMFLOAT4X4'에서는 'Engine::CTransform'의 클라이언트에서 DLL 인터페이스를 사용하도록 지정해야 함
  (소스 파일 '../private/GameObject.cpp'을(를) 컴파일하는 중)
      C:\Program Files (x86)\Windows Kits\10\Include\10.0.28000.0\um\DirectXMath.h(964,12):
      'DirectX::XMFLOAT4X4' 선언을 참조하십시오.
  
C:\Users\kkth3\OneDrive\문서\GitHub\250531\Client\Engine\public\GameObject.h(39,43): warning C4251: 'Engine::CGameObject::m_Components': 'std::unordered_map<std::string,Engine::CComponent *,std::hash<std::string>,std::equal_to<std::string>,std::allocator<std::pair<const std::string,Engine::CComponent *>>>'에서는 'Engine::CGameObject'의 클라이언트에서 DLL 인터페이스를 사용하도록 지정해야 함
  (소스 파일 '../private/GameObject.cpp'을(를) 컴파일하는 중)
      C:\Program Files\Microsoft Visual Studio\2022\Community\VC\Tools\MSVC\14.44.35207\include\unordered_map(61,7):
      'std::unordered_map<std::string,Engine::CComponent *,std::hash<std::string>,std::equal_to<std::string>,std::allocator<std::pair<const std::string,Engine::CComponent *>>>' 선언을 참조하십시오.
  
C:\Users\kkth3\OneDrive\문서\GitHub\250531\Client\Engine\public\Renderer.h(34,25): warning C4251: 'Engine::CRenderer::m_vRenderObjects': 'std::vector<Engine::CRenderObject *,std::allocator<Engine::CRenderObject *>>'에서는 'Engine::CRenderer'의 클라이언트에서 DLL 인터페이스를 사용하도록 지정해야 함
  (소스 파일 '../private/GameObject.cpp'을(를) 컴파일하는 중)
      C:\Program Files\Microsoft Visual Studio\2022\Community\VC\Tools\MSVC\14.44.35207\include\vector(442,7):
      'std::vector<Engine::CRenderObject *,std::allocator<Engine::CRenderObject *>>' 선언을 참조하십시오.
  
C:\Users\kkth3\OneDrive\문서\GitHub\250531\Client\Engine\public\VIBuffer_Geos.h(24,50): warning C4251: 'Engine::CVIBuffer_Geos::m_SubMeshInfos': 'std::unordered_map<Engine::CVIBuffer_Geos::BASIC_SUBMESHES,SubmeshGeometry,std::hash<Engine::CVIBuffer_Geos::BASIC_SUBMESHES>,std::equal_to<Engine::CVIBuffer_Geos::BASIC_SUBMESHES>,std::allocator<std::pair<const Engine::CVIBuffer_Geos::BASIC_SUBMESHES,SubmeshGeometry>>>'에서는 'Engine::CVIBuffer_Geos'의 클라이언트에서 DLL 인터페이스를 사용하도록 지정해야 함
  (소스 파일 '../private/GameObject.cpp'을(를) 컴파일하는 중)
      C:\Program Files\Microsoft Visual Studio\2022\Community\VC\Tools\MSVC\14.44.35207\include\unordered_map(61,7):
      'std::unordered_map<Engine::CVIBuffer_Geos::BASIC_SUBMESHES,SubmeshGeometry,std::hash<Engine::CVIBuffer_Geos::BASIC_SUBMESHES>,std::equal_to<Engine::CVIBuffer_Geos::BASIC_SUBMESHES>,std::allocator<std::pair<const Engine::CVIBuffer_Geos::BASIC_SUBMESHES,SubmeshGeometry>>>' 선언을 참조하십시오.
  
C:\Users\kkth3\OneDrive\문서\GitHub\250531\Client\Engine\public\Model.h(62,16): warning C4251: 'Engine::CModel::m_PivotMatrix': 'DirectX::XMFLOAT4X4'에서는 'Engine::CModel'의 클라이언트에서 DLL 인터페이스를 사용하도록 지정해야 함
  (소스 파일 '../private/GameObject.cpp'을(를) 컴파일하는 중)
      C:\Program Files (x86)\Windows Kits\10\Include\10.0.28000.0\um\DirectXMath.h(964,12):
      'DirectX::XMFLOAT4X4' 선언을 참조하십시오.
  
C:\Users\kkth3\OneDrive\문서\GitHub\250531\Client\Engine\public\Model.h(66,26): warning C4251: 'Engine::CModel::m_Meshes': 'std::vector<Engine::CMesh *,std::allocator<Engine::CMesh *>>'에서는 'Engine::CModel'의 클라이언트에서 DLL 인터페이스를 사용하도록 지정해야 함
  (소스 파일 '../private/GameObject.cpp'을(를) 컴파일하는 중)
      C:\Program Files\Microsoft Visual Studio\2022\Community\VC\Tools\MSVC\14.44.35207\include\vector(442,7):
      'std::vector<Engine::CMesh *,std::allocator<Engine::CMesh *>>' 선언을 참조하십시오.
  
C:\Users\kkth3\OneDrive\문서\GitHub\250531\Client\Engine\public\Model.h(68,26): warning C4251: 'Engine::CModel::m_Bones': 'std::vector<Engine::CBone *,std::allocator<Engine::CBone *>>'에서는 'Engine::CModel'의 클라이언트에서 DLL 인터페이스를 사용하도록 지정해야 함
  (소스 파일 '../private/GameObject.cpp'을(를) 컴파일하는 중)
      C:\Program Files\Microsoft Visual Studio\2022\Community\VC\Tools\MSVC\14.44.35207\include\vector(442,7):
      'std::vector<Engine::CBone *,std::allocator<Engine::CBone *>>' 선언을 참조하십시오.
  
C:\Users\kkth3\OneDrive\문서\GitHub\250531\Client\Engine\public\VIBuffer_Terrain.h(72,41): warning C4251: 'Engine::CVIBuffer_Terrain::m_pHeightMap': 'std::shared_ptr<std::vector<float,std::allocator<float>>>'에서는 'Engine::CVIBuffer_Terrain'의 클라이언트에서 DLL 인터페이스를 사용하도록 지정해야 함
  (소스 파일 '../private/GameObject.cpp'을(를) 컴파일하는 중)
      C:\Program Files\Microsoft Visual Studio\2022\Community\VC\Tools\MSVC\14.44.35207\include\memory(1565,7):
      'std::shared_ptr<std::vector<float,std::allocator<float>>>' 선언을 참조하십시오.
  
C:\Users\kkth3\OneDrive\문서\GitHub\250531\Client\Engine\public\VIBuffer_Terrain.h(74,33): warning C4251: 'Engine::CVIBuffer_Terrain::m_Chunks': 'std::vector<Engine::CVIBuffer_Terrain::TERRAINCHUNK,std::allocator<Engine::CVIBuffer_Terrain::TERRAINCHUNK>>'에서는 'Engine::CVIBuffer_Terrain'의 클라이언트에서 DLL 인터페이스를 사용하도록 지정해야 함
  (소스 파일 '../private/GameObject.cpp'을(를) 컴파일하는 중)
      C:\Program Files\Microsoft Visual Studio\2022\Community\VC\Tools\MSVC\14.44.35207\include\vector(442,7):
      'std::vector<Engine::CVIBuffer_Terrain::TERRAINCHUNK,std::allocator<Engine::CVIBuffer_Terrain::TERRAINCHUNK>>' 선언을 참조하십시오.
  
C:\Users\kkth3\OneDrive\문서\GitHub\250531\Client\Engine\public\VIBuffer_Terrain.h(87,33): warning C4251: 'Engine::CVIBuffer_Terrain::m_ChunkLODs': 'std::vector<GeometryGenerator::uint32,std::allocator<GeometryGenerator::uint32>>'에서는 'Engine::CVIBuffer_Terrain'의 클라이언트에서 DLL 인터페이스를 사용하도록 지정해야 함
  (소스 파일 '../private/GameObject.cpp'을(를) 컴파일하는 중)
      C:\Program Files\Microsoft Visual Studio\2022\Community\VC\Tools\MSVC\14.44.35207\include\vector(442,7):
      'std::vector<GeometryGenerator::uint32,std::allocator<GeometryGenerator::uint32>>' 선언을 참조하십시오.
  
C:\Users\kkth3\OneDrive\문서\GitHub\250531\Client\Engine\public\VIBuffer_Terrain.h(89,33): warning C4251: 'Engine::CVIBuffer_Terrain::m_FrustumPlanes': 'DirectX::XMFLOAT4'에서는 'Engine::CVIBuffer_Terrain'의 클라이언트에서 DLL 인터페이스를 사용하도록 지정해야 함
  (소스 파일 '../private/GameObject.cpp'을(를) 컴파일하는 중)
      C:\Program Files (x86)\Windows Kits\10\Include\10.0.28000.0\um\DirectXMath.h(736,12):
      'DirectX::XMFLOAT4' 선언을 참조하십시오.
  
C:\Users\kkth3\OneDrive\문서\GitHub\250531\Client\Engine\public\CBBinding.h(26,54): warning C4244: '=': 'Engine::_uint'에서 'float'(으)로 변환하면서 데이터가 손실될 수 있습니다.
  (소스 파일 '../private/GameObject.cpp'을(를) 컴파일하는 중)
  
C:\Users\kkth3\OneDrive\문서\GitHub\250531\Client\Engine\public\MeshModel.h(33,35): warning C4251: 'Engine::CMeshModel::m_Meshes': 'std::vector<Engine::CVIBuffer_Mesh *,std::allocator<Engine::CVIBuffer_Mesh *>>'에서는 'Engine::CMeshModel'의 클라이언트에서 DLL 인터페이스를 사용하도록 지정해야 함
  (소스 파일 '../private/GameObject.cpp'을(를) 컴파일하는 중)
      C:\Program Files\Microsoft Visual Studio\2022\Community\VC\Tools\MSVC\14.44.35207\include\vector(442,7):
      'std::vector<Engine::CVIBuffer_Mesh *,std::allocator<Engine::CVIBuffer_Mesh *>>' 선언을 참조하십시오.
  
C:\Users\kkth3\OneDrive\문서\GitHub\250531\Client\Engine\public\RootSignatureMgr.h(29,54): warning C4251: 'Engine::CRootSignatureMgr::mRootSignatures': 'std::unordered_map<std::string,Engine::CRootSignature *,std::hash<std::string>,std::equal_to<std::string>,std::allocator<std::pair<const std::string,Engine::CRootSignature *>>>'에서는 'Engine::CRootSignatureMgr'의 클라이언트에서 DLL 인터페이스를 사용하도록 지정해야 함
  (소스 파일 '../private/GameObject.cpp'을(를) 컴파일하는 중)
      C:\Program Files\Microsoft Visual Studio\2022\Community\VC\Tools\MSVC\14.44.35207\include\unordered_map(61,7):
      'std::unordered_map<std::string,Engine::CRootSignature *,std::hash<std::string>,std::equal_to<std::string>,std::allocator<std::pair<const std::string,Engine::CRootSignature *>>>' 선언을 참조하십시오.
  
C:\Users\kkth3\OneDrive\문서\GitHub\250531\Client\Engine\public\ObjectMgr.h(53,34): warning C4251: 'Engine::CObjectMgr::m_Layers': 'std::unordered_map<std::string,Engine::CObjectMgr::Layer,std::hash<std::string>,std::equal_to<std::string>,std::allocator<std::pair<const std::string,Engine::CObjectMgr::Layer>>>'에서는 'Engine::CObjectMgr'의 클라이언트에서 DLL 인터페이스를 사용하도록 지정해야 함
  (소스 파일 '../private/GameObject.cpp'을(를) 컴파일하는 중)
      C:\Program Files\Microsoft Visual Studio\2022\Community\VC\Tools\MSVC\14.44.35207\include\unordered_map(61,7):
      'std::unordered_map<std::string,Engine::CObjectMgr::Layer,std::hash<std::string>,std::equal_to<std::string>,std::allocator<std::pair<const std::string,Engine::CObjectMgr::Layer>>>' 선언을 참조하십시오.
  
C:\Users\kkth3\OneDrive\문서\GitHub\250531\Client\Engine\public\ObjectMgr.h(54,41): warning C4251: 'Engine::CObjectMgr::m_Prototypes': 'std::unordered_map<std::string,Engine::CGameObject *,std::hash<std::string>,std::equal_to<std::string>,std::allocator<std::pair<const std::string,Engine::CGameObject *>>>'에서는 'Engine::CObjectMgr'의 클라이언트에서 DLL 인터페이스를 사용하도록 지정해야 함
  (소스 파일 '../private/GameObject.cpp'을(를) 컴파일하는 중)
      C:\Program Files\Microsoft Visual Studio\2022\Community\VC\Tools\MSVC\14.44.35207\include\unordered_map(61,7):
      'std::unordered_map<std::string,Engine::CGameObject *,std::hash<std::string>,std::equal_to<std::string>,std::allocator<std::pair<const std::string,Engine::CGameObject *>>>' 선언을 참조하십시오.
  
C:\Users\kkth3\OneDrive\문서\GitHub\250531\Client\Engine\public\TextureMgr.h(74,32): warning C4251: 'Engine::CTextureMgr::hDescriptor': 'CD3DX12_CPU_DESCRIPTOR_HANDLE'에서는 'Engine::CTextureMgr'의 클라이언트에서 DLL 인터페이스를 사용하도록 지정해야 함
  (소스 파일 '../private/GameObject.cpp'을(를) 컴파일하는 중)
      C:\Users\kkth3\OneDrive\문서\GitHub\250531\Client\Engine\public\d3dx12.h(1471,8):
      'CD3DX12_CPU_DESCRIPTOR_HANDLE' 선언을 참조하십시오.
  
C:\Users\kkth3\OneDrive\문서\GitHub\250531\Client\Engine\public\TextureMgr.h(78,34): warning C4251: 'Engine::CTextureMgr::m_Textures': 'std::vector<std::pair<std::string,Engine::CTexture *>,std::allocator<std::pair<std::string,Engine::CTexture *>>>'에서는 'Engine::CTextureMgr'의 클라이언트에서 DLL 인터페이스를 사용하도록 지정해야 함
  (소스 파일 '../private/GameObject.cpp'을(를) 컴파일하는 중)
      C:\Program Files\Microsoft Visual Studio\2022\Community\VC\Tools\MSVC\14.44.35207\include\vector(442,7):
      'std::vector<std::pair<std::string,Engine::CTexture *>,std::allocator<std::pair<std::string,Engine::CTexture *>>>' 선언을 참조하십시오.
  
C:\Users\kkth3\OneDrive\문서\GitHub\250531\Client\Engine\public\GameInstance.h(143,12): warning C4251: 'Engine::CGameInstance::m_CameraViewProj': 'DirectX::XMFLOAT4X4'에서는 'Engine::CGameInstance'의 클라이언트에서 DLL 인터페이스를 사용하도록 지정해야 함
  (소스 파일 '../private/GameObject.cpp'을(를) 컴파일하는 중)
      C:\Program Files (x86)\Windows Kits\10\Include\10.0.28000.0\um\DirectXMath.h(964,12):
      'DirectX::XMFLOAT4X4' 선언을 참조하십시오.
  
C:\Users\kkth3\OneDrive\문서\GitHub\250531\Client\Engine\public\GameInstance.h(144,12): warning C4251: 'Engine::CGameInstance::m_ShadowViewProj': 'DirectX::XMFLOAT4X4'에서는 'Engine::CGameInstance'의 클라이언트에서 DLL 인터페이스를 사용하도록 지정해야 함
  (소스 파일 '../private/GameObject.cpp'을(를) 컴파일하는 중)
      C:\Program Files (x86)\Windows Kits\10\Include\10.0.28000.0\um\DirectXMath.h(964,12):
      'DirectX::XMFLOAT4X4' 선언을 참조하십시오.
  
C:\Users\kkth3\OneDrive\문서\GitHub\250531\Client\Engine\public\GameInstance.h(145,11): warning C4251: 'Engine::CGameInstance::m_CameraEye': 'DirectX::XMFLOAT3'에서는 'Engine::CGameInstance'의 클라이언트에서 DLL 인터페이스를 사용하도록 지정해야 함
  (소스 파일 '../private/GameObject.cpp'을(를) 컴파일하는 중)
      C:\Program Files (x86)\Windows Kits\10\Include\10.0.28000.0\um\DirectXMath.h(661,12):
      'DirectX::XMFLOAT3' 선언을 참조하십시오.
  
  Graphic_Dev.cpp
C:\Users\kkth3\OneDrive\문서\GitHub\250531\Client\Engine\public\Engine_Struct.h(21,14): warning C4251: 'Engine::ObjectConstants::World': 'DirectX::XMFLOAT4X4'에서는 'Engine::ObjectConstants'의 클라이언트에서 DLL 인터페이스를 사용하도록 지정해야 함
  (소스 파일 '../private/Graphic_Dev.cpp'을(를) 컴파일하는 중)
      C:\Program Files (x86)\Windows Kits\10\Include\10.0.28000.0\um\DirectXMath.h(964,12):
      'DirectX::XMFLOAT4X4' 선언을 참조하십시오.
  
C:\Users\kkth3\OneDrive\문서\GitHub\250531\Client\Engine\public\Engine_Struct.h(22,14): warning C4251: 'Engine::ObjectConstants::TexTransform': 'DirectX::XMFLOAT4X4'에서는 'Engine::ObjectConstants'의 클라이언트에서 DLL 인터페이스를 사용하도록 지정해야 함
  (소스 파일 '../private/Graphic_Dev.cpp'을(를) 컴파일하는 중)
      C:\Program Files (x86)\Windows Kits\10\Include\10.0.28000.0\um\DirectXMath.h(964,12):
      'DirectX::XMFLOAT4X4' 선언을 참조하십시오.
  
C:\Users\kkth3\OneDrive\문서\GitHub\250531\Client\Engine\public\Engine_Struct.h(31,21): warning C4251: 'Engine::Light::Strength': 'DirectX::XMFLOAT3'에서는 'Engine::Light'의 클라이언트에서 DLL 인터페이스를 사용하도록 지정해야 함
  (소스 파일 '../private/Graphic_Dev.cpp'을(를) 컴파일하는 중)
      C:\Program Files (x86)\Windows Kits\10\Include\10.0.28000.0\um\DirectXMath.h(661,12):
      'DirectX::XMFLOAT3' 선언을 참조하십시오.
  
C:\Users\kkth3\OneDrive\문서\GitHub\250531\Client\Engine\public\Engine_Struct.h(33,21): warning C4251: 'Engine::Light::Direction': 'DirectX::XMFLOAT3'에서는 'Engine::Light'의 클라이언트에서 DLL 인터페이스를 사용하도록 지정해야 함
  (소스 파일 '../private/Graphic_Dev.cpp'을(를) 컴파일하는 중)
      C:\Program Files (x86)\Windows Kits\10\Include\10.0.28000.0\um\DirectXMath.h(661,12):
      'DirectX::XMFLOAT3' 선언을 참조하십시오.
  
C:\Users\kkth3\OneDrive\문서\GitHub\250531\Client\Engine\public\Engine_Struct.h(35,21): warning C4251: 'Engine::Light::Position': 'DirectX::XMFLOAT3'에서는 'Engine::Light'의 클라이언트에서 DLL 인터페이스를 사용하도록 지정해야 함
  (소스 파일 '../private/Graphic_Dev.cpp'을(를) 컴파일하는 중)
      C:\Program Files (x86)\Windows Kits\10\Include\10.0.28000.0\um\DirectXMath.h(661,12):
      'DirectX::XMFLOAT3' 선언을 참조하십시오.
  
C:\Users\kkth3\OneDrive\문서\GitHub\250531\Client\Engine\public\Engine_Struct.h(41,23): warning C4251: 'Engine::PassConstants::View': 'DirectX::XMFLOAT4X4'에서는 'Engine::PassConstants'의 클라이언트에서 DLL 인터페이스를 사용하도록 지정해야 함
  (소스 파일 '../private/Graphic_Dev.cpp'을(를) 컴파일하는 중)
      C:\Program Files (x86)\Windows Kits\10\Include\10.0.28000.0\um\DirectXMath.h(964,12):
      'DirectX::XMFLOAT4X4' 선언을 참조하십시오.
  
C:\Users\kkth3\OneDrive\문서\GitHub\250531\Client\Engine\public\Engine_Struct.h(42,23): warning C4251: 'Engine::PassConstants::InvView': 'DirectX::XMFLOAT4X4'에서는 'Engine::PassConstants'의 클라이언트에서 DLL 인터페이스를 사용하도록 지정해야 함
  (소스 파일 '../private/Graphic_Dev.cpp'을(를) 컴파일하는 중)
      C:\Program Files (x86)\Windows Kits\10\Include\10.0.28000.0\um\DirectXMath.h(964,12):
      'DirectX::XMFLOAT4X4' 선언을 참조하십시오.
  
C:\Users\kkth3\OneDrive\문서\GitHub\250531\Client\Engine\public\Engine_Struct.h(43,23): warning C4251: 'Engine::PassConstants::Proj': 'DirectX::XMFLOAT4X4'에서는 'Engine::PassConstants'의 클라이언트에서 DLL 인터페이스를 사용하도록 지정해야 함
  (소스 파일 '../private/Graphic_Dev.cpp'을(를) 컴파일하는 중)
      C:\Program Files (x86)\Windows Kits\10\Include\10.0.28000.0\um\DirectXMath.h(964,12):
      'DirectX::XMFLOAT4X4' 선언을 참조하십시오.
  
C:\Users\kkth3\OneDrive\문서\GitHub\250531\Client\Engine\public\Engine_Struct.h(44,23): warning C4251: 'Engine::PassConstants::InvProj': 'DirectX::XMFLOAT4X4'에서는 'Engine::PassConstants'의 클라이언트에서 DLL 인터페이스를 사용하도록 지정해야 함
  (소스 파일 '../private/Graphic_Dev.cpp'을(를) 컴파일하는 중)
      C:\Program Files (x86)\Windows Kits\10\Include\10.0.28000.0\um\DirectXMath.h(964,12):
      'DirectX::XMFLOAT4X4' 선언을 참조하십시오.
  
C:\Users\kkth3\OneDrive\문서\GitHub\250531\Client\Engine\public\Engine_Struct.h(45,23): warning C4251: 'Engine::PassConstants::ViewProj': 'DirectX::XMFLOAT4X4'에서는 'Engine::PassConstants'의 클라이언트에서 DLL 인터페이스를 사용하도록 지정해야 함
  (소스 파일 '../private/Graphic_Dev.cpp'을(를) 컴파일하는 중)
      C:\Program Files (x86)\Windows Kits\10\Include\10.0.28000.0\um\DirectXMath.h(964,12):
      'DirectX::XMFLOAT4X4' 선언을 참조하십시오.
  
C:\Users\kkth3\OneDrive\문서\GitHub\250531\Client\Engine\public\Engine_Struct.h(46,23): warning C4251: 'Engine::PassConstants::InvViewProj': 'DirectX::XMFLOAT4X4'에서는 'Engine::PassConstants'의 클라이언트에서 DLL 인터페이스를 사용하도록 지정해야 함
  (소스 파일 '../private/Graphic_Dev.cpp'을(를) 컴파일하는 중)
      C:\Program Files (x86)\Windows Kits\10\Include\10.0.28000.0\um\DirectXMath.h(964,12):
      'DirectX::XMFLOAT4X4' 선언을 참조하십시오.
  
C:\Users\kkth3\OneDrive\문서\GitHub\250531\Client\Engine\public\Engine_Struct.h(47,23): warning C4251: 'Engine::PassConstants::ShadowTransform': 'DirectX::XMFLOAT4X4'에서는 'Engine::PassConstants'의 클라이언트에서 DLL 인터페이스를 사용하도록 지정해야 함
  (소스 파일 '../private/Graphic_Dev.cpp'을(를) 컴파일하는 중)
      C:\Program Files (x86)\Windows Kits\10\Include\10.0.28000.0\um\DirectXMath.h(964,12):
      'DirectX::XMFLOAT4X4' 선언을 참조하십시오.
  
C:\Users\kkth3\OneDrive\문서\GitHub\250531\Client\Engine\public\Engine_Struct.h(48,21): warning C4251: 'Engine::PassConstants::EyePosW': 'DirectX::XMFLOAT3'에서는 'Engine::PassConstants'의 클라이언트에서 DLL 인터페이스를 사용하도록 지정해야 함
  (소스 파일 '../private/Graphic_Dev.cpp'을(를) 컴파일하는 중)
      C:\Program Files (x86)\Windows Kits\10\Include\10.0.28000.0\um\DirectXMath.h(661,12):
      'DirectX::XMFLOAT3' 선언을 참조하십시오.
  
C:\Users\kkth3\OneDrive\문서\GitHub\250531\Client\Engine\public\Engine_Struct.h(50,21): warning C4251: 'Engine::PassConstants::RenderTargetSize': 'DirectX::XMFLOAT2'에서는 'Engine::PassConstants'의 클라이언트에서 DLL 인터페이스를 사용하도록 지정해야 함
  (소스 파일 '../private/Graphic_Dev.cpp'을(를) 컴파일하는 중)
      C:\Program Files (x86)\Windows Kits\10\Include\10.0.28000.0\um\DirectXMath.h(584,12):
      'DirectX::XMFLOAT2' 선언을 참조하십시오.
  
C:\Users\kkth3\OneDrive\문서\GitHub\250531\Client\Engine\public\Engine_Struct.h(51,21): warning C4251: 'Engine::PassConstants::InvRenderTargetSize': 'DirectX::XMFLOAT2'에서는 'Engine::PassConstants'의 클라이언트에서 DLL 인터페이스를 사용하도록 지정해야 함
  (소스 파일 '../private/Graphic_Dev.cpp'을(를) 컴파일하는 중)
      C:\Program Files (x86)\Windows Kits\10\Include\10.0.28000.0\um\DirectXMath.h(584,12):
      'DirectX::XMFLOAT2' 선언을 참조하십시오.
  
C:\Users\kkth3\OneDrive\문서\GitHub\250531\Client\Engine\public\Engine_Struct.h(57,21): warning C4251: 'Engine::PassConstants::AmbientLight': 'DirectX::XMFLOAT4'에서는 'Engine::PassConstants'의 클라이언트에서 DLL 인터페이스를 사용하도록 지정해야 함
  (소스 파일 '../private/Graphic_Dev.cpp'을(를) 컴파일하는 중)
      C:\Program Files (x86)\Windows Kits\10\Include\10.0.28000.0\um\DirectXMath.h(736,12):
      'DirectX::XMFLOAT4' 선언을 참조하십시오.
  
C:\Users\kkth3\OneDrive\문서\GitHub\250531\Client\Engine\public\Engine_Struct.h(86,21): warning C4251: 'Engine::MaterialConstants::DiffuseAlbedo': 'DirectX::XMFLOAT4'에서는 'Engine::MaterialConstants'의 클라이언트에서 DLL 인터페이스를 사용하도록 지정해야 함
  (소스 파일 '../private/Graphic_Dev.cpp'을(를) 컴파일하는 중)
      C:\Program Files (x86)\Windows Kits\10\Include\10.0.28000.0\um\DirectXMath.h(736,12):
      'DirectX::XMFLOAT4' 선언을 참조하십시오.
  
C:\Users\kkth3\OneDrive\문서\GitHub\250531\Client\Engine\public\Engine_Struct.h(87,21): warning C4251: 'Engine::MaterialConstants::FresnelR0': 'DirectX::XMFLOAT3'에서는 'Engine::MaterialConstants'의 클라이언트에서 DLL 인터페이스를 사용하도록 지정해야 함
  (소스 파일 '../private/Graphic_Dev.cpp'을(를) 컴파일하는 중)
      C:\Program Files (x86)\Windows Kits\10\Include\10.0.28000.0\um\DirectXMath.h(661,12):
      'DirectX::XMFLOAT3' 선언을 참조하십시오.
  
C:\Users\kkth3\OneDrive\문서\GitHub\250531\Client\Engine\public\Engine_Struct.h(89,23): warning C4251: 'Engine::MaterialConstants::MatTransform': 'DirectX::XMFLOAT4X4'에서는 'Engine::MaterialConstants'의 클라이언트에서 DLL 인터페이스를 사용하도록 지정해야 함
  (소스 파일 '../private/Graphic_Dev.cpp'을(를) 컴파일하는 중)
      C:\Program Files (x86)\Windows Kits\10\Include\10.0.28000.0\um\DirectXMath.h(964,12):
      'DirectX::XMFLOAT4X4' 선언을 참조하십시오.
  
C:\Users\kkth3\OneDrive\문서\GitHub\250531\Client\Engine\public\Engine_Struct.h(94,21): warning C4251: 'Engine::MaterialData::DiffuseAlbedo': 'DirectX::XMFLOAT4'에서는 'Engine::MaterialData'의 클라이언트에서 DLL 인터페이스를 사용하도록 지정해야 함
  (소스 파일 '../private/Graphic_Dev.cpp'을(를) 컴파일하는 중)
      C:\Program Files (x86)\Windows Kits\10\Include\10.0.28000.0\um\DirectXMath.h(736,12):
      'DirectX::XMFLOAT4' 선언을 참조하십시오.
  
C:\Users\kkth3\OneDrive\문서\GitHub\250531\Client\Engine\public\Engine_Struct.h(95,21): warning C4251: 'Engine::MaterialData::FresnelR0': 'DirectX::XMFLOAT3'에서는 'Engine::MaterialData'의 클라이언트에서 DLL 인터페이스를 사용하도록 지정해야 함
  (소스 파일 '../private/Graphic_Dev.cpp'을(를) 컴파일하는 중)
      C:\Program Files (x86)\Windows Kits\10\Include\10.0.28000.0\um\DirectXMath.h(661,12):
      'DirectX::XMFLOAT3' 선언을 참조하십시오.
  
C:\Users\kkth3\OneDrive\문서\GitHub\250531\Client\Engine\public\Engine_Struct.h(99,23): warning C4251: 'Engine::MaterialData::MatTransform': 'DirectX::XMFLOAT4X4'에서는 'Engine::MaterialData'의 클라이언트에서 DLL 인터페이스를 사용하도록 지정해야 함
  (소스 파일 '../private/Graphic_Dev.cpp'을(를) 컴파일하는 중)
      C:\Program Files (x86)\Windows Kits\10\Include\10.0.28000.0\um\DirectXMath.h(964,12):
      'DirectX::XMFLOAT4X4' 선언을 참조하십시오.
  
C:\Users\kkth3\OneDrive\문서\GitHub\250531\Client\Engine\public\Engine_Struct.h(113,14): warning C4251: 'Engine::InstanceData::World': 'DirectX::XMFLOAT4X4'에서는 'Engine::InstanceData'의 클라이언트에서 DLL 인터페이스를 사용하도록 지정해야 함
  (소스 파일 '../private/Graphic_Dev.cpp'을(를) 컴파일하는 중)
      C:\Program Files (x86)\Windows Kits\10\Include\10.0.28000.0\um\DirectXMath.h(964,12):
      'DirectX::XMFLOAT4X4' 선언을 참조하십시오.
  
C:\Users\kkth3\OneDrive\문서\GitHub\250531\Client\Engine\public\Engine_Struct.h(142,13): warning C4251: 'Engine::tagVertex_Position::vPosition': 'DirectX::XMFLOAT3'에서는 'Engine::tagVertex_Position'의 클라이언트에서 DLL 인터페이스를 사용하도록 지정해야 함
  (소스 파일 '../private/Graphic_Dev.cpp'을(를) 컴파일하는 중)
      C:\Program Files (x86)\Windows Kits\10\Include\10.0.28000.0\um\DirectXMath.h(661,12):
      'DirectX::XMFLOAT3' 선언을 참조하십시오.
  
C:\Users\kkth3\OneDrive\문서\GitHub\250531\Client\Engine\public\Engine_Struct.h(151,13): warning C4251: 'Engine::tagVertex_Position_Normal::vPosition': 'DirectX::XMFLOAT3'에서는 'Engine::tagVertex_Position_Normal'의 클라이언트에서 DLL 인터페이스를 사용하도록 지정해야 함
  (소스 파일 '../private/Graphic_Dev.cpp'을(를) 컴파일하는 중)
      C:\Program Files (x86)\Windows Kits\10\Include\10.0.28000.0\um\DirectXMath.h(661,12):
      'DirectX::XMFLOAT3' 선언을 참조하십시오.
  
C:\Users\kkth3\OneDrive\문서\GitHub\250531\Client\Engine\public\Engine_Struct.h(152,13): warning C4251: 'Engine::tagVertex_Position_Normal::vNormal': 'DirectX::XMFLOAT3'에서는 'Engine::tagVertex_Position_Normal'의 클라이언트에서 DLL 인터페이스를 사용하도록 지정해야 함
  (소스 파일 '../private/Graphic_Dev.cpp'을(를) 컴파일하는 중)
      C:\Program Files (x86)\Windows Kits\10\Include\10.0.28000.0\um\DirectXMath.h(661,12):
      'DirectX::XMFLOAT3' 선언을 참조하십시오.
  
C:\Users\kkth3\OneDrive\문서\GitHub\250531\Client\Engine\public\Engine_Struct.h(161,13): warning C4251: 'Engine::tagVertex_Position_Texcoord::vPosition': 'DirectX::XMFLOAT3'에서는 'Engine::tagVertex_Position_Texcoord'의 클라이언트에서 DLL 인터페이스를 사용하도록 지정해야 함
  (소스 파일 '../private/Graphic_Dev.cpp'을(를) 컴파일하는 중)
      C:\Program Files (x86)\Windows Kits\10\Include\10.0.28000.0\um\DirectXMath.h(661,12):
      'DirectX::XMFLOAT3' 선언을 참조하십시오.
  
C:\Users\kkth3\OneDrive\문서\GitHub\250531\Client\Engine\public\Engine_Struct.h(162,13): warning C4251: 'Engine::tagVertex_Position_Texcoord::vTexcoord': 'DirectX::XMFLOAT2'에서는 'Engine::tagVertex_Position_Texcoord'의 클라이언트에서 DLL 인터페이스를 사용하도록 지정해야 함
  (소스 파일 '../private/Graphic_Dev.cpp'을(를) 컴파일하는 중)
      C:\Program Files (x86)\Windows Kits\10\Include\10.0.28000.0\um\DirectXMath.h(584,12):
      'DirectX::XMFLOAT2' 선언을 참조하십시오.
  
C:\Users\kkth3\OneDrive\문서\GitHub\250531\Client\Engine\public\Engine_Struct.h(171,13): warning C4251: 'Engine::tagVertex_Position_Normal_Texcoord::vPosition': 'DirectX::XMFLOAT3'에서는 'Engine::tagVertex_Position_Normal_Texcoord'의 클라이언트에서 DLL 인터페이스를 사용하도록 지정해야 함
  (소스 파일 '../private/Graphic_Dev.cpp'을(를) 컴파일하는 중)
      C:\Program Files (x86)\Windows Kits\10\Include\10.0.28000.0\um\DirectXMath.h(661,12):
      'DirectX::XMFLOAT3' 선언을 참조하십시오.
  
C:\Users\kkth3\OneDrive\문서\GitHub\250531\Client\Engine\public\Engine_Struct.h(172,13): warning C4251: 'Engine::tagVertex_Position_Normal_Texcoord::vNormal': 'DirectX::XMFLOAT3'에서는 'Engine::tagVertex_Position_Normal_Texcoord'의 클라이언트에서 DLL 인터페이스를 사용하도록 지정해야 함
  (소스 파일 '../private/Graphic_Dev.cpp'을(를) 컴파일하는 중)
      C:\Program Files (x86)\Windows Kits\10\Include\10.0.28000.0\um\DirectXMath.h(661,12):
      'DirectX::XMFLOAT3' 선언을 참조하십시오.
  
C:\Users\kkth3\OneDrive\문서\GitHub\250531\Client\Engine\public\Engine_Struct.h(173,13): warning C4251: 'Engine::tagVertex_Position_Normal_Texcoord::vTexcoord': 'DirectX::XMFLOAT2'에서는 'Engine::tagVertex_Position_Normal_Texcoord'의 클라이언트에서 DLL 인터페이스를 사용하도록 지정해야 함
  (소스 파일 '../private/Graphic_Dev.cpp'을(를) 컴파일하는 중)
      C:\Program Files (x86)\Windows Kits\10\Include\10.0.28000.0\um\DirectXMath.h(584,12):
      'DirectX::XMFLOAT2' 선언을 참조하십시오.
  
C:\Users\kkth3\OneDrive\문서\GitHub\250531\Client\Engine\public\Engine_Struct.h(182,13): warning C4251: 'Engine::tagVertex_Position_Cube_Texcoord::vPosition': 'DirectX::XMFLOAT3'에서는 'Engine::tagVertex_Position_Cube_Texcoord'의 클라이언트에서 DLL 인터페이스를 사용하도록 지정해야 함
  (소스 파일 '../private/Graphic_Dev.cpp'을(를) 컴파일하는 중)
      C:\Program Files (x86)\Windows Kits\10\Include\10.0.28000.0\um\DirectXMath.h(661,12):
      'DirectX::XMFLOAT3' 선언을 참조하십시오.
  
C:\Users\kkth3\OneDrive\문서\GitHub\250531\Client\Engine\public\Engine_Struct.h(183,13): warning C4251: 'Engine::tagVertex_Position_Cube_Texcoord::vTexcoord': 'DirectX::XMFLOAT3'에서는 'Engine::tagVertex_Position_Cube_Texcoord'의 클라이언트에서 DLL 인터페이스를 사용하도록 지정해야 함
  (소스 파일 '../private/Graphic_Dev.cpp'을(를) 컴파일하는 중)
      C:\Program Files (x86)\Windows Kits\10\Include\10.0.28000.0\um\DirectXMath.h(661,12):
      'DirectX::XMFLOAT3' 선언을 참조하십시오.
  
C:\Users\kkth3\OneDrive\문서\GitHub\250531\Client\Engine\public\Engine_Struct.h(192,13): warning C4251: 'Engine::tagVertex_Mesh::vPosition': 'DirectX::XMFLOAT3'에서는 'Engine::tagVertex_Mesh'의 클라이언트에서 DLL 인터페이스를 사용하도록 지정해야 함
  (소스 파일 '../private/Graphic_Dev.cpp'을(를) 컴파일하는 중)
      C:\Program Files (x86)\Windows Kits\10\Include\10.0.28000.0\um\DirectXMath.h(661,12):
      'DirectX::XMFLOAT3' 선언을 참조하십시오.
  
C:\Users\kkth3\OneDrive\문서\GitHub\250531\Client\Engine\public\Engine_Struct.h(193,13): warning C4251: 'Engine::tagVertex_Mesh::vNormal': 'DirectX::XMFLOAT3'에서는 'Engine::tagVertex_Mesh'의 클라이언트에서 DLL 인터페이스를 사용하도록 지정해야 함
  (소스 파일 '../private/Graphic_Dev.cpp'을(를) 컴파일하는 중)
      C:\Program Files (x86)\Windows Kits\10\Include\10.0.28000.0\um\DirectXMath.h(661,12):
      'DirectX::XMFLOAT3' 선언을 참조하십시오.
  
C:\Users\kkth3\OneDrive\문서\GitHub\250531\Client\Engine\public\Engine_Struct.h(194,13): warning C4251: 'Engine::tagVertex_Mesh::vTexcoord': 'DirectX::XMFLOAT2'에서는 'Engine::tagVertex_Mesh'의 클라이언트에서 DLL 인터페이스를 사용하도록 지정해야 함
  (소스 파일 '../private/Graphic_Dev.cpp'을(를) 컴파일하는 중)
      C:\Program Files (x86)\Windows Kits\10\Include\10.0.28000.0\um\DirectXMath.h(584,12):
      'DirectX::XMFLOAT2' 선언을 참조하십시오.
  
C:\Users\kkth3\OneDrive\문서\GitHub\250531\Client\Engine\public\Engine_Struct.h(195,13): warning C4251: 'Engine::tagVertex_Mesh::vTangent': 'DirectX::XMFLOAT3'에서는 'Engine::tagVertex_Mesh'의 클라이언트에서 DLL 인터페이스를 사용하도록 지정해야 함
  (소스 파일 '../private/Graphic_Dev.cpp'을(를) 컴파일하는 중)
      C:\Program Files (x86)\Windows Kits\10\Include\10.0.28000.0\um\DirectXMath.h(661,12):
      'DirectX::XMFLOAT3' 선언을 참조하십시오.
  
C:\Users\kkth3\OneDrive\문서\GitHub\250531\Client\Engine\public\Engine_Struct.h(204,13): warning C4251: 'Engine::tagVertex_Anim_Mesh::vPosition': 'DirectX::XMFLOAT3'에서는 'Engine::tagVertex_Anim_Mesh'의 클라이언트에서 DLL 인터페이스를 사용하도록 지정해야 함
  (소스 파일 '../private/Graphic_Dev.cpp'을(를) 컴파일하는 중)
      C:\Program Files (x86)\Windows Kits\10\Include\10.0.28000.0\um\DirectXMath.h(661,12):
      'DirectX::XMFLOAT3' 선언을 참조하십시오.
  
C:\Users\kkth3\OneDrive\문서\GitHub\250531\Client\Engine\public\Engine_Struct.h(205,13): warning C4251: 'Engine::tagVertex_Anim_Mesh::vNormal': 'DirectX::XMFLOAT3'에서는 'Engine::tagVertex_Anim_Mesh'의 클라이언트에서 DLL 인터페이스를 사용하도록 지정해야 함
  (소스 파일 '../private/Graphic_Dev.cpp'을(를) 컴파일하는 중)
      C:\Program Files (x86)\Windows Kits\10\Include\10.0.28000.0\um\DirectXMath.h(661,12):
      'DirectX::XMFLOAT3' 선언을 참조하십시오.
  
C:\Users\kkth3\OneDrive\문서\GitHub\250531\Client\Engine\public\Engine_Struct.h(206,13): warning C4251: 'Engine::tagVertex_Anim_Mesh::vTexcoord': 'DirectX::XMFLOAT2'에서는 'Engine::tagVertex_Anim_Mesh'의 클라이언트에서 DLL 인터페이스를 사용하도록 지정해야 함
  (소스 파일 '../private/Graphic_Dev.cpp'을(를) 컴파일하는 중)
      C:\Program Files (x86)\Windows Kits\10\Include\10.0.28000.0\um\DirectXMath.h(584,12):
      'DirectX::XMFLOAT2' 선언을 참조하십시오.
  
C:\Users\kkth3\OneDrive\문서\GitHub\250531\Client\Engine\public\Engine_Struct.h(207,13): warning C4251: 'Engine::tagVertex_Anim_Mesh::vTangent': 'DirectX::XMFLOAT3'에서는 'Engine::tagVertex_Anim_Mesh'의 클라이언트에서 DLL 인터페이스를 사용하도록 지정해야 함
  (소스 파일 '../private/Graphic_Dev.cpp'을(를) 컴파일하는 중)
      C:\Program Files (x86)\Windows Kits\10\Include\10.0.28000.0\um\DirectXMath.h(661,12):
      'DirectX::XMFLOAT3' 선언을 참조하십시오.
  
C:\Users\kkth3\OneDrive\문서\GitHub\250531\Client\Engine\public\Engine_Struct.h(209,13): warning C4251: 'Engine::tagVertex_Anim_Mesh::vBlendIndices': 'DirectX::XMUINT4'에서는 'Engine::tagVertex_Anim_Mesh'의 클라이언트에서 DLL 인터페이스를 사용하도록 지정해야 함
  (소스 파일 '../private/Graphic_Dev.cpp'을(를) 컴파일하는 중)
      C:\Program Files (x86)\Windows Kits\10\Include\10.0.28000.0\um\DirectXMath.h(793,12):
      'DirectX::XMUINT4' 선언을 참조하십시오.
  
C:\Users\kkth3\OneDrive\문서\GitHub\250531\Client\Engine\public\Engine_Struct.h(210,13): warning C4251: 'Engine::tagVertex_Anim_Mesh::vBlendWeights': 'DirectX::XMFLOAT4'에서는 'Engine::tagVertex_Anim_Mesh'의 클라이언트에서 DLL 인터페이스를 사용하도록 지정해야 함
  (소스 파일 '../private/Graphic_Dev.cpp'을(를) 컴파일하는 중)
      C:\Program Files (x86)\Windows Kits\10\Include\10.0.28000.0\um\DirectXMath.h(736,12):
      'DirectX::XMFLOAT4' 선언을 참조하십시오.
  
C:\Users\kkth3\OneDrive\문서\GitHub\250531\Client\Engine\public\Transform.h(106,13): warning C4251: 'Engine::CTransform::m_WorldMatrix': 'DirectX::XMFLOAT4X4'에서는 'Engine::CTransform'의 클라이언트에서 DLL 인터페이스를 사용하도록 지정해야 함
  (소스 파일 '../private/Graphic_Dev.cpp'을(를) 컴파일하는 중)
      C:\Program Files (x86)\Windows Kits\10\Include\10.0.28000.0\um\DirectXMath.h(964,12):
      'DirectX::XMFLOAT4X4' 선언을 참조하십시오.
  
C:\Users\kkth3\OneDrive\문서\GitHub\250531\Client\Engine\public\GameObject.h(39,43): warning C4251: 'Engine::CGameObject::m_Components': 'std::unordered_map<std::string,Engine::CComponent *,std::hash<std::string>,std::equal_to<std::string>,std::allocator<std::pair<const std::string,Engine::CComponent *>>>'에서는 'Engine::CGameObject'의 클라이언트에서 DLL 인터페이스를 사용하도록 지정해야 함
  (소스 파일 '../private/Graphic_Dev.cpp'을(를) 컴파일하는 중)
      C:\Program Files\Microsoft Visual Studio\2022\Community\VC\Tools\MSVC\14.44.35207\include\unordered_map(61,7):
      'std::unordered_map<std::string,Engine::CComponent *,std::hash<std::string>,std::equal_to<std::string>,std::allocator<std::pair<const std::string,Engine::CComponent *>>>' 선언을 참조하십시오.
  
C:\Users\kkth3\OneDrive\문서\GitHub\250531\Client\Engine\public\Renderer.h(34,25): warning C4251: 'Engine::CRenderer::m_vRenderObjects': 'std::vector<Engine::CRenderObject *,std::allocator<Engine::CRenderObject *>>'에서는 'Engine::CRenderer'의 클라이언트에서 DLL 인터페이스를 사용하도록 지정해야 함
  (소스 파일 '../private/Graphic_Dev.cpp'을(를) 컴파일하는 중)
      C:\Program Files\Microsoft Visual Studio\2022\Community\VC\Tools\MSVC\14.44.35207\include\vector(442,7):
      'std::vector<Engine::CRenderObject *,std::allocator<Engine::CRenderObject *>>' 선언을 참조하십시오.
  
C:\Users\kkth3\OneDrive\문서\GitHub\250531\Client\Engine\public\VIBuffer_Geos.h(24,50): warning C4251: 'Engine::CVIBuffer_Geos::m_SubMeshInfos': 'std::unordered_map<Engine::CVIBuffer_Geos::BASIC_SUBMESHES,SubmeshGeometry,std::hash<Engine::CVIBuffer_Geos::BASIC_SUBMESHES>,std::equal_to<Engine::CVIBuffer_Geos::BASIC_SUBMESHES>,std::allocator<std::pair<const Engine::CVIBuffer_Geos::BASIC_SUBMESHES,SubmeshGeometry>>>'에서는 'Engine::CVIBuffer_Geos'의 클라이언트에서 DLL 인터페이스를 사용하도록 지정해야 함
  (소스 파일 '../private/Graphic_Dev.cpp'을(를) 컴파일하는 중)
      C:\Program Files\Microsoft Visual Studio\2022\Community\VC\Tools\MSVC\14.44.35207\include\unordered_map(61,7):
      'std::unordered_map<Engine::CVIBuffer_Geos::BASIC_SUBMESHES,SubmeshGeometry,std::hash<Engine::CVIBuffer_Geos::BASIC_SUBMESHES>,std::equal_to<Engine::CVIBuffer_Geos::BASIC_SUBMESHES>,std::allocator<std::pair<const Engine::CVIBuffer_Geos::BASIC_SUBMESHES,SubmeshGeometry>>>' 선언을 참조하십시오.
  
C:\Users\kkth3\OneDrive\문서\GitHub\250531\Client\Engine\public\Model.h(62,16): warning C4251: 'Engine::CModel::m_PivotMatrix': 'DirectX::XMFLOAT4X4'에서는 'Engine::CModel'의 클라이언트에서 DLL 인터페이스를 사용하도록 지정해야 함
  (소스 파일 '../private/Graphic_Dev.cpp'을(를) 컴파일하는 중)
      C:\Program Files (x86)\Windows Kits\10\Include\10.0.28000.0\um\DirectXMath.h(964,12):
      'DirectX::XMFLOAT4X4' 선언을 참조하십시오.
  
C:\Users\kkth3\OneDrive\문서\GitHub\250531\Client\Engine\public\Model.h(66,26): warning C4251: 'Engine::CModel::m_Meshes': 'std::vector<Engine::CMesh *,std::allocator<Engine::CMesh *>>'에서는 'Engine::CModel'의 클라이언트에서 DLL 인터페이스를 사용하도록 지정해야 함
  (소스 파일 '../private/Graphic_Dev.cpp'을(를) 컴파일하는 중)
      C:\Program Files\Microsoft Visual Studio\2022\Community\VC\Tools\MSVC\14.44.35207\include\vector(442,7):
      'std::vector<Engine::CMesh *,std::allocator<Engine::CMesh *>>' 선언을 참조하십시오.
  
C:\Users\kkth3\OneDrive\문서\GitHub\250531\Client\Engine\public\Model.h(68,26): warning C4251: 'Engine::CModel::m_Bones': 'std::vector<Engine::CBone *,std::allocator<Engine::CBone *>>'에서는 'Engine::CModel'의 클라이언트에서 DLL 인터페이스를 사용하도록 지정해야 함
  (소스 파일 '../private/Graphic_Dev.cpp'을(를) 컴파일하는 중)
      C:\Program Files\Microsoft Visual Studio\2022\Community\VC\Tools\MSVC\14.44.35207\include\vector(442,7):
      'std::vector<Engine::CBone *,std::allocator<Engine::CBone *>>' 선언을 참조하십시오.
  
C:\Users\kkth3\OneDrive\문서\GitHub\250531\Client\Engine\public\VIBuffer_Terrain.h(72,41): warning C4251: 'Engine::CVIBuffer_Terrain::m_pHeightMap': 'std::shared_ptr<std::vector<float,std::allocator<float>>>'에서는 'Engine::CVIBuffer_Terrain'의 클라이언트에서 DLL 인터페이스를 사용하도록 지정해야 함
  (소스 파일 '../private/Graphic_Dev.cpp'을(를) 컴파일하는 중)
      C:\Program Files\Microsoft Visual Studio\2022\Community\VC\Tools\MSVC\14.44.35207\include\memory(1565,7):
      'std::shared_ptr<std::vector<float,std::allocator<float>>>' 선언을 참조하십시오.
  
C:\Users\kkth3\OneDrive\문서\GitHub\250531\Client\Engine\public\VIBuffer_Terrain.h(74,33): warning C4251: 'Engine::CVIBuffer_Terrain::m_Chunks': 'std::vector<Engine::CVIBuffer_Terrain::TERRAINCHUNK,std::allocator<Engine::CVIBuffer_Terrain::TERRAINCHUNK>>'에서는 'Engine::CVIBuffer_Terrain'의 클라이언트에서 DLL 인터페이스를 사용하도록 지정해야 함
  (소스 파일 '../private/Graphic_Dev.cpp'을(를) 컴파일하는 중)
      C:\Program Files\Microsoft Visual Studio\2022\Community\VC\Tools\MSVC\14.44.35207\include\vector(442,7):
      'std::vector<Engine::CVIBuffer_Terrain::TERRAINCHUNK,std::allocator<Engine::CVIBuffer_Terrain::TERRAINCHUNK>>' 선언을 참조하십시오.
  
C:\Users\kkth3\OneDrive\문서\GitHub\250531\Client\Engine\public\VIBuffer_Terrain.h(87,33): warning C4251: 'Engine::CVIBuffer_Terrain::m_ChunkLODs': 'std::vector<GeometryGenerator::uint32,std::allocator<GeometryGenerator::uint32>>'에서는 'Engine::CVIBuffer_Terrain'의 클라이언트에서 DLL 인터페이스를 사용하도록 지정해야 함
  (소스 파일 '../private/Graphic_Dev.cpp'을(를) 컴파일하는 중)
      C:\Program Files\Microsoft Visual Studio\2022\Community\VC\Tools\MSVC\14.44.35207\include\vector(442,7):
      'std::vector<GeometryGenerator::uint32,std::allocator<GeometryGenerator::uint32>>' 선언을 참조하십시오.
  
C:\Users\kkth3\OneDrive\문서\GitHub\250531\Client\Engine\public\VIBuffer_Terrain.h(89,33): warning C4251: 'Engine::CVIBuffer_Terrain::m_FrustumPlanes': 'DirectX::XMFLOAT4'에서는 'Engine::CVIBuffer_Terrain'의 클라이언트에서 DLL 인터페이스를 사용하도록 지정해야 함
  (소스 파일 '../private/Graphic_Dev.cpp'을(를) 컴파일하는 중)
      C:\Program Files (x86)\Windows Kits\10\Include\10.0.28000.0\um\DirectXMath.h(736,12):
      'DirectX::XMFLOAT4' 선언을 참조하십시오.
  
C:\Users\kkth3\OneDrive\문서\GitHub\250531\Client\Engine\public\CBBinding.h(26,54): warning C4244: '=': 'Engine::_uint'에서 'float'(으)로 변환하면서 데이터가 손실될 수 있습니다.
  (소스 파일 '../private/Graphic_Dev.cpp'을(를) 컴파일하는 중)
  
C:\Users\kkth3\OneDrive\문서\GitHub\250531\Client\Engine\public\MeshModel.h(33,35): warning C4251: 'Engine::CMeshModel::m_Meshes': 'std::vector<Engine::CVIBuffer_Mesh *,std::allocator<Engine::CVIBuffer_Mesh *>>'에서는 'Engine::CMeshModel'의 클라이언트에서 DLL 인터페이스를 사용하도록 지정해야 함
  (소스 파일 '../private/Graphic_Dev.cpp'을(를) 컴파일하는 중)
      C:\Program Files\Microsoft Visual Studio\2022\Community\VC\Tools\MSVC\14.44.35207\include\vector(442,7):
      'std::vector<Engine::CVIBuffer_Mesh *,std::allocator<Engine::CVIBuffer_Mesh *>>' 선언을 참조하십시오.
  
C:\Users\kkth3\OneDrive\문서\GitHub\250531\Client\Engine\public\RootSignatureMgr.h(29,54): warning C4251: 'Engine::CRootSignatureMgr::mRootSignatures': 'std::unordered_map<std::string,Engine::CRootSignature *,std::hash<std::string>,std::equal_to<std::string>,std::allocator<std::pair<const std::string,Engine::CRootSignature *>>>'에서는 'Engine::CRootSignatureMgr'의 클라이언트에서 DLL 인터페이스를 사용하도록 지정해야 함
  (소스 파일 '../private/Graphic_Dev.cpp'을(를) 컴파일하는 중)
      C:\Program Files\Microsoft Visual Studio\2022\Community\VC\Tools\MSVC\14.44.35207\include\unordered_map(61,7):
      'std::unordered_map<std::string,Engine::CRootSignature *,std::hash<std::string>,std::equal_to<std::string>,std::allocator<std::pair<const std::string,Engine::CRootSignature *>>>' 선언을 참조하십시오.
  
C:\Users\kkth3\OneDrive\문서\GitHub\250531\Client\Engine\public\ObjectMgr.h(53,34): warning C4251: 'Engine::CObjectMgr::m_Layers': 'std::unordered_map<std::string,Engine::CObjectMgr::Layer,std::hash<std::string>,std::equal_to<std::string>,std::allocator<std::pair<const std::string,Engine::CObjectMgr::Layer>>>'에서는 'Engine::CObjectMgr'의 클라이언트에서 DLL 인터페이스를 사용하도록 지정해야 함
  (소스 파일 '../private/Graphic_Dev.cpp'을(를) 컴파일하는 중)
      C:\Program Files\Microsoft Visual Studio\2022\Community\VC\Tools\MSVC\14.44.35207\include\unordered_map(61,7):
      'std::unordered_map<std::string,Engine::CObjectMgr::Layer,std::hash<std::string>,std::equal_to<std::string>,std::allocator<std::pair<const std::string,Engine::CObjectMgr::Layer>>>' 선언을 참조하십시오.
  
C:\Users\kkth3\OneDrive\문서\GitHub\250531\Client\Engine\public\ObjectMgr.h(54,41): warning C4251: 'Engine::CObjectMgr::m_Prototypes': 'std::unordered_map<std::string,Engine::CGameObject *,std::hash<std::string>,std::equal_to<std::string>,std::allocator<std::pair<const std::string,Engine::CGameObject *>>>'에서는 'Engine::CObjectMgr'의 클라이언트에서 DLL 인터페이스를 사용하도록 지정해야 함
  (소스 파일 '../private/Graphic_Dev.cpp'을(를) 컴파일하는 중)
      C:\Program Files\Microsoft Visual Studio\2022\Community\VC\Tools\MSVC\14.44.35207\include\unordered_map(61,7):
      'std::unordered_map<std::string,Engine::CGameObject *,std::hash<std::string>,std::equal_to<std::string>,std::allocator<std::pair<const std::string,Engine::CGameObject *>>>' 선언을 참조하십시오.
  
C:\Users\kkth3\OneDrive\문서\GitHub\250531\Client\Engine\public\TextureMgr.h(74,32): warning C4251: 'Engine::CTextureMgr::hDescriptor': 'CD3DX12_CPU_DESCRIPTOR_HANDLE'에서는 'Engine::CTextureMgr'의 클라이언트에서 DLL 인터페이스를 사용하도록 지정해야 함
  (소스 파일 '../private/Graphic_Dev.cpp'을(를) 컴파일하는 중)
      C:\Users\kkth3\OneDrive\문서\GitHub\250531\Client\Engine\public\d3dx12.h(1471,8):
      'CD3DX12_CPU_DESCRIPTOR_HANDLE' 선언을 참조하십시오.
  
C:\Users\kkth3\OneDrive\문서\GitHub\250531\Client\Engine\public\TextureMgr.h(78,34): warning C4251: 'Engine::CTextureMgr::m_Textures': 'std::vector<std::pair<std::string,Engine::CTexture *>,std::allocator<std::pair<std::string,Engine::CTexture *>>>'에서는 'Engine::CTextureMgr'의 클라이언트에서 DLL 인터페이스를 사용하도록 지정해야 함
  (소스 파일 '../private/Graphic_Dev.cpp'을(를) 컴파일하는 중)
      C:\Program Files\Microsoft Visual Studio\2022\Community\VC\Tools\MSVC\14.44.35207\include\vector(442,7):
      'std::vector<std::pair<std::string,Engine::CTexture *>,std::allocator<std::pair<std::string,Engine::CTexture *>>>' 선언을 참조하십시오.
  
C:\Users\kkth3\OneDrive\문서\GitHub\250531\Client\Engine\public\GameInstance.h(143,12): warning C4251: 'Engine::CGameInstance::m_CameraViewProj': 'DirectX::XMFLOAT4X4'에서는 'Engine::CGameInstance'의 클라이언트에서 DLL 인터페이스를 사용하도록 지정해야 함
  (소스 파일 '../private/Graphic_Dev.cpp'을(를) 컴파일하는 중)
      C:\Program Files (x86)\Windows Kits\10\Include\10.0.28000.0\um\DirectXMath.h(964,12):
      'DirectX::XMFLOAT4X4' 선언을 참조하십시오.
  
C:\Users\kkth3\OneDrive\문서\GitHub\250531\Client\Engine\public\GameInstance.h(144,12): warning C4251: 'Engine::CGameInstance::m_ShadowViewProj': 'DirectX::XMFLOAT4X4'에서는 'Engine::CGameInstance'의 클라이언트에서 DLL 인터페이스를 사용하도록 지정해야 함
  (소스 파일 '../private/Graphic_Dev.cpp'을(를) 컴파일하는 중)
      C:\Program Files (x86)\Windows Kits\10\Include\10.0.28000.0\um\DirectXMath.h(964,12):
      'DirectX::XMFLOAT4X4' 선언을 참조하십시오.
  
C:\Users\kkth3\OneDrive\문서\GitHub\250531\Client\Engine\public\GameInstance.h(145,11): warning C4251: 'Engine::CGameInstance::m_CameraEye': 'DirectX::XMFLOAT3'에서는 'Engine::CGameInstance'의 클라이언트에서 DLL 인터페이스를 사용하도록 지정해야 함
  (소스 파일 '../private/Graphic_Dev.cpp'을(를) 컴파일하는 중)
      C:\Program Files (x86)\Windows Kits\10\Include\10.0.28000.0\um\DirectXMath.h(661,12):
      'DirectX::XMFLOAT3' 선언을 참조하십시오.
  
  MaterialMgr.cpp
C:\Users\kkth3\OneDrive\문서\GitHub\250531\Client\Engine\public\Engine_Struct.h(21,14): warning C4251: 'Engine::ObjectConstants::World': 'DirectX::XMFLOAT4X4'에서는 'Engine::ObjectConstants'의 클라이언트에서 DLL 인터페이스를 사용하도록 지정해야 함
  (소스 파일 '../private/MaterialMgr.cpp'을(를) 컴파일하는 중)
      C:\Program Files (x86)\Windows Kits\10\Include\10.0.28000.0\um\DirectXMath.h(964,12):
      'DirectX::XMFLOAT4X4' 선언을 참조하십시오.
  
C:\Users\kkth3\OneDrive\문서\GitHub\250531\Client\Engine\public\Engine_Struct.h(22,14): warning C4251: 'Engine::ObjectConstants::TexTransform': 'DirectX::XMFLOAT4X4'에서는 'Engine::ObjectConstants'의 클라이언트에서 DLL 인터페이스를 사용하도록 지정해야 함
  (소스 파일 '../private/MaterialMgr.cpp'을(를) 컴파일하는 중)
      C:\Program Files (x86)\Windows Kits\10\Include\10.0.28000.0\um\DirectXMath.h(964,12):
      'DirectX::XMFLOAT4X4' 선언을 참조하십시오.
  
C:\Users\kkth3\OneDrive\문서\GitHub\250531\Client\Engine\public\Engine_Struct.h(31,21): warning C4251: 'Engine::Light::Strength': 'DirectX::XMFLOAT3'에서는 'Engine::Light'의 클라이언트에서 DLL 인터페이스를 사용하도록 지정해야 함
  (소스 파일 '../private/MaterialMgr.cpp'을(를) 컴파일하는 중)
      C:\Program Files (x86)\Windows Kits\10\Include\10.0.28000.0\um\DirectXMath.h(661,12):
      'DirectX::XMFLOAT3' 선언을 참조하십시오.
  
C:\Users\kkth3\OneDrive\문서\GitHub\250531\Client\Engine\public\Engine_Struct.h(33,21): warning C4251: 'Engine::Light::Direction': 'DirectX::XMFLOAT3'에서는 'Engine::Light'의 클라이언트에서 DLL 인터페이스를 사용하도록 지정해야 함
  (소스 파일 '../private/MaterialMgr.cpp'을(를) 컴파일하는 중)
      C:\Program Files (x86)\Windows Kits\10\Include\10.0.28000.0\um\DirectXMath.h(661,12):
      'DirectX::XMFLOAT3' 선언을 참조하십시오.
  
C:\Users\kkth3\OneDrive\문서\GitHub\250531\Client\Engine\public\Engine_Struct.h(35,21): warning C4251: 'Engine::Light::Position': 'DirectX::XMFLOAT3'에서는 'Engine::Light'의 클라이언트에서 DLL 인터페이스를 사용하도록 지정해야 함
  (소스 파일 '../private/MaterialMgr.cpp'을(를) 컴파일하는 중)
      C:\Program Files (x86)\Windows Kits\10\Include\10.0.28000.0\um\DirectXMath.h(661,12):
      'DirectX::XMFLOAT3' 선언을 참조하십시오.
  
C:\Users\kkth3\OneDrive\문서\GitHub\250531\Client\Engine\public\Engine_Struct.h(41,23): warning C4251: 'Engine::PassConstants::View': 'DirectX::XMFLOAT4X4'에서는 'Engine::PassConstants'의 클라이언트에서 DLL 인터페이스를 사용하도록 지정해야 함
  (소스 파일 '../private/MaterialMgr.cpp'을(를) 컴파일하는 중)
      C:\Program Files (x86)\Windows Kits\10\Include\10.0.28000.0\um\DirectXMath.h(964,12):
      'DirectX::XMFLOAT4X4' 선언을 참조하십시오.
  
C:\Users\kkth3\OneDrive\문서\GitHub\250531\Client\Engine\public\Engine_Struct.h(42,23): warning C4251: 'Engine::PassConstants::InvView': 'DirectX::XMFLOAT4X4'에서는 'Engine::PassConstants'의 클라이언트에서 DLL 인터페이스를 사용하도록 지정해야 함
  (소스 파일 '../private/MaterialMgr.cpp'을(를) 컴파일하는 중)
      C:\Program Files (x86)\Windows Kits\10\Include\10.0.28000.0\um\DirectXMath.h(964,12):
      'DirectX::XMFLOAT4X4' 선언을 참조하십시오.
  
C:\Users\kkth3\OneDrive\문서\GitHub\250531\Client\Engine\public\Engine_Struct.h(43,23): warning C4251: 'Engine::PassConstants::Proj': 'DirectX::XMFLOAT4X4'에서는 'Engine::PassConstants'의 클라이언트에서 DLL 인터페이스를 사용하도록 지정해야 함
  (소스 파일 '../private/MaterialMgr.cpp'을(를) 컴파일하는 중)
      C:\Program Files (x86)\Windows Kits\10\Include\10.0.28000.0\um\DirectXMath.h(964,12):
      'DirectX::XMFLOAT4X4' 선언을 참조하십시오.
  
C:\Users\kkth3\OneDrive\문서\GitHub\250531\Client\Engine\public\Engine_Struct.h(44,23): warning C4251: 'Engine::PassConstants::InvProj': 'DirectX::XMFLOAT4X4'에서는 'Engine::PassConstants'의 클라이언트에서 DLL 인터페이스를 사용하도록 지정해야 함
  (소스 파일 '../private/MaterialMgr.cpp'을(를) 컴파일하는 중)
      C:\Program Files (x86)\Windows Kits\10\Include\10.0.28000.0\um\DirectXMath.h(964,12):
      'DirectX::XMFLOAT4X4' 선언을 참조하십시오.
  
C:\Users\kkth3\OneDrive\문서\GitHub\250531\Client\Engine\public\Engine_Struct.h(45,23): warning C4251: 'Engine::PassConstants::ViewProj': 'DirectX::XMFLOAT4X4'에서는 'Engine::PassConstants'의 클라이언트에서 DLL 인터페이스를 사용하도록 지정해야 함
  (소스 파일 '../private/MaterialMgr.cpp'을(를) 컴파일하는 중)
      C:\Program Files (x86)\Windows Kits\10\Include\10.0.28000.0\um\DirectXMath.h(964,12):
      'DirectX::XMFLOAT4X4' 선언을 참조하십시오.
  
C:\Users\kkth3\OneDrive\문서\GitHub\250531\Client\Engine\public\Engine_Struct.h(46,23): warning C4251: 'Engine::PassConstants::InvViewProj': 'DirectX::XMFLOAT4X4'에서는 'Engine::PassConstants'의 클라이언트에서 DLL 인터페이스를 사용하도록 지정해야 함
  (소스 파일 '../private/MaterialMgr.cpp'을(를) 컴파일하는 중)
      C:\Program Files (x86)\Windows Kits\10\Include\10.0.28000.0\um\DirectXMath.h(964,12):
      'DirectX::XMFLOAT4X4' 선언을 참조하십시오.
  
C:\Users\kkth3\OneDrive\문서\GitHub\250531\Client\Engine\public\Engine_Struct.h(47,23): warning C4251: 'Engine::PassConstants::ShadowTransform': 'DirectX::XMFLOAT4X4'에서는 'Engine::PassConstants'의 클라이언트에서 DLL 인터페이스를 사용하도록 지정해야 함
  (소스 파일 '../private/MaterialMgr.cpp'을(를) 컴파일하는 중)
      C:\Program Files (x86)\Windows Kits\10\Include\10.0.28000.0\um\DirectXMath.h(964,12):
      'DirectX::XMFLOAT4X4' 선언을 참조하십시오.
  
C:\Users\kkth3\OneDrive\문서\GitHub\250531\Client\Engine\public\Engine_Struct.h(48,21): warning C4251: 'Engine::PassConstants::EyePosW': 'DirectX::XMFLOAT3'에서는 'Engine::PassConstants'의 클라이언트에서 DLL 인터페이스를 사용하도록 지정해야 함
  (소스 파일 '../private/MaterialMgr.cpp'을(를) 컴파일하는 중)
      C:\Program Files (x86)\Windows Kits\10\Include\10.0.28000.0\um\DirectXMath.h(661,12):
      'DirectX::XMFLOAT3' 선언을 참조하십시오.
  
C:\Users\kkth3\OneDrive\문서\GitHub\250531\Client\Engine\public\Engine_Struct.h(50,21): warning C4251: 'Engine::PassConstants::RenderTargetSize': 'DirectX::XMFLOAT2'에서는 'Engine::PassConstants'의 클라이언트에서 DLL 인터페이스를 사용하도록 지정해야 함
  (소스 파일 '../private/MaterialMgr.cpp'을(를) 컴파일하는 중)
      C:\Program Files (x86)\Windows Kits\10\Include\10.0.28000.0\um\DirectXMath.h(584,12):
      'DirectX::XMFLOAT2' 선언을 참조하십시오.
  
C:\Users\kkth3\OneDrive\문서\GitHub\250531\Client\Engine\public\Engine_Struct.h(51,21): warning C4251: 'Engine::PassConstants::InvRenderTargetSize': 'DirectX::XMFLOAT2'에서는 'Engine::PassConstants'의 클라이언트에서 DLL 인터페이스를 사용하도록 지정해야 함
  (소스 파일 '../private/MaterialMgr.cpp'을(를) 컴파일하는 중)
      C:\Program Files (x86)\Windows Kits\10\Include\10.0.28000.0\um\DirectXMath.h(584,12):
      'DirectX::XMFLOAT2' 선언을 참조하십시오.
  
C:\Users\kkth3\OneDrive\문서\GitHub\250531\Client\Engine\public\Engine_Struct.h(57,21): warning C4251: 'Engine::PassConstants::AmbientLight': 'DirectX::XMFLOAT4'에서는 'Engine::PassConstants'의 클라이언트에서 DLL 인터페이스를 사용하도록 지정해야 함
  (소스 파일 '../private/MaterialMgr.cpp'을(를) 컴파일하는 중)
      C:\Program Files (x86)\Windows Kits\10\Include\10.0.28000.0\um\DirectXMath.h(736,12):
      'DirectX::XMFLOAT4' 선언을 참조하십시오.
  
C:\Users\kkth3\OneDrive\문서\GitHub\250531\Client\Engine\public\Engine_Struct.h(86,21): warning C4251: 'Engine::MaterialConstants::DiffuseAlbedo': 'DirectX::XMFLOAT4'에서는 'Engine::MaterialConstants'의 클라이언트에서 DLL 인터페이스를 사용하도록 지정해야 함
  (소스 파일 '../private/MaterialMgr.cpp'을(를) 컴파일하는 중)
      C:\Program Files (x86)\Windows Kits\10\Include\10.0.28000.0\um\DirectXMath.h(736,12):
      'DirectX::XMFLOAT4' 선언을 참조하십시오.
  
C:\Users\kkth3\OneDrive\문서\GitHub\250531\Client\Engine\public\Engine_Struct.h(87,21): warning C4251: 'Engine::MaterialConstants::FresnelR0': 'DirectX::XMFLOAT3'에서는 'Engine::MaterialConstants'의 클라이언트에서 DLL 인터페이스를 사용하도록 지정해야 함
  (소스 파일 '../private/MaterialMgr.cpp'을(를) 컴파일하는 중)
      C:\Program Files (x86)\Windows Kits\10\Include\10.0.28000.0\um\DirectXMath.h(661,12):
      'DirectX::XMFLOAT3' 선언을 참조하십시오.
  
C:\Users\kkth3\OneDrive\문서\GitHub\250531\Client\Engine\public\Engine_Struct.h(89,23): warning C4251: 'Engine::MaterialConstants::MatTransform': 'DirectX::XMFLOAT4X4'에서는 'Engine::MaterialConstants'의 클라이언트에서 DLL 인터페이스를 사용하도록 지정해야 함
  (소스 파일 '../private/MaterialMgr.cpp'을(를) 컴파일하는 중)
      C:\Program Files (x86)\Windows Kits\10\Include\10.0.28000.0\um\DirectXMath.h(964,12):
      'DirectX::XMFLOAT4X4' 선언을 참조하십시오.
  
C:\Users\kkth3\OneDrive\문서\GitHub\250531\Client\Engine\public\Engine_Struct.h(94,21): warning C4251: 'Engine::MaterialData::DiffuseAlbedo': 'DirectX::XMFLOAT4'에서는 'Engine::MaterialData'의 클라이언트에서 DLL 인터페이스를 사용하도록 지정해야 함
  (소스 파일 '../private/MaterialMgr.cpp'을(를) 컴파일하는 중)
      C:\Program Files (x86)\Windows Kits\10\Include\10.0.28000.0\um\DirectXMath.h(736,12):
      'DirectX::XMFLOAT4' 선언을 참조하십시오.
  
C:\Users\kkth3\OneDrive\문서\GitHub\250531\Client\Engine\public\Engine_Struct.h(95,21): warning C4251: 'Engine::MaterialData::FresnelR0': 'DirectX::XMFLOAT3'에서는 'Engine::MaterialData'의 클라이언트에서 DLL 인터페이스를 사용하도록 지정해야 함
  (소스 파일 '../private/MaterialMgr.cpp'을(를) 컴파일하는 중)
      C:\Program Files (x86)\Windows Kits\10\Include\10.0.28000.0\um\DirectXMath.h(661,12):
      'DirectX::XMFLOAT3' 선언을 참조하십시오.
  
C:\Users\kkth3\OneDrive\문서\GitHub\250531\Client\Engine\public\Engine_Struct.h(99,23): warning C4251: 'Engine::MaterialData::MatTransform': 'DirectX::XMFLOAT4X4'에서는 'Engine::MaterialData'의 클라이언트에서 DLL 인터페이스를 사용하도록 지정해야 함
  (소스 파일 '../private/MaterialMgr.cpp'을(를) 컴파일하는 중)
      C:\Program Files (x86)\Windows Kits\10\Include\10.0.28000.0\um\DirectXMath.h(964,12):
      'DirectX::XMFLOAT4X4' 선언을 참조하십시오.
  
C:\Users\kkth3\OneDrive\문서\GitHub\250531\Client\Engine\public\Engine_Struct.h(113,14): warning C4251: 'Engine::InstanceData::World': 'DirectX::XMFLOAT4X4'에서는 'Engine::InstanceData'의 클라이언트에서 DLL 인터페이스를 사용하도록 지정해야 함
  (소스 파일 '../private/MaterialMgr.cpp'을(를) 컴파일하는 중)
      C:\Program Files (x86)\Windows Kits\10\Include\10.0.28000.0\um\DirectXMath.h(964,12):
      'DirectX::XMFLOAT4X4' 선언을 참조하십시오.
  
C:\Users\kkth3\OneDrive\문서\GitHub\250531\Client\Engine\public\Engine_Struct.h(142,13): warning C4251: 'Engine::tagVertex_Position::vPosition': 'DirectX::XMFLOAT3'에서는 'Engine::tagVertex_Position'의 클라이언트에서 DLL 인터페이스를 사용하도록 지정해야 함
  (소스 파일 '../private/MaterialMgr.cpp'을(를) 컴파일하는 중)
      C:\Program Files (x86)\Windows Kits\10\Include\10.0.28000.0\um\DirectXMath.h(661,12):
      'DirectX::XMFLOAT3' 선언을 참조하십시오.
  
C:\Users\kkth3\OneDrive\문서\GitHub\250531\Client\Engine\public\Engine_Struct.h(151,13): warning C4251: 'Engine::tagVertex_Position_Normal::vPosition': 'DirectX::XMFLOAT3'에서는 'Engine::tagVertex_Position_Normal'의 클라이언트에서 DLL 인터페이스를 사용하도록 지정해야 함
  (소스 파일 '../private/MaterialMgr.cpp'을(를) 컴파일하는 중)
      C:\Program Files (x86)\Windows Kits\10\Include\10.0.28000.0\um\DirectXMath.h(661,12):
      'DirectX::XMFLOAT3' 선언을 참조하십시오.
  
C:\Users\kkth3\OneDrive\문서\GitHub\250531\Client\Engine\public\Engine_Struct.h(152,13): warning C4251: 'Engine::tagVertex_Position_Normal::vNormal': 'DirectX::XMFLOAT3'에서는 'Engine::tagVertex_Position_Normal'의 클라이언트에서 DLL 인터페이스를 사용하도록 지정해야 함
  (소스 파일 '../private/MaterialMgr.cpp'을(를) 컴파일하는 중)
      C:\Program Files (x86)\Windows Kits\10\Include\10.0.28000.0\um\DirectXMath.h(661,12):
      'DirectX::XMFLOAT3' 선언을 참조하십시오.
  
C:\Users\kkth3\OneDrive\문서\GitHub\250531\Client\Engine\public\Engine_Struct.h(161,13): warning C4251: 'Engine::tagVertex_Position_Texcoord::vPosition': 'DirectX::XMFLOAT3'에서는 'Engine::tagVertex_Position_Texcoord'의 클라이언트에서 DLL 인터페이스를 사용하도록 지정해야 함
  (소스 파일 '../private/MaterialMgr.cpp'을(를) 컴파일하는 중)
      C:\Program Files (x86)\Windows Kits\10\Include\10.0.28000.0\um\DirectXMath.h(661,12):
      'DirectX::XMFLOAT3' 선언을 참조하십시오.
  
C:\Users\kkth3\OneDrive\문서\GitHub\250531\Client\Engine\public\Engine_Struct.h(162,13): warning C4251: 'Engine::tagVertex_Position_Texcoord::vTexcoord': 'DirectX::XMFLOAT2'에서는 'Engine::tagVertex_Position_Texcoord'의 클라이언트에서 DLL 인터페이스를 사용하도록 지정해야 함
  (소스 파일 '../private/MaterialMgr.cpp'을(를) 컴파일하는 중)
      C:\Program Files (x86)\Windows Kits\10\Include\10.0.28000.0\um\DirectXMath.h(584,12):
      'DirectX::XMFLOAT2' 선언을 참조하십시오.
  
C:\Users\kkth3\OneDrive\문서\GitHub\250531\Client\Engine\public\Engine_Struct.h(171,13): warning C4251: 'Engine::tagVertex_Position_Normal_Texcoord::vPosition': 'DirectX::XMFLOAT3'에서는 'Engine::tagVertex_Position_Normal_Texcoord'의 클라이언트에서 DLL 인터페이스를 사용하도록 지정해야 함
  (소스 파일 '../private/MaterialMgr.cpp'을(를) 컴파일하는 중)
      C:\Program Files (x86)\Windows Kits\10\Include\10.0.28000.0\um\DirectXMath.h(661,12):
      'DirectX::XMFLOAT3' 선언을 참조하십시오.
  
C:\Users\kkth3\OneDrive\문서\GitHub\250531\Client\Engine\public\Engine_Struct.h(172,13): warning C4251: 'Engine::tagVertex_Position_Normal_Texcoord::vNormal': 'DirectX::XMFLOAT3'에서는 'Engine::tagVertex_Position_Normal_Texcoord'의 클라이언트에서 DLL 인터페이스를 사용하도록 지정해야 함
  (소스 파일 '../private/MaterialMgr.cpp'을(를) 컴파일하는 중)
      C:\Program Files (x86)\Windows Kits\10\Include\10.0.28000.0\um\DirectXMath.h(661,12):
      'DirectX::XMFLOAT3' 선언을 참조하십시오.
  
C:\Users\kkth3\OneDrive\문서\GitHub\250531\Client\Engine\public\Engine_Struct.h(173,13): warning C4251: 'Engine::tagVertex_Position_Normal_Texcoord::vTexcoord': 'DirectX::XMFLOAT2'에서는 'Engine::tagVertex_Position_Normal_Texcoord'의 클라이언트에서 DLL 인터페이스를 사용하도록 지정해야 함
  (소스 파일 '../private/MaterialMgr.cpp'을(를) 컴파일하는 중)
      C:\Program Files (x86)\Windows Kits\10\Include\10.0.28000.0\um\DirectXMath.h(584,12):
      'DirectX::XMFLOAT2' 선언을 참조하십시오.
  
C:\Users\kkth3\OneDrive\문서\GitHub\250531\Client\Engine\public\Engine_Struct.h(182,13): warning C4251: 'Engine::tagVertex_Position_Cube_Texcoord::vPosition': 'DirectX::XMFLOAT3'에서는 'Engine::tagVertex_Position_Cube_Texcoord'의 클라이언트에서 DLL 인터페이스를 사용하도록 지정해야 함
  (소스 파일 '../private/MaterialMgr.cpp'을(를) 컴파일하는 중)
      C:\Program Files (x86)\Windows Kits\10\Include\10.0.28000.0\um\DirectXMath.h(661,12):
      'DirectX::XMFLOAT3' 선언을 참조하십시오.
  
C:\Users\kkth3\OneDrive\문서\GitHub\250531\Client\Engine\public\Engine_Struct.h(183,13): warning C4251: 'Engine::tagVertex_Position_Cube_Texcoord::vTexcoord': 'DirectX::XMFLOAT3'에서는 'Engine::tagVertex_Position_Cube_Texcoord'의 클라이언트에서 DLL 인터페이스를 사용하도록 지정해야 함
  (소스 파일 '../private/MaterialMgr.cpp'을(를) 컴파일하는 중)
      C:\Program Files (x86)\Windows Kits\10\Include\10.0.28000.0\um\DirectXMath.h(661,12):
      'DirectX::XMFLOAT3' 선언을 참조하십시오.
  
C:\Users\kkth3\OneDrive\문서\GitHub\250531\Client\Engine\public\Engine_Struct.h(192,13): warning C4251: 'Engine::tagVertex_Mesh::vPosition': 'DirectX::XMFLOAT3'에서는 'Engine::tagVertex_Mesh'의 클라이언트에서 DLL 인터페이스를 사용하도록 지정해야 함
  (소스 파일 '../private/MaterialMgr.cpp'을(를) 컴파일하는 중)
      C:\Program Files (x86)\Windows Kits\10\Include\10.0.28000.0\um\DirectXMath.h(661,12):
      'DirectX::XMFLOAT3' 선언을 참조하십시오.
  
C:\Users\kkth3\OneDrive\문서\GitHub\250531\Client\Engine\public\Engine_Struct.h(193,13): warning C4251: 'Engine::tagVertex_Mesh::vNormal': 'DirectX::XMFLOAT3'에서는 'Engine::tagVertex_Mesh'의 클라이언트에서 DLL 인터페이스를 사용하도록 지정해야 함
  (소스 파일 '../private/MaterialMgr.cpp'을(를) 컴파일하는 중)
      C:\Program Files (x86)\Windows Kits\10\Include\10.0.28000.0\um\DirectXMath.h(661,12):
      'DirectX::XMFLOAT3' 선언을 참조하십시오.
  
C:\Users\kkth3\OneDrive\문서\GitHub\250531\Client\Engine\public\Engine_Struct.h(194,13): warning C4251: 'Engine::tagVertex_Mesh::vTexcoord': 'DirectX::XMFLOAT2'에서는 'Engine::tagVertex_Mesh'의 클라이언트에서 DLL 인터페이스를 사용하도록 지정해야 함
  (소스 파일 '../private/MaterialMgr.cpp'을(를) 컴파일하는 중)
      C:\Program Files (x86)\Windows Kits\10\Include\10.0.28000.0\um\DirectXMath.h(584,12):
      'DirectX::XMFLOAT2' 선언을 참조하십시오.
  
C:\Users\kkth3\OneDrive\문서\GitHub\250531\Client\Engine\public\Engine_Struct.h(195,13): warning C4251: 'Engine::tagVertex_Mesh::vTangent': 'DirectX::XMFLOAT3'에서는 'Engine::tagVertex_Mesh'의 클라이언트에서 DLL 인터페이스를 사용하도록 지정해야 함
  (소스 파일 '../private/MaterialMgr.cpp'을(를) 컴파일하는 중)
      C:\Program Files (x86)\Windows Kits\10\Include\10.0.28000.0\um\DirectXMath.h(661,12):
      'DirectX::XMFLOAT3' 선언을 참조하십시오.
  
C:\Users\kkth3\OneDrive\문서\GitHub\250531\Client\Engine\public\Engine_Struct.h(204,13): warning C4251: 'Engine::tagVertex_Anim_Mesh::vPosition': 'DirectX::XMFLOAT3'에서는 'Engine::tagVertex_Anim_Mesh'의 클라이언트에서 DLL 인터페이스를 사용하도록 지정해야 함
  (소스 파일 '../private/MaterialMgr.cpp'을(를) 컴파일하는 중)
      C:\Program Files (x86)\Windows Kits\10\Include\10.0.28000.0\um\DirectXMath.h(661,12):
      'DirectX::XMFLOAT3' 선언을 참조하십시오.
  
C:\Users\kkth3\OneDrive\문서\GitHub\250531\Client\Engine\public\Engine_Struct.h(205,13): warning C4251: 'Engine::tagVertex_Anim_Mesh::vNormal': 'DirectX::XMFLOAT3'에서는 'Engine::tagVertex_Anim_Mesh'의 클라이언트에서 DLL 인터페이스를 사용하도록 지정해야 함
  (소스 파일 '../private/MaterialMgr.cpp'을(를) 컴파일하는 중)
      C:\Program Files (x86)\Windows Kits\10\Include\10.0.28000.0\um\DirectXMath.h(661,12):
      'DirectX::XMFLOAT3' 선언을 참조하십시오.
  
C:\Users\kkth3\OneDrive\문서\GitHub\250531\Client\Engine\public\Engine_Struct.h(206,13): warning C4251: 'Engine::tagVertex_Anim_Mesh::vTexcoord': 'DirectX::XMFLOAT2'에서는 'Engine::tagVertex_Anim_Mesh'의 클라이언트에서 DLL 인터페이스를 사용하도록 지정해야 함
  (소스 파일 '../private/MaterialMgr.cpp'을(를) 컴파일하는 중)
      C:\Program Files (x86)\Windows Kits\10\Include\10.0.28000.0\um\DirectXMath.h(584,12):
      'DirectX::XMFLOAT2' 선언을 참조하십시오.
  
C:\Users\kkth3\OneDrive\문서\GitHub\250531\Client\Engine\public\Engine_Struct.h(207,13): warning C4251: 'Engine::tagVertex_Anim_Mesh::vTangent': 'DirectX::XMFLOAT3'에서는 'Engine::tagVertex_Anim_Mesh'의 클라이언트에서 DLL 인터페이스를 사용하도록 지정해야 함
  (소스 파일 '../private/MaterialMgr.cpp'을(를) 컴파일하는 중)
      C:\Program Files (x86)\Windows Kits\10\Include\10.0.28000.0\um\DirectXMath.h(661,12):
      'DirectX::XMFLOAT3' 선언을 참조하십시오.
  
C:\Users\kkth3\OneDrive\문서\GitHub\250531\Client\Engine\public\Engine_Struct.h(209,13): warning C4251: 'Engine::tagVertex_Anim_Mesh::vBlendIndices': 'DirectX::XMUINT4'에서는 'Engine::tagVertex_Anim_Mesh'의 클라이언트에서 DLL 인터페이스를 사용하도록 지정해야 함
  (소스 파일 '../private/MaterialMgr.cpp'을(를) 컴파일하는 중)
      C:\Program Files (x86)\Windows Kits\10\Include\10.0.28000.0\um\DirectXMath.h(793,12):
      'DirectX::XMUINT4' 선언을 참조하십시오.
  
C:\Users\kkth3\OneDrive\문서\GitHub\250531\Client\Engine\public\Engine_Struct.h(210,13): warning C4251: 'Engine::tagVertex_Anim_Mesh::vBlendWeights': 'DirectX::XMFLOAT4'에서는 'Engine::tagVertex_Anim_Mesh'의 클라이언트에서 DLL 인터페이스를 사용하도록 지정해야 함
  (소스 파일 '../private/MaterialMgr.cpp'을(를) 컴파일하는 중)
      C:\Program Files (x86)\Windows Kits\10\Include\10.0.28000.0\um\DirectXMath.h(736,12):
      'DirectX::XMFLOAT4' 선언을 참조하십시오.
  
C:\Users\kkth3\OneDrive\문서\GitHub\250531\Client\Engine\public\Transform.h(106,13): warning C4251: 'Engine::CTransform::m_WorldMatrix': 'DirectX::XMFLOAT4X4'에서는 'Engine::CTransform'의 클라이언트에서 DLL 인터페이스를 사용하도록 지정해야 함
  (소스 파일 '../private/MaterialMgr.cpp'을(를) 컴파일하는 중)
      C:\Program Files (x86)\Windows Kits\10\Include\10.0.28000.0\um\DirectXMath.h(964,12):
      'DirectX::XMFLOAT4X4' 선언을 참조하십시오.
  
C:\Users\kkth3\OneDrive\문서\GitHub\250531\Client\Engine\public\GameObject.h(39,43): warning C4251: 'Engine::CGameObject::m_Components': 'std::unordered_map<std::string,Engine::CComponent *,std::hash<std::string>,std::equal_to<std::string>,std::allocator<std::pair<const std::string,Engine::CComponent *>>>'에서는 'Engine::CGameObject'의 클라이언트에서 DLL 인터페이스를 사용하도록 지정해야 함
  (소스 파일 '../private/MaterialMgr.cpp'을(를) 컴파일하는 중)
      C:\Program Files\Microsoft Visual Studio\2022\Community\VC\Tools\MSVC\14.44.35207\include\unordered_map(61,7):
      'std::unordered_map<std::string,Engine::CComponent *,std::hash<std::string>,std::equal_to<std::string>,std::allocator<std::pair<const std::string,Engine::CComponent *>>>' 선언을 참조하십시오.
  
C:\Users\kkth3\OneDrive\문서\GitHub\250531\Client\Engine\public\Renderer.h(34,25): warning C4251: 'Engine::CRenderer::m_vRenderObjects': 'std::vector<Engine::CRenderObject *,std::allocator<Engine::CRenderObject *>>'에서는 'Engine::CRenderer'의 클라이언트에서 DLL 인터페이스를 사용하도록 지정해야 함
  (소스 파일 '../private/MaterialMgr.cpp'을(를) 컴파일하는 중)
      C:\Program Files\Microsoft Visual Studio\2022\Community\VC\Tools\MSVC\14.44.35207\include\vector(442,7):
      'std::vector<Engine::CRenderObject *,std::allocator<Engine::CRenderObject *>>' 선언을 참조하십시오.
  
C:\Users\kkth3\OneDrive\문서\GitHub\250531\Client\Engine\public\VIBuffer_Geos.h(24,50): warning C4251: 'Engine::CVIBuffer_Geos::m_SubMeshInfos': 'std::unordered_map<Engine::CVIBuffer_Geos::BASIC_SUBMESHES,SubmeshGeometry,std::hash<Engine::CVIBuffer_Geos::BASIC_SUBMESHES>,std::equal_to<Engine::CVIBuffer_Geos::BASIC_SUBMESHES>,std::allocator<std::pair<const Engine::CVIBuffer_Geos::BASIC_SUBMESHES,SubmeshGeometry>>>'에서는 'Engine::CVIBuffer_Geos'의 클라이언트에서 DLL 인터페이스를 사용하도록 지정해야 함
  (소스 파일 '../private/MaterialMgr.cpp'을(를) 컴파일하는 중)
      C:\Program Files\Microsoft Visual Studio\2022\Community\VC\Tools\MSVC\14.44.35207\include\unordered_map(61,7):
      'std::unordered_map<Engine::CVIBuffer_Geos::BASIC_SUBMESHES,SubmeshGeometry,std::hash<Engine::CVIBuffer_Geos::BASIC_SUBMESHES>,std::equal_to<Engine::CVIBuffer_Geos::BASIC_SUBMESHES>,std::allocator<std::pair<const Engine::CVIBuffer_Geos::BASIC_SUBMESHES,SubmeshGeometry>>>' 선언을 참조하십시오.
  
C:\Users\kkth3\OneDrive\문서\GitHub\250531\Client\Engine\public\Model.h(62,16): warning C4251: 'Engine::CModel::m_PivotMatrix': 'DirectX::XMFLOAT4X4'에서는 'Engine::CModel'의 클라이언트에서 DLL 인터페이스를 사용하도록 지정해야 함
  (소스 파일 '../private/MaterialMgr.cpp'을(를) 컴파일하는 중)
      C:\Program Files (x86)\Windows Kits\10\Include\10.0.28000.0\um\DirectXMath.h(964,12):
      'DirectX::XMFLOAT4X4' 선언을 참조하십시오.
  
C:\Users\kkth3\OneDrive\문서\GitHub\250531\Client\Engine\public\Model.h(66,26): warning C4251: 'Engine::CModel::m_Meshes': 'std::vector<Engine::CMesh *,std::allocator<Engine::CMesh *>>'에서는 'Engine::CModel'의 클라이언트에서 DLL 인터페이스를 사용하도록 지정해야 함
  (소스 파일 '../private/MaterialMgr.cpp'을(를) 컴파일하는 중)
      C:\Program Files\Microsoft Visual Studio\2022\Community\VC\Tools\MSVC\14.44.35207\include\vector(442,7):
      'std::vector<Engine::CMesh *,std::allocator<Engine::CMesh *>>' 선언을 참조하십시오.
  
C:\Users\kkth3\OneDrive\문서\GitHub\250531\Client\Engine\public\Model.h(68,26): warning C4251: 'Engine::CModel::m_Bones': 'std::vector<Engine::CBone *,std::allocator<Engine::CBone *>>'에서는 'Engine::CModel'의 클라이언트에서 DLL 인터페이스를 사용하도록 지정해야 함
  (소스 파일 '../private/MaterialMgr.cpp'을(를) 컴파일하는 중)
      C:\Program Files\Microsoft Visual Studio\2022\Community\VC\Tools\MSVC\14.44.35207\include\vector(442,7):
      'std::vector<Engine::CBone *,std::allocator<Engine::CBone *>>' 선언을 참조하십시오.
  
C:\Users\kkth3\OneDrive\문서\GitHub\250531\Client\Engine\public\VIBuffer_Terrain.h(72,41): warning C4251: 'Engine::CVIBuffer_Terrain::m_pHeightMap': 'std::shared_ptr<std::vector<float,std::allocator<float>>>'에서는 'Engine::CVIBuffer_Terrain'의 클라이언트에서 DLL 인터페이스를 사용하도록 지정해야 함
  (소스 파일 '../private/MaterialMgr.cpp'을(를) 컴파일하는 중)
      C:\Program Files\Microsoft Visual Studio\2022\Community\VC\Tools\MSVC\14.44.35207\include\memory(1565,7):
      'std::shared_ptr<std::vector<float,std::allocator<float>>>' 선언을 참조하십시오.
  
C:\Users\kkth3\OneDrive\문서\GitHub\250531\Client\Engine\public\VIBuffer_Terrain.h(74,33): warning C4251: 'Engine::CVIBuffer_Terrain::m_Chunks': 'std::vector<Engine::CVIBuffer_Terrain::TERRAINCHUNK,std::allocator<Engine::CVIBuffer_Terrain::TERRAINCHUNK>>'에서는 'Engine::CVIBuffer_Terrain'의 클라이언트에서 DLL 인터페이스를 사용하도록 지정해야 함
  (소스 파일 '../private/MaterialMgr.cpp'을(를) 컴파일하는 중)
      C:\Program Files\Microsoft Visual Studio\2022\Community\VC\Tools\MSVC\14.44.35207\include\vector(442,7):
      'std::vector<Engine::CVIBuffer_Terrain::TERRAINCHUNK,std::allocator<Engine::CVIBuffer_Terrain::TERRAINCHUNK>>' 선언을 참조하십시오.
  
C:\Users\kkth3\OneDrive\문서\GitHub\250531\Client\Engine\public\VIBuffer_Terrain.h(87,33): warning C4251: 'Engine::CVIBuffer_Terrain::m_ChunkLODs': 'std::vector<GeometryGenerator::uint32,std::allocator<GeometryGenerator::uint32>>'에서는 'Engine::CVIBuffer_Terrain'의 클라이언트에서 DLL 인터페이스를 사용하도록 지정해야 함
  (소스 파일 '../private/MaterialMgr.cpp'을(를) 컴파일하는 중)
      C:\Program Files\Microsoft Visual Studio\2022\Community\VC\Tools\MSVC\14.44.35207\include\vector(442,7):
      'std::vector<GeometryGenerator::uint32,std::allocator<GeometryGenerator::uint32>>' 선언을 참조하십시오.
  
C:\Users\kkth3\OneDrive\문서\GitHub\250531\Client\Engine\public\VIBuffer_Terrain.h(89,33): warning C4251: 'Engine::CVIBuffer_Terrain::m_FrustumPlanes': 'DirectX::XMFLOAT4'에서는 'Engine::CVIBuffer_Terrain'의 클라이언트에서 DLL 인터페이스를 사용하도록 지정해야 함
  (소스 파일 '../private/MaterialMgr.cpp'을(를) 컴파일하는 중)
      C:\Program Files (x86)\Windows Kits\10\Include\10.0.28000.0\um\DirectXMath.h(736,12):
      'DirectX::XMFLOAT4' 선언을 참조하십시오.
  
C:\Users\kkth3\OneDrive\문서\GitHub\250531\Client\Engine\public\CBBinding.h(26,54): warning C4244: '=': 'Engine::_uint'에서 'float'(으)로 변환하면서 데이터가 손실될 수 있습니다.
  (소스 파일 '../private/MaterialMgr.cpp'을(를) 컴파일하는 중)
  
C:\Users\kkth3\OneDrive\문서\GitHub\250531\Client\Engine\public\MeshModel.h(33,35): warning C4251: 'Engine::CMeshModel::m_Meshes': 'std::vector<Engine::CVIBuffer_Mesh *,std::allocator<Engine::CVIBuffer_Mesh *>>'에서는 'Engine::CMeshModel'의 클라이언트에서 DLL 인터페이스를 사용하도록 지정해야 함
  (소스 파일 '../private/MaterialMgr.cpp'을(를) 컴파일하는 중)
      C:\Program Files\Microsoft Visual Studio\2022\Community\VC\Tools\MSVC\14.44.35207\include\vector(442,7):
      'std::vector<Engine::CVIBuffer_Mesh *,std::allocator<Engine::CVIBuffer_Mesh *>>' 선언을 참조하십시오.
  
C:\Users\kkth3\OneDrive\문서\GitHub\250531\Client\Engine\public\RootSignatureMgr.h(29,54): warning C4251: 'Engine::CRootSignatureMgr::mRootSignatures': 'std::unordered_map<std::string,Engine::CRootSignature *,std::hash<std::string>,std::equal_to<std::string>,std::allocator<std::pair<const std::string,Engine::CRootSignature *>>>'에서는 'Engine::CRootSignatureMgr'의 클라이언트에서 DLL 인터페이스를 사용하도록 지정해야 함
  (소스 파일 '../private/MaterialMgr.cpp'을(를) 컴파일하는 중)
      C:\Program Files\Microsoft Visual Studio\2022\Community\VC\Tools\MSVC\14.44.35207\include\unordered_map(61,7):
      'std::unordered_map<std::string,Engine::CRootSignature *,std::hash<std::string>,std::equal_to<std::string>,std::allocator<std::pair<const std::string,Engine::CRootSignature *>>>' 선언을 참조하십시오.
  
C:\Users\kkth3\OneDrive\문서\GitHub\250531\Client\Engine\public\ObjectMgr.h(53,34): warning C4251: 'Engine::CObjectMgr::m_Layers': 'std::unordered_map<std::string,Engine::CObjectMgr::Layer,std::hash<std::string>,std::equal_to<std::string>,std::allocator<std::pair<const std::string,Engine::CObjectMgr::Layer>>>'에서는 'Engine::CObjectMgr'의 클라이언트에서 DLL 인터페이스를 사용하도록 지정해야 함
  (소스 파일 '../private/MaterialMgr.cpp'을(를) 컴파일하는 중)
      C:\Program Files\Microsoft Visual Studio\2022\Community\VC\Tools\MSVC\14.44.35207\include\unordered_map(61,7):
      'std::unordered_map<std::string,Engine::CObjectMgr::Layer,std::hash<std::string>,std::equal_to<std::string>,std::allocator<std::pair<const std::string,Engine::CObjectMgr::Layer>>>' 선언을 참조하십시오.
  
C:\Users\kkth3\OneDrive\문서\GitHub\250531\Client\Engine\public\ObjectMgr.h(54,41): warning C4251: 'Engine::CObjectMgr::m_Prototypes': 'std::unordered_map<std::string,Engine::CGameObject *,std::hash<std::string>,std::equal_to<std::string>,std::allocator<std::pair<const std::string,Engine::CGameObject *>>>'에서는 'Engine::CObjectMgr'의 클라이언트에서 DLL 인터페이스를 사용하도록 지정해야 함
  (소스 파일 '../private/MaterialMgr.cpp'을(를) 컴파일하는 중)
      C:\Program Files\Microsoft Visual Studio\2022\Community\VC\Tools\MSVC\14.44.35207\include\unordered_map(61,7):
      'std::unordered_map<std::string,Engine::CGameObject *,std::hash<std::string>,std::equal_to<std::string>,std::allocator<std::pair<const std::string,Engine::CGameObject *>>>' 선언을 참조하십시오.
  
C:\Users\kkth3\OneDrive\문서\GitHub\250531\Client\Engine\public\TextureMgr.h(74,32): warning C4251: 'Engine::CTextureMgr::hDescriptor': 'CD3DX12_CPU_DESCRIPTOR_HANDLE'에서는 'Engine::CTextureMgr'의 클라이언트에서 DLL 인터페이스를 사용하도록 지정해야 함
  (소스 파일 '../private/MaterialMgr.cpp'을(를) 컴파일하는 중)
      C:\Users\kkth3\OneDrive\문서\GitHub\250531\Client\Engine\public\d3dx12.h(1471,8):
      'CD3DX12_CPU_DESCRIPTOR_HANDLE' 선언을 참조하십시오.
  
C:\Users\kkth3\OneDrive\문서\GitHub\250531\Client\Engine\public\TextureMgr.h(78,34): warning C4251: 'Engine::CTextureMgr::m_Textures': 'std::vector<std::pair<std::string,Engine::CTexture *>,std::allocator<std::pair<std::string,Engine::CTexture *>>>'에서는 'Engine::CTextureMgr'의 클라이언트에서 DLL 인터페이스를 사용하도록 지정해야 함
  (소스 파일 '../private/MaterialMgr.cpp'을(를) 컴파일하는 중)
      C:\Program Files\Microsoft Visual Studio\2022\Community\VC\Tools\MSVC\14.44.35207\include\vector(442,7):
      'std::vector<std::pair<std::string,Engine::CTexture *>,std::allocator<std::pair<std::string,Engine::CTexture *>>>' 선언을 참조하십시오.
  
C:\Users\kkth3\OneDrive\문서\GitHub\250531\Client\Engine\public\GameInstance.h(143,12): warning C4251: 'Engine::CGameInstance::m_CameraViewProj': 'DirectX::XMFLOAT4X4'에서는 'Engine::CGameInstance'의 클라이언트에서 DLL 인터페이스를 사용하도록 지정해야 함
  (소스 파일 '../private/MaterialMgr.cpp'을(를) 컴파일하는 중)
      C:\Program Files (x86)\Windows Kits\10\Include\10.0.28000.0\um\DirectXMath.h(964,12):
      'DirectX::XMFLOAT4X4' 선언을 참조하십시오.
  
C:\Users\kkth3\OneDrive\문서\GitHub\250531\Client\Engine\public\GameInstance.h(144,12): warning C4251: 'Engine::CGameInstance::m_ShadowViewProj': 'DirectX::XMFLOAT4X4'에서는 'Engine::CGameInstance'의 클라이언트에서 DLL 인터페이스를 사용하도록 지정해야 함
  (소스 파일 '../private/MaterialMgr.cpp'을(를) 컴파일하는 중)
      C:\Program Files (x86)\Windows Kits\10\Include\10.0.28000.0\um\DirectXMath.h(964,12):
      'DirectX::XMFLOAT4X4' 선언을 참조하십시오.
  
C:\Users\kkth3\OneDrive\문서\GitHub\250531\Client\Engine\public\GameInstance.h(145,11): warning C4251: 'Engine::CGameInstance::m_CameraEye': 'DirectX::XMFLOAT3'에서는 'Engine::CGameInstance'의 클라이언트에서 DLL 인터페이스를 사용하도록 지정해야 함
  (소스 파일 '../private/MaterialMgr.cpp'을(를) 컴파일하는 중)
      C:\Program Files (x86)\Windows Kits\10\Include\10.0.28000.0\um\DirectXMath.h(661,12):
      'DirectX::XMFLOAT3' 선언을 참조하십시오.
  
C:\Users\kkth3\OneDrive\문서\GitHub\250531\Client\Engine\private\MaterialMgr.cpp(99,28): warning C4267: 'return': 'size_t'에서 'Engine::_uint'(으)로 변환하면서 데이터가 손실될 수 있습니다.
C:\Users\kkth3\OneDrive\문서\GitHub\250531\Client\Engine\private\MaterialMgr.cpp(109,25): warning C4267: 'return': 'size_t'에서 'Engine::_uint'(으)로 변환하면서 데이터가 손실될 수 있습니다.
C:\Users\kkth3\OneDrive\문서\GitHub\250531\Client\Engine\private\MaterialMgr.cpp(114,25): warning C4267: 'return': 'size_t'에서 'Engine::_uint'(으)로 변환하면서 데이터가 손실될 수 있습니다.
  Mesh.cpp
C:\Users\kkth3\OneDrive\문서\GitHub\250531\Client\Engine\public\Engine_Struct.h(21,14): warning C4251: 'Engine::ObjectConstants::World': 'DirectX::XMFLOAT4X4'에서는 'Engine::ObjectConstants'의 클라이언트에서 DLL 인터페이스를 사용하도록 지정해야 함
  (소스 파일 '../private/Mesh.cpp'을(를) 컴파일하는 중)
      C:\Program Files (x86)\Windows Kits\10\Include\10.0.28000.0\um\DirectXMath.h(964,12):
      'DirectX::XMFLOAT4X4' 선언을 참조하십시오.
  
C:\Users\kkth3\OneDrive\문서\GitHub\250531\Client\Engine\public\Engine_Struct.h(22,14): warning C4251: 'Engine::ObjectConstants::TexTransform': 'DirectX::XMFLOAT4X4'에서는 'Engine::ObjectConstants'의 클라이언트에서 DLL 인터페이스를 사용하도록 지정해야 함
  (소스 파일 '../private/Mesh.cpp'을(를) 컴파일하는 중)
      C:\Program Files (x86)\Windows Kits\10\Include\10.0.28000.0\um\DirectXMath.h(964,12):
      'DirectX::XMFLOAT4X4' 선언을 참조하십시오.
  
C:\Users\kkth3\OneDrive\문서\GitHub\250531\Client\Engine\public\Engine_Struct.h(31,21): warning C4251: 'Engine::Light::Strength': 'DirectX::XMFLOAT3'에서는 'Engine::Light'의 클라이언트에서 DLL 인터페이스를 사용하도록 지정해야 함
  (소스 파일 '../private/Mesh.cpp'을(를) 컴파일하는 중)
      C:\Program Files (x86)\Windows Kits\10\Include\10.0.28000.0\um\DirectXMath.h(661,12):
      'DirectX::XMFLOAT3' 선언을 참조하십시오.
  
C:\Users\kkth3\OneDrive\문서\GitHub\250531\Client\Engine\public\Engine_Struct.h(33,21): warning C4251: 'Engine::Light::Direction': 'DirectX::XMFLOAT3'에서는 'Engine::Light'의 클라이언트에서 DLL 인터페이스를 사용하도록 지정해야 함
  (소스 파일 '../private/Mesh.cpp'을(를) 컴파일하는 중)
      C:\Program Files (x86)\Windows Kits\10\Include\10.0.28000.0\um\DirectXMath.h(661,12):
      'DirectX::XMFLOAT3' 선언을 참조하십시오.
  
C:\Users\kkth3\OneDrive\문서\GitHub\250531\Client\Engine\public\Engine_Struct.h(35,21): warning C4251: 'Engine::Light::Position': 'DirectX::XMFLOAT3'에서는 'Engine::Light'의 클라이언트에서 DLL 인터페이스를 사용하도록 지정해야 함
  (소스 파일 '../private/Mesh.cpp'을(를) 컴파일하는 중)
      C:\Program Files (x86)\Windows Kits\10\Include\10.0.28000.0\um\DirectXMath.h(661,12):
      'DirectX::XMFLOAT3' 선언을 참조하십시오.
  
C:\Users\kkth3\OneDrive\문서\GitHub\250531\Client\Engine\public\Engine_Struct.h(41,23): warning C4251: 'Engine::PassConstants::View': 'DirectX::XMFLOAT4X4'에서는 'Engine::PassConstants'의 클라이언트에서 DLL 인터페이스를 사용하도록 지정해야 함
  (소스 파일 '../private/Mesh.cpp'을(를) 컴파일하는 중)
      C:\Program Files (x86)\Windows Kits\10\Include\10.0.28000.0\um\DirectXMath.h(964,12):
      'DirectX::XMFLOAT4X4' 선언을 참조하십시오.
  
C:\Users\kkth3\OneDrive\문서\GitHub\250531\Client\Engine\public\Engine_Struct.h(42,23): warning C4251: 'Engine::PassConstants::InvView': 'DirectX::XMFLOAT4X4'에서는 'Engine::PassConstants'의 클라이언트에서 DLL 인터페이스를 사용하도록 지정해야 함
  (소스 파일 '../private/Mesh.cpp'을(를) 컴파일하는 중)
      C:\Program Files (x86)\Windows Kits\10\Include\10.0.28000.0\um\DirectXMath.h(964,12):
      'DirectX::XMFLOAT4X4' 선언을 참조하십시오.
  
C:\Users\kkth3\OneDrive\문서\GitHub\250531\Client\Engine\public\Engine_Struct.h(43,23): warning C4251: 'Engine::PassConstants::Proj': 'DirectX::XMFLOAT4X4'에서는 'Engine::PassConstants'의 클라이언트에서 DLL 인터페이스를 사용하도록 지정해야 함
  (소스 파일 '../private/Mesh.cpp'을(를) 컴파일하는 중)
      C:\Program Files (x86)\Windows Kits\10\Include\10.0.28000.0\um\DirectXMath.h(964,12):
      'DirectX::XMFLOAT4X4' 선언을 참조하십시오.
  
C:\Users\kkth3\OneDrive\문서\GitHub\250531\Client\Engine\public\Engine_Struct.h(44,23): warning C4251: 'Engine::PassConstants::InvProj': 'DirectX::XMFLOAT4X4'에서는 'Engine::PassConstants'의 클라이언트에서 DLL 인터페이스를 사용하도록 지정해야 함
  (소스 파일 '../private/Mesh.cpp'을(를) 컴파일하는 중)
      C:\Program Files (x86)\Windows Kits\10\Include\10.0.28000.0\um\DirectXMath.h(964,12):
      'DirectX::XMFLOAT4X4' 선언을 참조하십시오.
  
C:\Users\kkth3\OneDrive\문서\GitHub\250531\Client\Engine\public\Engine_Struct.h(45,23): warning C4251: 'Engine::PassConstants::ViewProj': 'DirectX::XMFLOAT4X4'에서는 'Engine::PassConstants'의 클라이언트에서 DLL 인터페이스를 사용하도록 지정해야 함
  (소스 파일 '../private/Mesh.cpp'을(를) 컴파일하는 중)
      C:\Program Files (x86)\Windows Kits\10\Include\10.0.28000.0\um\DirectXMath.h(964,12):
      'DirectX::XMFLOAT4X4' 선언을 참조하십시오.
  
C:\Users\kkth3\OneDrive\문서\GitHub\250531\Client\Engine\public\Engine_Struct.h(46,23): warning C4251: 'Engine::PassConstants::InvViewProj': 'DirectX::XMFLOAT4X4'에서는 'Engine::PassConstants'의 클라이언트에서 DLL 인터페이스를 사용하도록 지정해야 함
  (소스 파일 '../private/Mesh.cpp'을(를) 컴파일하는 중)
      C:\Program Files (x86)\Windows Kits\10\Include\10.0.28000.0\um\DirectXMath.h(964,12):
      'DirectX::XMFLOAT4X4' 선언을 참조하십시오.
  
C:\Users\kkth3\OneDrive\문서\GitHub\250531\Client\Engine\public\Engine_Struct.h(47,23): warning C4251: 'Engine::PassConstants::ShadowTransform': 'DirectX::XMFLOAT4X4'에서는 'Engine::PassConstants'의 클라이언트에서 DLL 인터페이스를 사용하도록 지정해야 함
  (소스 파일 '../private/Mesh.cpp'을(를) 컴파일하는 중)
      C:\Program Files (x86)\Windows Kits\10\Include\10.0.28000.0\um\DirectXMath.h(964,12):
      'DirectX::XMFLOAT4X4' 선언을 참조하십시오.
  
C:\Users\kkth3\OneDrive\문서\GitHub\250531\Client\Engine\public\Engine_Struct.h(48,21): warning C4251: 'Engine::PassConstants::EyePosW': 'DirectX::XMFLOAT3'에서는 'Engine::PassConstants'의 클라이언트에서 DLL 인터페이스를 사용하도록 지정해야 함
  (소스 파일 '../private/Mesh.cpp'을(를) 컴파일하는 중)
      C:\Program Files (x86)\Windows Kits\10\Include\10.0.28000.0\um\DirectXMath.h(661,12):
      'DirectX::XMFLOAT3' 선언을 참조하십시오.
  
C:\Users\kkth3\OneDrive\문서\GitHub\250531\Client\Engine\public\Engine_Struct.h(50,21): warning C4251: 'Engine::PassConstants::RenderTargetSize': 'DirectX::XMFLOAT2'에서는 'Engine::PassConstants'의 클라이언트에서 DLL 인터페이스를 사용하도록 지정해야 함
  (소스 파일 '../private/Mesh.cpp'을(를) 컴파일하는 중)
      C:\Program Files (x86)\Windows Kits\10\Include\10.0.28000.0\um\DirectXMath.h(584,12):
      'DirectX::XMFLOAT2' 선언을 참조하십시오.
  
C:\Users\kkth3\OneDrive\문서\GitHub\250531\Client\Engine\public\Engine_Struct.h(51,21): warning C4251: 'Engine::PassConstants::InvRenderTargetSize': 'DirectX::XMFLOAT2'에서는 'Engine::PassConstants'의 클라이언트에서 DLL 인터페이스를 사용하도록 지정해야 함
  (소스 파일 '../private/Mesh.cpp'을(를) 컴파일하는 중)
      C:\Program Files (x86)\Windows Kits\10\Include\10.0.28000.0\um\DirectXMath.h(584,12):
      'DirectX::XMFLOAT2' 선언을 참조하십시오.
  
C:\Users\kkth3\OneDrive\문서\GitHub\250531\Client\Engine\public\Engine_Struct.h(57,21): warning C4251: 'Engine::PassConstants::AmbientLight': 'DirectX::XMFLOAT4'에서는 'Engine::PassConstants'의 클라이언트에서 DLL 인터페이스를 사용하도록 지정해야 함
  (소스 파일 '../private/Mesh.cpp'을(를) 컴파일하는 중)
      C:\Program Files (x86)\Windows Kits\10\Include\10.0.28000.0\um\DirectXMath.h(736,12):
      'DirectX::XMFLOAT4' 선언을 참조하십시오.
  
C:\Users\kkth3\OneDrive\문서\GitHub\250531\Client\Engine\public\Engine_Struct.h(86,21): warning C4251: 'Engine::MaterialConstants::DiffuseAlbedo': 'DirectX::XMFLOAT4'에서는 'Engine::MaterialConstants'의 클라이언트에서 DLL 인터페이스를 사용하도록 지정해야 함
  (소스 파일 '../private/Mesh.cpp'을(를) 컴파일하는 중)
      C:\Program Files (x86)\Windows Kits\10\Include\10.0.28000.0\um\DirectXMath.h(736,12):
      'DirectX::XMFLOAT4' 선언을 참조하십시오.
  
C:\Users\kkth3\OneDrive\문서\GitHub\250531\Client\Engine\public\Engine_Struct.h(87,21): warning C4251: 'Engine::MaterialConstants::FresnelR0': 'DirectX::XMFLOAT3'에서는 'Engine::MaterialConstants'의 클라이언트에서 DLL 인터페이스를 사용하도록 지정해야 함
  (소스 파일 '../private/Mesh.cpp'을(를) 컴파일하는 중)
      C:\Program Files (x86)\Windows Kits\10\Include\10.0.28000.0\um\DirectXMath.h(661,12):
      'DirectX::XMFLOAT3' 선언을 참조하십시오.
  
C:\Users\kkth3\OneDrive\문서\GitHub\250531\Client\Engine\public\Engine_Struct.h(89,23): warning C4251: 'Engine::MaterialConstants::MatTransform': 'DirectX::XMFLOAT4X4'에서는 'Engine::MaterialConstants'의 클라이언트에서 DLL 인터페이스를 사용하도록 지정해야 함
  (소스 파일 '../private/Mesh.cpp'을(를) 컴파일하는 중)
      C:\Program Files (x86)\Windows Kits\10\Include\10.0.28000.0\um\DirectXMath.h(964,12):
      'DirectX::XMFLOAT4X4' 선언을 참조하십시오.
  
C:\Users\kkth3\OneDrive\문서\GitHub\250531\Client\Engine\public\Engine_Struct.h(94,21): warning C4251: 'Engine::MaterialData::DiffuseAlbedo': 'DirectX::XMFLOAT4'에서는 'Engine::MaterialData'의 클라이언트에서 DLL 인터페이스를 사용하도록 지정해야 함
  (소스 파일 '../private/Mesh.cpp'을(를) 컴파일하는 중)
      C:\Program Files (x86)\Windows Kits\10\Include\10.0.28000.0\um\DirectXMath.h(736,12):
      'DirectX::XMFLOAT4' 선언을 참조하십시오.
  
C:\Users\kkth3\OneDrive\문서\GitHub\250531\Client\Engine\public\Engine_Struct.h(95,21): warning C4251: 'Engine::MaterialData::FresnelR0': 'DirectX::XMFLOAT3'에서는 'Engine::MaterialData'의 클라이언트에서 DLL 인터페이스를 사용하도록 지정해야 함
  (소스 파일 '../private/Mesh.cpp'을(를) 컴파일하는 중)
      C:\Program Files (x86)\Windows Kits\10\Include\10.0.28000.0\um\DirectXMath.h(661,12):
      'DirectX::XMFLOAT3' 선언을 참조하십시오.
  
C:\Users\kkth3\OneDrive\문서\GitHub\250531\Client\Engine\public\Engine_Struct.h(99,23): warning C4251: 'Engine::MaterialData::MatTransform': 'DirectX::XMFLOAT4X4'에서는 'Engine::MaterialData'의 클라이언트에서 DLL 인터페이스를 사용하도록 지정해야 함
  (소스 파일 '../private/Mesh.cpp'을(를) 컴파일하는 중)
      C:\Program Files (x86)\Windows Kits\10\Include\10.0.28000.0\um\DirectXMath.h(964,12):
      'DirectX::XMFLOAT4X4' 선언을 참조하십시오.
  
C:\Users\kkth3\OneDrive\문서\GitHub\250531\Client\Engine\public\Engine_Struct.h(113,14): warning C4251: 'Engine::InstanceData::World': 'DirectX::XMFLOAT4X4'에서는 'Engine::InstanceData'의 클라이언트에서 DLL 인터페이스를 사용하도록 지정해야 함
  (소스 파일 '../private/Mesh.cpp'을(를) 컴파일하는 중)
      C:\Program Files (x86)\Windows Kits\10\Include\10.0.28000.0\um\DirectXMath.h(964,12):
      'DirectX::XMFLOAT4X4' 선언을 참조하십시오.
  
C:\Users\kkth3\OneDrive\문서\GitHub\250531\Client\Engine\public\Engine_Struct.h(142,13): warning C4251: 'Engine::tagVertex_Position::vPosition': 'DirectX::XMFLOAT3'에서는 'Engine::tagVertex_Position'의 클라이언트에서 DLL 인터페이스를 사용하도록 지정해야 함
  (소스 파일 '../private/Mesh.cpp'을(를) 컴파일하는 중)
      C:\Program Files (x86)\Windows Kits\10\Include\10.0.28000.0\um\DirectXMath.h(661,12):
      'DirectX::XMFLOAT3' 선언을 참조하십시오.
  
C:\Users\kkth3\OneDrive\문서\GitHub\250531\Client\Engine\public\Engine_Struct.h(151,13): warning C4251: 'Engine::tagVertex_Position_Normal::vPosition': 'DirectX::XMFLOAT3'에서는 'Engine::tagVertex_Position_Normal'의 클라이언트에서 DLL 인터페이스를 사용하도록 지정해야 함
  (소스 파일 '../private/Mesh.cpp'을(를) 컴파일하는 중)
      C:\Program Files (x86)\Windows Kits\10\Include\10.0.28000.0\um\DirectXMath.h(661,12):
      'DirectX::XMFLOAT3' 선언을 참조하십시오.
  
C:\Users\kkth3\OneDrive\문서\GitHub\250531\Client\Engine\public\Engine_Struct.h(152,13): warning C4251: 'Engine::tagVertex_Position_Normal::vNormal': 'DirectX::XMFLOAT3'에서는 'Engine::tagVertex_Position_Normal'의 클라이언트에서 DLL 인터페이스를 사용하도록 지정해야 함
  (소스 파일 '../private/Mesh.cpp'을(를) 컴파일하는 중)
      C:\Program Files (x86)\Windows Kits\10\Include\10.0.28000.0\um\DirectXMath.h(661,12):
      'DirectX::XMFLOAT3' 선언을 참조하십시오.
  
C:\Users\kkth3\OneDrive\문서\GitHub\250531\Client\Engine\public\Engine_Struct.h(161,13): warning C4251: 'Engine::tagVertex_Position_Texcoord::vPosition': 'DirectX::XMFLOAT3'에서는 'Engine::tagVertex_Position_Texcoord'의 클라이언트에서 DLL 인터페이스를 사용하도록 지정해야 함
  (소스 파일 '../private/Mesh.cpp'을(를) 컴파일하는 중)
      C:\Program Files (x86)\Windows Kits\10\Include\10.0.28000.0\um\DirectXMath.h(661,12):
      'DirectX::XMFLOAT3' 선언을 참조하십시오.
  
C:\Users\kkth3\OneDrive\문서\GitHub\250531\Client\Engine\public\Engine_Struct.h(162,13): warning C4251: 'Engine::tagVertex_Position_Texcoord::vTexcoord': 'DirectX::XMFLOAT2'에서는 'Engine::tagVertex_Position_Texcoord'의 클라이언트에서 DLL 인터페이스를 사용하도록 지정해야 함
  (소스 파일 '../private/Mesh.cpp'을(를) 컴파일하는 중)
      C:\Program Files (x86)\Windows Kits\10\Include\10.0.28000.0\um\DirectXMath.h(584,12):
      'DirectX::XMFLOAT2' 선언을 참조하십시오.
  
C:\Users\kkth3\OneDrive\문서\GitHub\250531\Client\Engine\public\Engine_Struct.h(171,13): warning C4251: 'Engine::tagVertex_Position_Normal_Texcoord::vPosition': 'DirectX::XMFLOAT3'에서는 'Engine::tagVertex_Position_Normal_Texcoord'의 클라이언트에서 DLL 인터페이스를 사용하도록 지정해야 함
  (소스 파일 '../private/Mesh.cpp'을(를) 컴파일하는 중)
      C:\Program Files (x86)\Windows Kits\10\Include\10.0.28000.0\um\DirectXMath.h(661,12):
      'DirectX::XMFLOAT3' 선언을 참조하십시오.
  
C:\Users\kkth3\OneDrive\문서\GitHub\250531\Client\Engine\public\Engine_Struct.h(172,13): warning C4251: 'Engine::tagVertex_Position_Normal_Texcoord::vNormal': 'DirectX::XMFLOAT3'에서는 'Engine::tagVertex_Position_Normal_Texcoord'의 클라이언트에서 DLL 인터페이스를 사용하도록 지정해야 함
  (소스 파일 '../private/Mesh.cpp'을(를) 컴파일하는 중)
      C:\Program Files (x86)\Windows Kits\10\Include\10.0.28000.0\um\DirectXMath.h(661,12):
      'DirectX::XMFLOAT3' 선언을 참조하십시오.
  
C:\Users\kkth3\OneDrive\문서\GitHub\250531\Client\Engine\public\Engine_Struct.h(173,13): warning C4251: 'Engine::tagVertex_Position_Normal_Texcoord::vTexcoord': 'DirectX::XMFLOAT2'에서는 'Engine::tagVertex_Position_Normal_Texcoord'의 클라이언트에서 DLL 인터페이스를 사용하도록 지정해야 함
  (소스 파일 '../private/Mesh.cpp'을(를) 컴파일하는 중)
      C:\Program Files (x86)\Windows Kits\10\Include\10.0.28000.0\um\DirectXMath.h(584,12):
      'DirectX::XMFLOAT2' 선언을 참조하십시오.
  
C:\Users\kkth3\OneDrive\문서\GitHub\250531\Client\Engine\public\Engine_Struct.h(182,13): warning C4251: 'Engine::tagVertex_Position_Cube_Texcoord::vPosition': 'DirectX::XMFLOAT3'에서는 'Engine::tagVertex_Position_Cube_Texcoord'의 클라이언트에서 DLL 인터페이스를 사용하도록 지정해야 함
  (소스 파일 '../private/Mesh.cpp'을(를) 컴파일하는 중)
      C:\Program Files (x86)\Windows Kits\10\Include\10.0.28000.0\um\DirectXMath.h(661,12):
      'DirectX::XMFLOAT3' 선언을 참조하십시오.
  
C:\Users\kkth3\OneDrive\문서\GitHub\250531\Client\Engine\public\Engine_Struct.h(183,13): warning C4251: 'Engine::tagVertex_Position_Cube_Texcoord::vTexcoord': 'DirectX::XMFLOAT3'에서는 'Engine::tagVertex_Position_Cube_Texcoord'의 클라이언트에서 DLL 인터페이스를 사용하도록 지정해야 함
  (소스 파일 '../private/Mesh.cpp'을(를) 컴파일하는 중)
      C:\Program Files (x86)\Windows Kits\10\Include\10.0.28000.0\um\DirectXMath.h(661,12):
      'DirectX::XMFLOAT3' 선언을 참조하십시오.
  
C:\Users\kkth3\OneDrive\문서\GitHub\250531\Client\Engine\public\Engine_Struct.h(192,13): warning C4251: 'Engine::tagVertex_Mesh::vPosition': 'DirectX::XMFLOAT3'에서는 'Engine::tagVertex_Mesh'의 클라이언트에서 DLL 인터페이스를 사용하도록 지정해야 함
  (소스 파일 '../private/Mesh.cpp'을(를) 컴파일하는 중)
      C:\Program Files (x86)\Windows Kits\10\Include\10.0.28000.0\um\DirectXMath.h(661,12):
      'DirectX::XMFLOAT3' 선언을 참조하십시오.
  
C:\Users\kkth3\OneDrive\문서\GitHub\250531\Client\Engine\public\Engine_Struct.h(193,13): warning C4251: 'Engine::tagVertex_Mesh::vNormal': 'DirectX::XMFLOAT3'에서는 'Engine::tagVertex_Mesh'의 클라이언트에서 DLL 인터페이스를 사용하도록 지정해야 함
  (소스 파일 '../private/Mesh.cpp'을(를) 컴파일하는 중)
      C:\Program Files (x86)\Windows Kits\10\Include\10.0.28000.0\um\DirectXMath.h(661,12):
      'DirectX::XMFLOAT3' 선언을 참조하십시오.
  
C:\Users\kkth3\OneDrive\문서\GitHub\250531\Client\Engine\public\Engine_Struct.h(194,13): warning C4251: 'Engine::tagVertex_Mesh::vTexcoord': 'DirectX::XMFLOAT2'에서는 'Engine::tagVertex_Mesh'의 클라이언트에서 DLL 인터페이스를 사용하도록 지정해야 함
  (소스 파일 '../private/Mesh.cpp'을(를) 컴파일하는 중)
      C:\Program Files (x86)\Windows Kits\10\Include\10.0.28000.0\um\DirectXMath.h(584,12):
      'DirectX::XMFLOAT2' 선언을 참조하십시오.
  
C:\Users\kkth3\OneDrive\문서\GitHub\250531\Client\Engine\public\Engine_Struct.h(195,13): warning C4251: 'Engine::tagVertex_Mesh::vTangent': 'DirectX::XMFLOAT3'에서는 'Engine::tagVertex_Mesh'의 클라이언트에서 DLL 인터페이스를 사용하도록 지정해야 함
  (소스 파일 '../private/Mesh.cpp'을(를) 컴파일하는 중)
      C:\Program Files (x86)\Windows Kits\10\Include\10.0.28000.0\um\DirectXMath.h(661,12):
      'DirectX::XMFLOAT3' 선언을 참조하십시오.
  
C:\Users\kkth3\OneDrive\문서\GitHub\250531\Client\Engine\public\Engine_Struct.h(204,13): warning C4251: 'Engine::tagVertex_Anim_Mesh::vPosition': 'DirectX::XMFLOAT3'에서는 'Engine::tagVertex_Anim_Mesh'의 클라이언트에서 DLL 인터페이스를 사용하도록 지정해야 함
  (소스 파일 '../private/Mesh.cpp'을(를) 컴파일하는 중)
      C:\Program Files (x86)\Windows Kits\10\Include\10.0.28000.0\um\DirectXMath.h(661,12):
      'DirectX::XMFLOAT3' 선언을 참조하십시오.
  
C:\Users\kkth3\OneDrive\문서\GitHub\250531\Client\Engine\public\Engine_Struct.h(205,13): warning C4251: 'Engine::tagVertex_Anim_Mesh::vNormal': 'DirectX::XMFLOAT3'에서는 'Engine::tagVertex_Anim_Mesh'의 클라이언트에서 DLL 인터페이스를 사용하도록 지정해야 함
  (소스 파일 '../private/Mesh.cpp'을(를) 컴파일하는 중)
      C:\Program Files (x86)\Windows Kits\10\Include\10.0.28000.0\um\DirectXMath.h(661,12):
      'DirectX::XMFLOAT3' 선언을 참조하십시오.
  
C:\Users\kkth3\OneDrive\문서\GitHub\250531\Client\Engine\public\Engine_Struct.h(206,13): warning C4251: 'Engine::tagVertex_Anim_Mesh::vTexcoord': 'DirectX::XMFLOAT2'에서는 'Engine::tagVertex_Anim_Mesh'의 클라이언트에서 DLL 인터페이스를 사용하도록 지정해야 함
  (소스 파일 '../private/Mesh.cpp'을(를) 컴파일하는 중)
      C:\Program Files (x86)\Windows Kits\10\Include\10.0.28000.0\um\DirectXMath.h(584,12):
      'DirectX::XMFLOAT2' 선언을 참조하십시오.
  
C:\Users\kkth3\OneDrive\문서\GitHub\250531\Client\Engine\public\Engine_Struct.h(207,13): warning C4251: 'Engine::tagVertex_Anim_Mesh::vTangent': 'DirectX::XMFLOAT3'에서는 'Engine::tagVertex_Anim_Mesh'의 클라이언트에서 DLL 인터페이스를 사용하도록 지정해야 함
  (소스 파일 '../private/Mesh.cpp'을(를) 컴파일하는 중)
      C:\Program Files (x86)\Windows Kits\10\Include\10.0.28000.0\um\DirectXMath.h(661,12):
      'DirectX::XMFLOAT3' 선언을 참조하십시오.
  
C:\Users\kkth3\OneDrive\문서\GitHub\250531\Client\Engine\public\Engine_Struct.h(209,13): warning C4251: 'Engine::tagVertex_Anim_Mesh::vBlendIndices': 'DirectX::XMUINT4'에서는 'Engine::tagVertex_Anim_Mesh'의 클라이언트에서 DLL 인터페이스를 사용하도록 지정해야 함
  (소스 파일 '../private/Mesh.cpp'을(를) 컴파일하는 중)
      C:\Program Files (x86)\Windows Kits\10\Include\10.0.28000.0\um\DirectXMath.h(793,12):
      'DirectX::XMUINT4' 선언을 참조하십시오.
  
C:\Users\kkth3\OneDrive\문서\GitHub\250531\Client\Engine\public\Engine_Struct.h(210,13): warning C4251: 'Engine::tagVertex_Anim_Mesh::vBlendWeights': 'DirectX::XMFLOAT4'에서는 'Engine::tagVertex_Anim_Mesh'의 클라이언트에서 DLL 인터페이스를 사용하도록 지정해야 함
  (소스 파일 '../private/Mesh.cpp'을(를) 컴파일하는 중)
      C:\Program Files (x86)\Windows Kits\10\Include\10.0.28000.0\um\DirectXMath.h(736,12):
      'DirectX::XMFLOAT4' 선언을 참조하십시오.
  
C:\Users\kkth3\OneDrive\문서\GitHub\250531\Client\Engine\public\Model.h(62,16): warning C4251: 'Engine::CModel::m_PivotMatrix': 'DirectX::XMFLOAT4X4'에서는 'Engine::CModel'의 클라이언트에서 DLL 인터페이스를 사용하도록 지정해야 함
  (소스 파일 '../private/Mesh.cpp'을(를) 컴파일하는 중)
      C:\Program Files (x86)\Windows Kits\10\Include\10.0.28000.0\um\DirectXMath.h(964,12):
      'DirectX::XMFLOAT4X4' 선언을 참조하십시오.
  
C:\Users\kkth3\OneDrive\문서\GitHub\250531\Client\Engine\public\Model.h(66,26): warning C4251: 'Engine::CModel::m_Meshes': 'std::vector<Engine::CMesh *,std::allocator<Engine::CMesh *>>'에서는 'Engine::CModel'의 클라이언트에서 DLL 인터페이스를 사용하도록 지정해야 함
  (소스 파일 '../private/Mesh.cpp'을(를) 컴파일하는 중)
      C:\Program Files\Microsoft Visual Studio\2022\Community\VC\Tools\MSVC\14.44.35207\include\vector(442,7):
      'std::vector<Engine::CMesh *,std::allocator<Engine::CMesh *>>' 선언을 참조하십시오.
  
C:\Users\kkth3\OneDrive\문서\GitHub\250531\Client\Engine\public\Model.h(68,26): warning C4251: 'Engine::CModel::m_Bones': 'std::vector<Engine::CBone *,std::allocator<Engine::CBone *>>'에서는 'Engine::CModel'의 클라이언트에서 DLL 인터페이스를 사용하도록 지정해야 함
  (소스 파일 '../private/Mesh.cpp'을(를) 컴파일하는 중)
      C:\Program Files\Microsoft Visual Studio\2022\Community\VC\Tools\MSVC\14.44.35207\include\vector(442,7):
      'std::vector<Engine::CBone *,std::allocator<Engine::CBone *>>' 선언을 참조하십시오.
  
C:\Users\kkth3\OneDrive\문서\GitHub\250531\Client\Engine\public\Transform.h(106,13): warning C4251: 'Engine::CTransform::m_WorldMatrix': 'DirectX::XMFLOAT4X4'에서는 'Engine::CTransform'의 클라이언트에서 DLL 인터페이스를 사용하도록 지정해야 함
  (소스 파일 '../private/Mesh.cpp'을(를) 컴파일하는 중)
      C:\Program Files (x86)\Windows Kits\10\Include\10.0.28000.0\um\DirectXMath.h(964,12):
      'DirectX::XMFLOAT4X4' 선언을 참조하십시오.
  
C:\Users\kkth3\OneDrive\문서\GitHub\250531\Client\Engine\public\GameObject.h(39,43): warning C4251: 'Engine::CGameObject::m_Components': 'std::unordered_map<std::string,Engine::CComponent *,std::hash<std::string>,std::equal_to<std::string>,std::allocator<std::pair<const std::string,Engine::CComponent *>>>'에서는 'Engine::CGameObject'의 클라이언트에서 DLL 인터페이스를 사용하도록 지정해야 함
  (소스 파일 '../private/Mesh.cpp'을(를) 컴파일하는 중)
      C:\Program Files\Microsoft Visual Studio\2022\Community\VC\Tools\MSVC\14.44.35207\include\unordered_map(61,7):
      'std::unordered_map<std::string,Engine::CComponent *,std::hash<std::string>,std::equal_to<std::string>,std::allocator<std::pair<const std::string,Engine::CComponent *>>>' 선언을 참조하십시오.
  
C:\Users\kkth3\OneDrive\문서\GitHub\250531\Client\Engine\public\Renderer.h(34,25): warning C4251: 'Engine::CRenderer::m_vRenderObjects': 'std::vector<Engine::CRenderObject *,std::allocator<Engine::CRenderObject *>>'에서는 'Engine::CRenderer'의 클라이언트에서 DLL 인터페이스를 사용하도록 지정해야 함
  (소스 파일 '../private/Mesh.cpp'을(를) 컴파일하는 중)
      C:\Program Files\Microsoft Visual Studio\2022\Community\VC\Tools\MSVC\14.44.35207\include\vector(442,7):
      'std::vector<Engine::CRenderObject *,std::allocator<Engine::CRenderObject *>>' 선언을 참조하십시오.
  
C:\Users\kkth3\OneDrive\문서\GitHub\250531\Client\Engine\public\VIBuffer_Geos.h(24,50): warning C4251: 'Engine::CVIBuffer_Geos::m_SubMeshInfos': 'std::unordered_map<Engine::CVIBuffer_Geos::BASIC_SUBMESHES,SubmeshGeometry,std::hash<Engine::CVIBuffer_Geos::BASIC_SUBMESHES>,std::equal_to<Engine::CVIBuffer_Geos::BASIC_SUBMESHES>,std::allocator<std::pair<const Engine::CVIBuffer_Geos::BASIC_SUBMESHES,SubmeshGeometry>>>'에서는 'Engine::CVIBuffer_Geos'의 클라이언트에서 DLL 인터페이스를 사용하도록 지정해야 함
  (소스 파일 '../private/Mesh.cpp'을(를) 컴파일하는 중)
      C:\Program Files\Microsoft Visual Studio\2022\Community\VC\Tools\MSVC\14.44.35207\include\unordered_map(61,7):
      'std::unordered_map<Engine::CVIBuffer_Geos::BASIC_SUBMESHES,SubmeshGeometry,std::hash<Engine::CVIBuffer_Geos::BASIC_SUBMESHES>,std::equal_to<Engine::CVIBuffer_Geos::BASIC_SUBMESHES>,std::allocator<std::pair<const Engine::CVIBuffer_Geos::BASIC_SUBMESHES,SubmeshGeometry>>>' 선언을 참조하십시오.
  
C:\Users\kkth3\OneDrive\문서\GitHub\250531\Client\Engine\public\VIBuffer_Terrain.h(72,41): warning C4251: 'Engine::CVIBuffer_Terrain::m_pHeightMap': 'std::shared_ptr<std::vector<float,std::allocator<float>>>'에서는 'Engine::CVIBuffer_Terrain'의 클라이언트에서 DLL 인터페이스를 사용하도록 지정해야 함
  (소스 파일 '../private/Mesh.cpp'을(를) 컴파일하는 중)
      C:\Program Files\Microsoft Visual Studio\2022\Community\VC\Tools\MSVC\14.44.35207\include\memory(1565,7):
      'std::shared_ptr<std::vector<float,std::allocator<float>>>' 선언을 참조하십시오.
  
C:\Users\kkth3\OneDrive\문서\GitHub\250531\Client\Engine\public\VIBuffer_Terrain.h(74,33): warning C4251: 'Engine::CVIBuffer_Terrain::m_Chunks': 'std::vector<Engine::CVIBuffer_Terrain::TERRAINCHUNK,std::allocator<Engine::CVIBuffer_Terrain::TERRAINCHUNK>>'에서는 'Engine::CVIBuffer_Terrain'의 클라이언트에서 DLL 인터페이스를 사용하도록 지정해야 함
  (소스 파일 '../private/Mesh.cpp'을(를) 컴파일하는 중)
      C:\Program Files\Microsoft Visual Studio\2022\Community\VC\Tools\MSVC\14.44.35207\include\vector(442,7):
      'std::vector<Engine::CVIBuffer_Terrain::TERRAINCHUNK,std::allocator<Engine::CVIBuffer_Terrain::TERRAINCHUNK>>' 선언을 참조하십시오.
  
C:\Users\kkth3\OneDrive\문서\GitHub\250531\Client\Engine\public\VIBuffer_Terrain.h(87,33): warning C4251: 'Engine::CVIBuffer_Terrain::m_ChunkLODs': 'std::vector<GeometryGenerator::uint32,std::allocator<GeometryGenerator::uint32>>'에서는 'Engine::CVIBuffer_Terrain'의 클라이언트에서 DLL 인터페이스를 사용하도록 지정해야 함
  (소스 파일 '../private/Mesh.cpp'을(를) 컴파일하는 중)
      C:\Program Files\Microsoft Visual Studio\2022\Community\VC\Tools\MSVC\14.44.35207\include\vector(442,7):
      'std::vector<GeometryGenerator::uint32,std::allocator<GeometryGenerator::uint32>>' 선언을 참조하십시오.
  
C:\Users\kkth3\OneDrive\문서\GitHub\250531\Client\Engine\public\VIBuffer_Terrain.h(89,33): warning C4251: 'Engine::CVIBuffer_Terrain::m_FrustumPlanes': 'DirectX::XMFLOAT4'에서는 'Engine::CVIBuffer_Terrain'의 클라이언트에서 DLL 인터페이스를 사용하도록 지정해야 함
  (소스 파일 '../private/Mesh.cpp'을(를) 컴파일하는 중)
      C:\Program Files (x86)\Windows Kits\10\Include\10.0.28000.0\um\DirectXMath.h(736,12):
      'DirectX::XMFLOAT4' 선언을 참조하십시오.
  
C:\Users\kkth3\OneDrive\문서\GitHub\250531\Client\Engine\public\CBBinding.h(26,54): warning C4244: '=': 'Engine::_uint'에서 'float'(으)로 변환하면서 데이터가 손실될 수 있습니다.
  (소스 파일 '../private/Mesh.cpp'을(를) 컴파일하는 중)
  
C:\Users\kkth3\OneDrive\문서\GitHub\250531\Client\Engine\public\MeshModel.h(33,35): warning C4251: 'Engine::CMeshModel::m_Meshes': 'std::vector<Engine::CVIBuffer_Mesh *,std::allocator<Engine::CVIBuffer_Mesh *>>'에서는 'Engine::CMeshModel'의 클라이언트에서 DLL 인터페이스를 사용하도록 지정해야 함
  (소스 파일 '../private/Mesh.cpp'을(를) 컴파일하는 중)
      C:\Program Files\Microsoft Visual Studio\2022\Community\VC\Tools\MSVC\14.44.35207\include\vector(442,7):
      'std::vector<Engine::CVIBuffer_Mesh *,std::allocator<Engine::CVIBuffer_Mesh *>>' 선언을 참조하십시오.
  
C:\Users\kkth3\OneDrive\문서\GitHub\250531\Client\Engine\public\RootSignatureMgr.h(29,54): warning C4251: 'Engine::CRootSignatureMgr::mRootSignatures': 'std::unordered_map<std::string,Engine::CRootSignature *,std::hash<std::string>,std::equal_to<std::string>,std::allocator<std::pair<const std::string,Engine::CRootSignature *>>>'에서는 'Engine::CRootSignatureMgr'의 클라이언트에서 DLL 인터페이스를 사용하도록 지정해야 함
  (소스 파일 '../private/Mesh.cpp'을(를) 컴파일하는 중)
      C:\Program Files\Microsoft Visual Studio\2022\Community\VC\Tools\MSVC\14.44.35207\include\unordered_map(61,7):
      'std::unordered_map<std::string,Engine::CRootSignature *,std::hash<std::string>,std::equal_to<std::string>,std::allocator<std::pair<const std::string,Engine::CRootSignature *>>>' 선언을 참조하십시오.
  
C:\Users\kkth3\OneDrive\문서\GitHub\250531\Client\Engine\public\ObjectMgr.h(53,34): warning C4251: 'Engine::CObjectMgr::m_Layers': 'std::unordered_map<std::string,Engine::CObjectMgr::Layer,std::hash<std::string>,std::equal_to<std::string>,std::allocator<std::pair<const std::string,Engine::CObjectMgr::Layer>>>'에서는 'Engine::CObjectMgr'의 클라이언트에서 DLL 인터페이스를 사용하도록 지정해야 함
  (소스 파일 '../private/Mesh.cpp'을(를) 컴파일하는 중)
      C:\Program Files\Microsoft Visual Studio\2022\Community\VC\Tools\MSVC\14.44.35207\include\unordered_map(61,7):
      'std::unordered_map<std::string,Engine::CObjectMgr::Layer,std::hash<std::string>,std::equal_to<std::string>,std::allocator<std::pair<const std::string,Engine::CObjectMgr::Layer>>>' 선언을 참조하십시오.
  
C:\Users\kkth3\OneDrive\문서\GitHub\250531\Client\Engine\public\ObjectMgr.h(54,41): warning C4251: 'Engine::CObjectMgr::m_Prototypes': 'std::unordered_map<std::string,Engine::CGameObject *,std::hash<std::string>,std::equal_to<std::string>,std::allocator<std::pair<const std::string,Engine::CGameObject *>>>'에서는 'Engine::CObjectMgr'의 클라이언트에서 DLL 인터페이스를 사용하도록 지정해야 함
  (소스 파일 '../private/Mesh.cpp'을(를) 컴파일하는 중)
      C:\Program Files\Microsoft Visual Studio\2022\Community\VC\Tools\MSVC\14.44.35207\include\unordered_map(61,7):
      'std::unordered_map<std::string,Engine::CGameObject *,std::hash<std::string>,std::equal_to<std::string>,std::allocator<std::pair<const std::string,Engine::CGameObject *>>>' 선언을 참조하십시오.
  
C:\Users\kkth3\OneDrive\문서\GitHub\250531\Client\Engine\public\TextureMgr.h(74,32): warning C4251: 'Engine::CTextureMgr::hDescriptor': 'CD3DX12_CPU_DESCRIPTOR_HANDLE'에서는 'Engine::CTextureMgr'의 클라이언트에서 DLL 인터페이스를 사용하도록 지정해야 함
  (소스 파일 '../private/Mesh.cpp'을(를) 컴파일하는 중)
      C:\Users\kkth3\OneDrive\문서\GitHub\250531\Client\Engine\public\d3dx12.h(1471,8):
      'CD3DX12_CPU_DESCRIPTOR_HANDLE' 선언을 참조하십시오.
  
C:\Users\kkth3\OneDrive\문서\GitHub\250531\Client\Engine\public\TextureMgr.h(78,34): warning C4251: 'Engine::CTextureMgr::m_Textures': 'std::vector<std::pair<std::string,Engine::CTexture *>,std::allocator<std::pair<std::string,Engine::CTexture *>>>'에서는 'Engine::CTextureMgr'의 클라이언트에서 DLL 인터페이스를 사용하도록 지정해야 함
  (소스 파일 '../private/Mesh.cpp'을(를) 컴파일하는 중)
      C:\Program Files\Microsoft Visual Studio\2022\Community\VC\Tools\MSVC\14.44.35207\include\vector(442,7):
      'std::vector<std::pair<std::string,Engine::CTexture *>,std::allocator<std::pair<std::string,Engine::CTexture *>>>' 선언을 참조하십시오.
  
C:\Users\kkth3\OneDrive\문서\GitHub\250531\Client\Engine\public\GameInstance.h(143,12): warning C4251: 'Engine::CGameInstance::m_CameraViewProj': 'DirectX::XMFLOAT4X4'에서는 'Engine::CGameInstance'의 클라이언트에서 DLL 인터페이스를 사용하도록 지정해야 함
  (소스 파일 '../private/Mesh.cpp'을(를) 컴파일하는 중)
      C:\Program Files (x86)\Windows Kits\10\Include\10.0.28000.0\um\DirectXMath.h(964,12):
      'DirectX::XMFLOAT4X4' 선언을 참조하십시오.
  
C:\Users\kkth3\OneDrive\문서\GitHub\250531\Client\Engine\public\GameInstance.h(144,12): warning C4251: 'Engine::CGameInstance::m_ShadowViewProj': 'DirectX::XMFLOAT4X4'에서는 'Engine::CGameInstance'의 클라이언트에서 DLL 인터페이스를 사용하도록 지정해야 함
  (소스 파일 '../private/Mesh.cpp'을(를) 컴파일하는 중)
      C:\Program Files (x86)\Windows Kits\10\Include\10.0.28000.0\um\DirectXMath.h(964,12):
      'DirectX::XMFLOAT4X4' 선언을 참조하십시오.
  
C:\Users\kkth3\OneDrive\문서\GitHub\250531\Client\Engine\public\GameInstance.h(145,11): warning C4251: 'Engine::CGameInstance::m_CameraEye': 'DirectX::XMFLOAT3'에서는 'Engine::CGameInstance'의 클라이언트에서 DLL 인터페이스를 사용하도록 지정해야 함
  (소스 파일 '../private/Mesh.cpp'을(를) 컴파일하는 중)
      C:\Program Files (x86)\Windows Kits\10\Include\10.0.28000.0\um\DirectXMath.h(661,12):
      'DirectX::XMFLOAT3' 선언을 참조하십시오.
  
  MeshModel.cpp
C:\Users\kkth3\OneDrive\문서\GitHub\250531\Client\Engine\Public\Engine_Struct.h(21,14): warning C4251: 'Engine::ObjectConstants::World': 'DirectX::XMFLOAT4X4'에서는 'Engine::ObjectConstants'의 클라이언트에서 DLL 인터페이스를 사용하도록 지정해야 함
  (소스 파일 '../private/MeshModel.cpp'을(를) 컴파일하는 중)
      C:\Program Files (x86)\Windows Kits\10\Include\10.0.28000.0\um\DirectXMath.h(964,12):
      'DirectX::XMFLOAT4X4' 선언을 참조하십시오.
  
C:\Users\kkth3\OneDrive\문서\GitHub\250531\Client\Engine\Public\Engine_Struct.h(22,14): warning C4251: 'Engine::ObjectConstants::TexTransform': 'DirectX::XMFLOAT4X4'에서는 'Engine::ObjectConstants'의 클라이언트에서 DLL 인터페이스를 사용하도록 지정해야 함
  (소스 파일 '../private/MeshModel.cpp'을(를) 컴파일하는 중)
      C:\Program Files (x86)\Windows Kits\10\Include\10.0.28000.0\um\DirectXMath.h(964,12):
      'DirectX::XMFLOAT4X4' 선언을 참조하십시오.
  
C:\Users\kkth3\OneDrive\문서\GitHub\250531\Client\Engine\Public\Engine_Struct.h(31,21): warning C4251: 'Engine::Light::Strength': 'DirectX::XMFLOAT3'에서는 'Engine::Light'의 클라이언트에서 DLL 인터페이스를 사용하도록 지정해야 함
  (소스 파일 '../private/MeshModel.cpp'을(를) 컴파일하는 중)
      C:\Program Files (x86)\Windows Kits\10\Include\10.0.28000.0\um\DirectXMath.h(661,12):
      'DirectX::XMFLOAT3' 선언을 참조하십시오.
  
C:\Users\kkth3\OneDrive\문서\GitHub\250531\Client\Engine\Public\Engine_Struct.h(33,21): warning C4251: 'Engine::Light::Direction': 'DirectX::XMFLOAT3'에서는 'Engine::Light'의 클라이언트에서 DLL 인터페이스를 사용하도록 지정해야 함
  (소스 파일 '../private/MeshModel.cpp'을(를) 컴파일하는 중)
      C:\Program Files (x86)\Windows Kits\10\Include\10.0.28000.0\um\DirectXMath.h(661,12):
      'DirectX::XMFLOAT3' 선언을 참조하십시오.
  
C:\Users\kkth3\OneDrive\문서\GitHub\250531\Client\Engine\Public\Engine_Struct.h(35,21): warning C4251: 'Engine::Light::Position': 'DirectX::XMFLOAT3'에서는 'Engine::Light'의 클라이언트에서 DLL 인터페이스를 사용하도록 지정해야 함
  (소스 파일 '../private/MeshModel.cpp'을(를) 컴파일하는 중)
      C:\Program Files (x86)\Windows Kits\10\Include\10.0.28000.0\um\DirectXMath.h(661,12):
      'DirectX::XMFLOAT3' 선언을 참조하십시오.
  
C:\Users\kkth3\OneDrive\문서\GitHub\250531\Client\Engine\Public\Engine_Struct.h(41,23): warning C4251: 'Engine::PassConstants::View': 'DirectX::XMFLOAT4X4'에서는 'Engine::PassConstants'의 클라이언트에서 DLL 인터페이스를 사용하도록 지정해야 함
  (소스 파일 '../private/MeshModel.cpp'을(를) 컴파일하는 중)
      C:\Program Files (x86)\Windows Kits\10\Include\10.0.28000.0\um\DirectXMath.h(964,12):
      'DirectX::XMFLOAT4X4' 선언을 참조하십시오.
  
C:\Users\kkth3\OneDrive\문서\GitHub\250531\Client\Engine\Public\Engine_Struct.h(42,23): warning C4251: 'Engine::PassConstants::InvView': 'DirectX::XMFLOAT4X4'에서는 'Engine::PassConstants'의 클라이언트에서 DLL 인터페이스를 사용하도록 지정해야 함
  (소스 파일 '../private/MeshModel.cpp'을(를) 컴파일하는 중)
      C:\Program Files (x86)\Windows Kits\10\Include\10.0.28000.0\um\DirectXMath.h(964,12):
      'DirectX::XMFLOAT4X4' 선언을 참조하십시오.
  
C:\Users\kkth3\OneDrive\문서\GitHub\250531\Client\Engine\Public\Engine_Struct.h(43,23): warning C4251: 'Engine::PassConstants::Proj': 'DirectX::XMFLOAT4X4'에서는 'Engine::PassConstants'의 클라이언트에서 DLL 인터페이스를 사용하도록 지정해야 함
  (소스 파일 '../private/MeshModel.cpp'을(를) 컴파일하는 중)
      C:\Program Files (x86)\Windows Kits\10\Include\10.0.28000.0\um\DirectXMath.h(964,12):
      'DirectX::XMFLOAT4X4' 선언을 참조하십시오.
  
C:\Users\kkth3\OneDrive\문서\GitHub\250531\Client\Engine\Public\Engine_Struct.h(44,23): warning C4251: 'Engine::PassConstants::InvProj': 'DirectX::XMFLOAT4X4'에서는 'Engine::PassConstants'의 클라이언트에서 DLL 인터페이스를 사용하도록 지정해야 함
  (소스 파일 '../private/MeshModel.cpp'을(를) 컴파일하는 중)
      C:\Program Files (x86)\Windows Kits\10\Include\10.0.28000.0\um\DirectXMath.h(964,12):
      'DirectX::XMFLOAT4X4' 선언을 참조하십시오.
  
C:\Users\kkth3\OneDrive\문서\GitHub\250531\Client\Engine\Public\Engine_Struct.h(45,23): warning C4251: 'Engine::PassConstants::ViewProj': 'DirectX::XMFLOAT4X4'에서는 'Engine::PassConstants'의 클라이언트에서 DLL 인터페이스를 사용하도록 지정해야 함
  (소스 파일 '../private/MeshModel.cpp'을(를) 컴파일하는 중)
      C:\Program Files (x86)\Windows Kits\10\Include\10.0.28000.0\um\DirectXMath.h(964,12):
      'DirectX::XMFLOAT4X4' 선언을 참조하십시오.
  
C:\Users\kkth3\OneDrive\문서\GitHub\250531\Client\Engine\Public\Engine_Struct.h(46,23): warning C4251: 'Engine::PassConstants::InvViewProj': 'DirectX::XMFLOAT4X4'에서는 'Engine::PassConstants'의 클라이언트에서 DLL 인터페이스를 사용하도록 지정해야 함
  (소스 파일 '../private/MeshModel.cpp'을(를) 컴파일하는 중)
      C:\Program Files (x86)\Windows Kits\10\Include\10.0.28000.0\um\DirectXMath.h(964,12):
      'DirectX::XMFLOAT4X4' 선언을 참조하십시오.
  
C:\Users\kkth3\OneDrive\문서\GitHub\250531\Client\Engine\Public\Engine_Struct.h(47,23): warning C4251: 'Engine::PassConstants::ShadowTransform': 'DirectX::XMFLOAT4X4'에서는 'Engine::PassConstants'의 클라이언트에서 DLL 인터페이스를 사용하도록 지정해야 함
  (소스 파일 '../private/MeshModel.cpp'을(를) 컴파일하는 중)
      C:\Program Files (x86)\Windows Kits\10\Include\10.0.28000.0\um\DirectXMath.h(964,12):
      'DirectX::XMFLOAT4X4' 선언을 참조하십시오.
  
C:\Users\kkth3\OneDrive\문서\GitHub\250531\Client\Engine\Public\Engine_Struct.h(48,21): warning C4251: 'Engine::PassConstants::EyePosW': 'DirectX::XMFLOAT3'에서는 'Engine::PassConstants'의 클라이언트에서 DLL 인터페이스를 사용하도록 지정해야 함
  (소스 파일 '../private/MeshModel.cpp'을(를) 컴파일하는 중)
      C:\Program Files (x86)\Windows Kits\10\Include\10.0.28000.0\um\DirectXMath.h(661,12):
      'DirectX::XMFLOAT3' 선언을 참조하십시오.
  
C:\Users\kkth3\OneDrive\문서\GitHub\250531\Client\Engine\Public\Engine_Struct.h(50,21): warning C4251: 'Engine::PassConstants::RenderTargetSize': 'DirectX::XMFLOAT2'에서는 'Engine::PassConstants'의 클라이언트에서 DLL 인터페이스를 사용하도록 지정해야 함
  (소스 파일 '../private/MeshModel.cpp'을(를) 컴파일하는 중)
      C:\Program Files (x86)\Windows Kits\10\Include\10.0.28000.0\um\DirectXMath.h(584,12):
      'DirectX::XMFLOAT2' 선언을 참조하십시오.
  
C:\Users\kkth3\OneDrive\문서\GitHub\250531\Client\Engine\Public\Engine_Struct.h(51,21): warning C4251: 'Engine::PassConstants::InvRenderTargetSize': 'DirectX::XMFLOAT2'에서는 'Engine::PassConstants'의 클라이언트에서 DLL 인터페이스를 사용하도록 지정해야 함
  (소스 파일 '../private/MeshModel.cpp'을(를) 컴파일하는 중)
      C:\Program Files (x86)\Windows Kits\10\Include\10.0.28000.0\um\DirectXMath.h(584,12):
      'DirectX::XMFLOAT2' 선언을 참조하십시오.
  
C:\Users\kkth3\OneDrive\문서\GitHub\250531\Client\Engine\Public\Engine_Struct.h(57,21): warning C4251: 'Engine::PassConstants::AmbientLight': 'DirectX::XMFLOAT4'에서는 'Engine::PassConstants'의 클라이언트에서 DLL 인터페이스를 사용하도록 지정해야 함
  (소스 파일 '../private/MeshModel.cpp'을(를) 컴파일하는 중)
      C:\Program Files (x86)\Windows Kits\10\Include\10.0.28000.0\um\DirectXMath.h(736,12):
      'DirectX::XMFLOAT4' 선언을 참조하십시오.
  
C:\Users\kkth3\OneDrive\문서\GitHub\250531\Client\Engine\Public\Engine_Struct.h(86,21): warning C4251: 'Engine::MaterialConstants::DiffuseAlbedo': 'DirectX::XMFLOAT4'에서는 'Engine::MaterialConstants'의 클라이언트에서 DLL 인터페이스를 사용하도록 지정해야 함
  (소스 파일 '../private/MeshModel.cpp'을(를) 컴파일하는 중)
      C:\Program Files (x86)\Windows Kits\10\Include\10.0.28000.0\um\DirectXMath.h(736,12):
      'DirectX::XMFLOAT4' 선언을 참조하십시오.
  
C:\Users\kkth3\OneDrive\문서\GitHub\250531\Client\Engine\Public\Engine_Struct.h(87,21): warning C4251: 'Engine::MaterialConstants::FresnelR0': 'DirectX::XMFLOAT3'에서는 'Engine::MaterialConstants'의 클라이언트에서 DLL 인터페이스를 사용하도록 지정해야 함
  (소스 파일 '../private/MeshModel.cpp'을(를) 컴파일하는 중)
      C:\Program Files (x86)\Windows Kits\10\Include\10.0.28000.0\um\DirectXMath.h(661,12):
      'DirectX::XMFLOAT3' 선언을 참조하십시오.
  
C:\Users\kkth3\OneDrive\문서\GitHub\250531\Client\Engine\Public\Engine_Struct.h(89,23): warning C4251: 'Engine::MaterialConstants::MatTransform': 'DirectX::XMFLOAT4X4'에서는 'Engine::MaterialConstants'의 클라이언트에서 DLL 인터페이스를 사용하도록 지정해야 함
  (소스 파일 '../private/MeshModel.cpp'을(를) 컴파일하는 중)
      C:\Program Files (x86)\Windows Kits\10\Include\10.0.28000.0\um\DirectXMath.h(964,12):
      'DirectX::XMFLOAT4X4' 선언을 참조하십시오.
  
C:\Users\kkth3\OneDrive\문서\GitHub\250531\Client\Engine\Public\Engine_Struct.h(94,21): warning C4251: 'Engine::MaterialData::DiffuseAlbedo': 'DirectX::XMFLOAT4'에서는 'Engine::MaterialData'의 클라이언트에서 DLL 인터페이스를 사용하도록 지정해야 함
  (소스 파일 '../private/MeshModel.cpp'을(를) 컴파일하는 중)
      C:\Program Files (x86)\Windows Kits\10\Include\10.0.28000.0\um\DirectXMath.h(736,12):
      'DirectX::XMFLOAT4' 선언을 참조하십시오.
  
C:\Users\kkth3\OneDrive\문서\GitHub\250531\Client\Engine\Public\Engine_Struct.h(95,21): warning C4251: 'Engine::MaterialData::FresnelR0': 'DirectX::XMFLOAT3'에서는 'Engine::MaterialData'의 클라이언트에서 DLL 인터페이스를 사용하도록 지정해야 함
  (소스 파일 '../private/MeshModel.cpp'을(를) 컴파일하는 중)
      C:\Program Files (x86)\Windows Kits\10\Include\10.0.28000.0\um\DirectXMath.h(661,12):
      'DirectX::XMFLOAT3' 선언을 참조하십시오.
  
C:\Users\kkth3\OneDrive\문서\GitHub\250531\Client\Engine\Public\Engine_Struct.h(99,23): warning C4251: 'Engine::MaterialData::MatTransform': 'DirectX::XMFLOAT4X4'에서는 'Engine::MaterialData'의 클라이언트에서 DLL 인터페이스를 사용하도록 지정해야 함
  (소스 파일 '../private/MeshModel.cpp'을(를) 컴파일하는 중)
      C:\Program Files (x86)\Windows Kits\10\Include\10.0.28000.0\um\DirectXMath.h(964,12):
      'DirectX::XMFLOAT4X4' 선언을 참조하십시오.
  
C:\Users\kkth3\OneDrive\문서\GitHub\250531\Client\Engine\Public\Engine_Struct.h(113,14): warning C4251: 'Engine::InstanceData::World': 'DirectX::XMFLOAT4X4'에서는 'Engine::InstanceData'의 클라이언트에서 DLL 인터페이스를 사용하도록 지정해야 함
  (소스 파일 '../private/MeshModel.cpp'을(를) 컴파일하는 중)
      C:\Program Files (x86)\Windows Kits\10\Include\10.0.28000.0\um\DirectXMath.h(964,12):
      'DirectX::XMFLOAT4X4' 선언을 참조하십시오.
  
C:\Users\kkth3\OneDrive\문서\GitHub\250531\Client\Engine\Public\Engine_Struct.h(142,13): warning C4251: 'Engine::tagVertex_Position::vPosition': 'DirectX::XMFLOAT3'에서는 'Engine::tagVertex_Position'의 클라이언트에서 DLL 인터페이스를 사용하도록 지정해야 함
  (소스 파일 '../private/MeshModel.cpp'을(를) 컴파일하는 중)
      C:\Program Files (x86)\Windows Kits\10\Include\10.0.28000.0\um\DirectXMath.h(661,12):
      'DirectX::XMFLOAT3' 선언을 참조하십시오.
  
C:\Users\kkth3\OneDrive\문서\GitHub\250531\Client\Engine\Public\Engine_Struct.h(151,13): warning C4251: 'Engine::tagVertex_Position_Normal::vPosition': 'DirectX::XMFLOAT3'에서는 'Engine::tagVertex_Position_Normal'의 클라이언트에서 DLL 인터페이스를 사용하도록 지정해야 함
  (소스 파일 '../private/MeshModel.cpp'을(를) 컴파일하는 중)
      C:\Program Files (x86)\Windows Kits\10\Include\10.0.28000.0\um\DirectXMath.h(661,12):
      'DirectX::XMFLOAT3' 선언을 참조하십시오.
  
C:\Users\kkth3\OneDrive\문서\GitHub\250531\Client\Engine\Public\Engine_Struct.h(152,13): warning C4251: 'Engine::tagVertex_Position_Normal::vNormal': 'DirectX::XMFLOAT3'에서는 'Engine::tagVertex_Position_Normal'의 클라이언트에서 DLL 인터페이스를 사용하도록 지정해야 함
  (소스 파일 '../private/MeshModel.cpp'을(를) 컴파일하는 중)
      C:\Program Files (x86)\Windows Kits\10\Include\10.0.28000.0\um\DirectXMath.h(661,12):
      'DirectX::XMFLOAT3' 선언을 참조하십시오.
  
C:\Users\kkth3\OneDrive\문서\GitHub\250531\Client\Engine\Public\Engine_Struct.h(161,13): warning C4251: 'Engine::tagVertex_Position_Texcoord::vPosition': 'DirectX::XMFLOAT3'에서는 'Engine::tagVertex_Position_Texcoord'의 클라이언트에서 DLL 인터페이스를 사용하도록 지정해야 함
  (소스 파일 '../private/MeshModel.cpp'을(를) 컴파일하는 중)
      C:\Program Files (x86)\Windows Kits\10\Include\10.0.28000.0\um\DirectXMath.h(661,12):
      'DirectX::XMFLOAT3' 선언을 참조하십시오.
  
C:\Users\kkth3\OneDrive\문서\GitHub\250531\Client\Engine\Public\Engine_Struct.h(162,13): warning C4251: 'Engine::tagVertex_Position_Texcoord::vTexcoord': 'DirectX::XMFLOAT2'에서는 'Engine::tagVertex_Position_Texcoord'의 클라이언트에서 DLL 인터페이스를 사용하도록 지정해야 함
  (소스 파일 '../private/MeshModel.cpp'을(를) 컴파일하는 중)
      C:\Program Files (x86)\Windows Kits\10\Include\10.0.28000.0\um\DirectXMath.h(584,12):
      'DirectX::XMFLOAT2' 선언을 참조하십시오.
  
C:\Users\kkth3\OneDrive\문서\GitHub\250531\Client\Engine\Public\Engine_Struct.h(171,13): warning C4251: 'Engine::tagVertex_Position_Normal_Texcoord::vPosition': 'DirectX::XMFLOAT3'에서는 'Engine::tagVertex_Position_Normal_Texcoord'의 클라이언트에서 DLL 인터페이스를 사용하도록 지정해야 함
  (소스 파일 '../private/MeshModel.cpp'을(를) 컴파일하는 중)
      C:\Program Files (x86)\Windows Kits\10\Include\10.0.28000.0\um\DirectXMath.h(661,12):
      'DirectX::XMFLOAT3' 선언을 참조하십시오.
  
C:\Users\kkth3\OneDrive\문서\GitHub\250531\Client\Engine\Public\Engine_Struct.h(172,13): warning C4251: 'Engine::tagVertex_Position_Normal_Texcoord::vNormal': 'DirectX::XMFLOAT3'에서는 'Engine::tagVertex_Position_Normal_Texcoord'의 클라이언트에서 DLL 인터페이스를 사용하도록 지정해야 함
  (소스 파일 '../private/MeshModel.cpp'을(를) 컴파일하는 중)
      C:\Program Files (x86)\Windows Kits\10\Include\10.0.28000.0\um\DirectXMath.h(661,12):
      'DirectX::XMFLOAT3' 선언을 참조하십시오.
  
C:\Users\kkth3\OneDrive\문서\GitHub\250531\Client\Engine\Public\Engine_Struct.h(173,13): warning C4251: 'Engine::tagVertex_Position_Normal_Texcoord::vTexcoord': 'DirectX::XMFLOAT2'에서는 'Engine::tagVertex_Position_Normal_Texcoord'의 클라이언트에서 DLL 인터페이스를 사용하도록 지정해야 함
  (소스 파일 '../private/MeshModel.cpp'을(를) 컴파일하는 중)
      C:\Program Files (x86)\Windows Kits\10\Include\10.0.28000.0\um\DirectXMath.h(584,12):
      'DirectX::XMFLOAT2' 선언을 참조하십시오.
  
C:\Users\kkth3\OneDrive\문서\GitHub\250531\Client\Engine\Public\Engine_Struct.h(182,13): warning C4251: 'Engine::tagVertex_Position_Cube_Texcoord::vPosition': 'DirectX::XMFLOAT3'에서는 'Engine::tagVertex_Position_Cube_Texcoord'의 클라이언트에서 DLL 인터페이스를 사용하도록 지정해야 함
  (소스 파일 '../private/MeshModel.cpp'을(를) 컴파일하는 중)
      C:\Program Files (x86)\Windows Kits\10\Include\10.0.28000.0\um\DirectXMath.h(661,12):
      'DirectX::XMFLOAT3' 선언을 참조하십시오.
  
C:\Users\kkth3\OneDrive\문서\GitHub\250531\Client\Engine\Public\Engine_Struct.h(183,13): warning C4251: 'Engine::tagVertex_Position_Cube_Texcoord::vTexcoord': 'DirectX::XMFLOAT3'에서는 'Engine::tagVertex_Position_Cube_Texcoord'의 클라이언트에서 DLL 인터페이스를 사용하도록 지정해야 함
  (소스 파일 '../private/MeshModel.cpp'을(를) 컴파일하는 중)
      C:\Program Files (x86)\Windows Kits\10\Include\10.0.28000.0\um\DirectXMath.h(661,12):
      'DirectX::XMFLOAT3' 선언을 참조하십시오.
  
C:\Users\kkth3\OneDrive\문서\GitHub\250531\Client\Engine\Public\Engine_Struct.h(192,13): warning C4251: 'Engine::tagVertex_Mesh::vPosition': 'DirectX::XMFLOAT3'에서는 'Engine::tagVertex_Mesh'의 클라이언트에서 DLL 인터페이스를 사용하도록 지정해야 함
  (소스 파일 '../private/MeshModel.cpp'을(를) 컴파일하는 중)
      C:\Program Files (x86)\Windows Kits\10\Include\10.0.28000.0\um\DirectXMath.h(661,12):
      'DirectX::XMFLOAT3' 선언을 참조하십시오.
  
C:\Users\kkth3\OneDrive\문서\GitHub\250531\Client\Engine\Public\Engine_Struct.h(193,13): warning C4251: 'Engine::tagVertex_Mesh::vNormal': 'DirectX::XMFLOAT3'에서는 'Engine::tagVertex_Mesh'의 클라이언트에서 DLL 인터페이스를 사용하도록 지정해야 함
  (소스 파일 '../private/MeshModel.cpp'을(를) 컴파일하는 중)
      C:\Program Files (x86)\Windows Kits\10\Include\10.0.28000.0\um\DirectXMath.h(661,12):
      'DirectX::XMFLOAT3' 선언을 참조하십시오.
  
C:\Users\kkth3\OneDrive\문서\GitHub\250531\Client\Engine\Public\Engine_Struct.h(194,13): warning C4251: 'Engine::tagVertex_Mesh::vTexcoord': 'DirectX::XMFLOAT2'에서는 'Engine::tagVertex_Mesh'의 클라이언트에서 DLL 인터페이스를 사용하도록 지정해야 함
  (소스 파일 '../private/MeshModel.cpp'을(를) 컴파일하는 중)
      C:\Program Files (x86)\Windows Kits\10\Include\10.0.28000.0\um\DirectXMath.h(584,12):
      'DirectX::XMFLOAT2' 선언을 참조하십시오.
  
C:\Users\kkth3\OneDrive\문서\GitHub\250531\Client\Engine\Public\Engine_Struct.h(195,13): warning C4251: 'Engine::tagVertex_Mesh::vTangent': 'DirectX::XMFLOAT3'에서는 'Engine::tagVertex_Mesh'의 클라이언트에서 DLL 인터페이스를 사용하도록 지정해야 함
  (소스 파일 '../private/MeshModel.cpp'을(를) 컴파일하는 중)
      C:\Program Files (x86)\Windows Kits\10\Include\10.0.28000.0\um\DirectXMath.h(661,12):
      'DirectX::XMFLOAT3' 선언을 참조하십시오.
  
C:\Users\kkth3\OneDrive\문서\GitHub\250531\Client\Engine\Public\Engine_Struct.h(204,13): warning C4251: 'Engine::tagVertex_Anim_Mesh::vPosition': 'DirectX::XMFLOAT3'에서는 'Engine::tagVertex_Anim_Mesh'의 클라이언트에서 DLL 인터페이스를 사용하도록 지정해야 함
  (소스 파일 '../private/MeshModel.cpp'을(를) 컴파일하는 중)
      C:\Program Files (x86)\Windows Kits\10\Include\10.0.28000.0\um\DirectXMath.h(661,12):
      'DirectX::XMFLOAT3' 선언을 참조하십시오.
  
C:\Users\kkth3\OneDrive\문서\GitHub\250531\Client\Engine\Public\Engine_Struct.h(205,13): warning C4251: 'Engine::tagVertex_Anim_Mesh::vNormal': 'DirectX::XMFLOAT3'에서는 'Engine::tagVertex_Anim_Mesh'의 클라이언트에서 DLL 인터페이스를 사용하도록 지정해야 함
  (소스 파일 '../private/MeshModel.cpp'을(를) 컴파일하는 중)
      C:\Program Files (x86)\Windows Kits\10\Include\10.0.28000.0\um\DirectXMath.h(661,12):
      'DirectX::XMFLOAT3' 선언을 참조하십시오.
  
C:\Users\kkth3\OneDrive\문서\GitHub\250531\Client\Engine\Public\Engine_Struct.h(206,13): warning C4251: 'Engine::tagVertex_Anim_Mesh::vTexcoord': 'DirectX::XMFLOAT2'에서는 'Engine::tagVertex_Anim_Mesh'의 클라이언트에서 DLL 인터페이스를 사용하도록 지정해야 함
  (소스 파일 '../private/MeshModel.cpp'을(를) 컴파일하는 중)
      C:\Program Files (x86)\Windows Kits\10\Include\10.0.28000.0\um\DirectXMath.h(584,12):
      'DirectX::XMFLOAT2' 선언을 참조하십시오.
  
C:\Users\kkth3\OneDrive\문서\GitHub\250531\Client\Engine\Public\Engine_Struct.h(207,13): warning C4251: 'Engine::tagVertex_Anim_Mesh::vTangent': 'DirectX::XMFLOAT3'에서는 'Engine::tagVertex_Anim_Mesh'의 클라이언트에서 DLL 인터페이스를 사용하도록 지정해야 함
  (소스 파일 '../private/MeshModel.cpp'을(를) 컴파일하는 중)
      C:\Program Files (x86)\Windows Kits\10\Include\10.0.28000.0\um\DirectXMath.h(661,12):
      'DirectX::XMFLOAT3' 선언을 참조하십시오.
  
C:\Users\kkth3\OneDrive\문서\GitHub\250531\Client\Engine\Public\Engine_Struct.h(209,13): warning C4251: 'Engine::tagVertex_Anim_Mesh::vBlendIndices': 'DirectX::XMUINT4'에서는 'Engine::tagVertex_Anim_Mesh'의 클라이언트에서 DLL 인터페이스를 사용하도록 지정해야 함
  (소스 파일 '../private/MeshModel.cpp'을(를) 컴파일하는 중)
      C:\Program Files (x86)\Windows Kits\10\Include\10.0.28000.0\um\DirectXMath.h(793,12):
      'DirectX::XMUINT4' 선언을 참조하십시오.
  
C:\Users\kkth3\OneDrive\문서\GitHub\250531\Client\Engine\Public\Engine_Struct.h(210,13): warning C4251: 'Engine::tagVertex_Anim_Mesh::vBlendWeights': 'DirectX::XMFLOAT4'에서는 'Engine::tagVertex_Anim_Mesh'의 클라이언트에서 DLL 인터페이스를 사용하도록 지정해야 함
  (소스 파일 '../private/MeshModel.cpp'을(를) 컴파일하는 중)
      C:\Program Files (x86)\Windows Kits\10\Include\10.0.28000.0\um\DirectXMath.h(736,12):
      'DirectX::XMFLOAT4' 선언을 참조하십시오.
  
C:\Users\kkth3\OneDrive\문서\GitHub\250531\Client\Engine\Public\MeshModel.h(33,35): warning C4251: 'Engine::CMeshModel::m_Meshes': 'std::vector<Engine::CVIBuffer_Mesh *,std::allocator<Engine::CVIBuffer_Mesh *>>'에서는 'Engine::CMeshModel'의 클라이언트에서 DLL 인터페이스를 사용하도록 지정해야 함
  (소스 파일 '../private/MeshModel.cpp'을(를) 컴파일하는 중)
      C:\Program Files\Microsoft Visual Studio\2022\Community\VC\Tools\MSVC\14.44.35207\include\vector(442,7):
      'std::vector<Engine::CVIBuffer_Mesh *,std::allocator<Engine::CVIBuffer_Mesh *>>' 선언을 참조하십시오.
  
  Model.cpp
C:\Users\kkth3\OneDrive\문서\GitHub\250531\Client\Engine\Public\Engine_Struct.h(21,14): warning C4251: 'Engine::ObjectConstants::World': 'DirectX::XMFLOAT4X4'에서는 'Engine::ObjectConstants'의 클라이언트에서 DLL 인터페이스를 사용하도록 지정해야 함
  (소스 파일 '../private/Model.cpp'을(를) 컴파일하는 중)
      C:\Program Files (x86)\Windows Kits\10\Include\10.0.28000.0\um\DirectXMath.h(964,12):
      'DirectX::XMFLOAT4X4' 선언을 참조하십시오.
  
C:\Users\kkth3\OneDrive\문서\GitHub\250531\Client\Engine\Public\Engine_Struct.h(22,14): warning C4251: 'Engine::ObjectConstants::TexTransform': 'DirectX::XMFLOAT4X4'에서는 'Engine::ObjectConstants'의 클라이언트에서 DLL 인터페이스를 사용하도록 지정해야 함
  (소스 파일 '../private/Model.cpp'을(를) 컴파일하는 중)
      C:\Program Files (x86)\Windows Kits\10\Include\10.0.28000.0\um\DirectXMath.h(964,12):
      'DirectX::XMFLOAT4X4' 선언을 참조하십시오.
  
C:\Users\kkth3\OneDrive\문서\GitHub\250531\Client\Engine\Public\Engine_Struct.h(31,21): warning C4251: 'Engine::Light::Strength': 'DirectX::XMFLOAT3'에서는 'Engine::Light'의 클라이언트에서 DLL 인터페이스를 사용하도록 지정해야 함
  (소스 파일 '../private/Model.cpp'을(를) 컴파일하는 중)
      C:\Program Files (x86)\Windows Kits\10\Include\10.0.28000.0\um\DirectXMath.h(661,12):
      'DirectX::XMFLOAT3' 선언을 참조하십시오.
  
C:\Users\kkth3\OneDrive\문서\GitHub\250531\Client\Engine\Public\Engine_Struct.h(33,21): warning C4251: 'Engine::Light::Direction': 'DirectX::XMFLOAT3'에서는 'Engine::Light'의 클라이언트에서 DLL 인터페이스를 사용하도록 지정해야 함
  (소스 파일 '../private/Model.cpp'을(를) 컴파일하는 중)
      C:\Program Files (x86)\Windows Kits\10\Include\10.0.28000.0\um\DirectXMath.h(661,12):
      'DirectX::XMFLOAT3' 선언을 참조하십시오.
  
C:\Users\kkth3\OneDrive\문서\GitHub\250531\Client\Engine\Public\Engine_Struct.h(35,21): warning C4251: 'Engine::Light::Position': 'DirectX::XMFLOAT3'에서는 'Engine::Light'의 클라이언트에서 DLL 인터페이스를 사용하도록 지정해야 함
  (소스 파일 '../private/Model.cpp'을(를) 컴파일하는 중)
      C:\Program Files (x86)\Windows Kits\10\Include\10.0.28000.0\um\DirectXMath.h(661,12):
      'DirectX::XMFLOAT3' 선언을 참조하십시오.
  
C:\Users\kkth3\OneDrive\문서\GitHub\250531\Client\Engine\Public\Engine_Struct.h(41,23): warning C4251: 'Engine::PassConstants::View': 'DirectX::XMFLOAT4X4'에서는 'Engine::PassConstants'의 클라이언트에서 DLL 인터페이스를 사용하도록 지정해야 함
  (소스 파일 '../private/Model.cpp'을(를) 컴파일하는 중)
      C:\Program Files (x86)\Windows Kits\10\Include\10.0.28000.0\um\DirectXMath.h(964,12):
      'DirectX::XMFLOAT4X4' 선언을 참조하십시오.
  
C:\Users\kkth3\OneDrive\문서\GitHub\250531\Client\Engine\Public\Engine_Struct.h(42,23): warning C4251: 'Engine::PassConstants::InvView': 'DirectX::XMFLOAT4X4'에서는 'Engine::PassConstants'의 클라이언트에서 DLL 인터페이스를 사용하도록 지정해야 함
  (소스 파일 '../private/Model.cpp'을(를) 컴파일하는 중)
      C:\Program Files (x86)\Windows Kits\10\Include\10.0.28000.0\um\DirectXMath.h(964,12):
      'DirectX::XMFLOAT4X4' 선언을 참조하십시오.
  
C:\Users\kkth3\OneDrive\문서\GitHub\250531\Client\Engine\Public\Engine_Struct.h(43,23): warning C4251: 'Engine::PassConstants::Proj': 'DirectX::XMFLOAT4X4'에서는 'Engine::PassConstants'의 클라이언트에서 DLL 인터페이스를 사용하도록 지정해야 함
  (소스 파일 '../private/Model.cpp'을(를) 컴파일하는 중)
      C:\Program Files (x86)\Windows Kits\10\Include\10.0.28000.0\um\DirectXMath.h(964,12):
      'DirectX::XMFLOAT4X4' 선언을 참조하십시오.
  
C:\Users\kkth3\OneDrive\문서\GitHub\250531\Client\Engine\Public\Engine_Struct.h(44,23): warning C4251: 'Engine::PassConstants::InvProj': 'DirectX::XMFLOAT4X4'에서는 'Engine::PassConstants'의 클라이언트에서 DLL 인터페이스를 사용하도록 지정해야 함
  (소스 파일 '../private/Model.cpp'을(를) 컴파일하는 중)
      C:\Program Files (x86)\Windows Kits\10\Include\10.0.28000.0\um\DirectXMath.h(964,12):
      'DirectX::XMFLOAT4X4' 선언을 참조하십시오.
  
C:\Users\kkth3\OneDrive\문서\GitHub\250531\Client\Engine\Public\Engine_Struct.h(45,23): warning C4251: 'Engine::PassConstants::ViewProj': 'DirectX::XMFLOAT4X4'에서는 'Engine::PassConstants'의 클라이언트에서 DLL 인터페이스를 사용하도록 지정해야 함
  (소스 파일 '../private/Model.cpp'을(를) 컴파일하는 중)
      C:\Program Files (x86)\Windows Kits\10\Include\10.0.28000.0\um\DirectXMath.h(964,12):
      'DirectX::XMFLOAT4X4' 선언을 참조하십시오.
  
C:\Users\kkth3\OneDrive\문서\GitHub\250531\Client\Engine\Public\Engine_Struct.h(46,23): warning C4251: 'Engine::PassConstants::InvViewProj': 'DirectX::XMFLOAT4X4'에서는 'Engine::PassConstants'의 클라이언트에서 DLL 인터페이스를 사용하도록 지정해야 함
  (소스 파일 '../private/Model.cpp'을(를) 컴파일하는 중)
      C:\Program Files (x86)\Windows Kits\10\Include\10.0.28000.0\um\DirectXMath.h(964,12):
      'DirectX::XMFLOAT4X4' 선언을 참조하십시오.
  
C:\Users\kkth3\OneDrive\문서\GitHub\250531\Client\Engine\Public\Engine_Struct.h(47,23): warning C4251: 'Engine::PassConstants::ShadowTransform': 'DirectX::XMFLOAT4X4'에서는 'Engine::PassConstants'의 클라이언트에서 DLL 인터페이스를 사용하도록 지정해야 함
  (소스 파일 '../private/Model.cpp'을(를) 컴파일하는 중)
      C:\Program Files (x86)\Windows Kits\10\Include\10.0.28000.0\um\DirectXMath.h(964,12):
      'DirectX::XMFLOAT4X4' 선언을 참조하십시오.
  
C:\Users\kkth3\OneDrive\문서\GitHub\250531\Client\Engine\Public\Engine_Struct.h(48,21): warning C4251: 'Engine::PassConstants::EyePosW': 'DirectX::XMFLOAT3'에서는 'Engine::PassConstants'의 클라이언트에서 DLL 인터페이스를 사용하도록 지정해야 함
  (소스 파일 '../private/Model.cpp'을(를) 컴파일하는 중)
      C:\Program Files (x86)\Windows Kits\10\Include\10.0.28000.0\um\DirectXMath.h(661,12):
      'DirectX::XMFLOAT3' 선언을 참조하십시오.
  
C:\Users\kkth3\OneDrive\문서\GitHub\250531\Client\Engine\Public\Engine_Struct.h(50,21): warning C4251: 'Engine::PassConstants::RenderTargetSize': 'DirectX::XMFLOAT2'에서는 'Engine::PassConstants'의 클라이언트에서 DLL 인터페이스를 사용하도록 지정해야 함
  (소스 파일 '../private/Model.cpp'을(를) 컴파일하는 중)
      C:\Program Files (x86)\Windows Kits\10\Include\10.0.28000.0\um\DirectXMath.h(584,12):
      'DirectX::XMFLOAT2' 선언을 참조하십시오.
  
C:\Users\kkth3\OneDrive\문서\GitHub\250531\Client\Engine\Public\Engine_Struct.h(51,21): warning C4251: 'Engine::PassConstants::InvRenderTargetSize': 'DirectX::XMFLOAT2'에서는 'Engine::PassConstants'의 클라이언트에서 DLL 인터페이스를 사용하도록 지정해야 함
  (소스 파일 '../private/Model.cpp'을(를) 컴파일하는 중)
      C:\Program Files (x86)\Windows Kits\10\Include\10.0.28000.0\um\DirectXMath.h(584,12):
      'DirectX::XMFLOAT2' 선언을 참조하십시오.
  
C:\Users\kkth3\OneDrive\문서\GitHub\250531\Client\Engine\Public\Engine_Struct.h(57,21): warning C4251: 'Engine::PassConstants::AmbientLight': 'DirectX::XMFLOAT4'에서는 'Engine::PassConstants'의 클라이언트에서 DLL 인터페이스를 사용하도록 지정해야 함
  (소스 파일 '../private/Model.cpp'을(를) 컴파일하는 중)
      C:\Program Files (x86)\Windows Kits\10\Include\10.0.28000.0\um\DirectXMath.h(736,12):
      'DirectX::XMFLOAT4' 선언을 참조하십시오.
  
C:\Users\kkth3\OneDrive\문서\GitHub\250531\Client\Engine\Public\Engine_Struct.h(86,21): warning C4251: 'Engine::MaterialConstants::DiffuseAlbedo': 'DirectX::XMFLOAT4'에서는 'Engine::MaterialConstants'의 클라이언트에서 DLL 인터페이스를 사용하도록 지정해야 함
  (소스 파일 '../private/Model.cpp'을(를) 컴파일하는 중)
      C:\Program Files (x86)\Windows Kits\10\Include\10.0.28000.0\um\DirectXMath.h(736,12):
      'DirectX::XMFLOAT4' 선언을 참조하십시오.
  
C:\Users\kkth3\OneDrive\문서\GitHub\250531\Client\Engine\Public\Engine_Struct.h(87,21): warning C4251: 'Engine::MaterialConstants::FresnelR0': 'DirectX::XMFLOAT3'에서는 'Engine::MaterialConstants'의 클라이언트에서 DLL 인터페이스를 사용하도록 지정해야 함
  (소스 파일 '../private/Model.cpp'을(를) 컴파일하는 중)
      C:\Program Files (x86)\Windows Kits\10\Include\10.0.28000.0\um\DirectXMath.h(661,12):
      'DirectX::XMFLOAT3' 선언을 참조하십시오.
  
C:\Users\kkth3\OneDrive\문서\GitHub\250531\Client\Engine\Public\Engine_Struct.h(89,23): warning C4251: 'Engine::MaterialConstants::MatTransform': 'DirectX::XMFLOAT4X4'에서는 'Engine::MaterialConstants'의 클라이언트에서 DLL 인터페이스를 사용하도록 지정해야 함
  (소스 파일 '../private/Model.cpp'을(를) 컴파일하는 중)
      C:\Program Files (x86)\Windows Kits\10\Include\10.0.28000.0\um\DirectXMath.h(964,12):
      'DirectX::XMFLOAT4X4' 선언을 참조하십시오.
  
C:\Users\kkth3\OneDrive\문서\GitHub\250531\Client\Engine\Public\Engine_Struct.h(94,21): warning C4251: 'Engine::MaterialData::DiffuseAlbedo': 'DirectX::XMFLOAT4'에서는 'Engine::MaterialData'의 클라이언트에서 DLL 인터페이스를 사용하도록 지정해야 함
  (소스 파일 '../private/Model.cpp'을(를) 컴파일하는 중)
      C:\Program Files (x86)\Windows Kits\10\Include\10.0.28000.0\um\DirectXMath.h(736,12):
      'DirectX::XMFLOAT4' 선언을 참조하십시오.
  
C:\Users\kkth3\OneDrive\문서\GitHub\250531\Client\Engine\Public\Engine_Struct.h(95,21): warning C4251: 'Engine::MaterialData::FresnelR0': 'DirectX::XMFLOAT3'에서는 'Engine::MaterialData'의 클라이언트에서 DLL 인터페이스를 사용하도록 지정해야 함
  (소스 파일 '../private/Model.cpp'을(를) 컴파일하는 중)
      C:\Program Files (x86)\Windows Kits\10\Include\10.0.28000.0\um\DirectXMath.h(661,12):
      'DirectX::XMFLOAT3' 선언을 참조하십시오.
  
C:\Users\kkth3\OneDrive\문서\GitHub\250531\Client\Engine\Public\Engine_Struct.h(99,23): warning C4251: 'Engine::MaterialData::MatTransform': 'DirectX::XMFLOAT4X4'에서는 'Engine::MaterialData'의 클라이언트에서 DLL 인터페이스를 사용하도록 지정해야 함
  (소스 파일 '../private/Model.cpp'을(를) 컴파일하는 중)
      C:\Program Files (x86)\Windows Kits\10\Include\10.0.28000.0\um\DirectXMath.h(964,12):
      'DirectX::XMFLOAT4X4' 선언을 참조하십시오.
  
C:\Users\kkth3\OneDrive\문서\GitHub\250531\Client\Engine\Public\Engine_Struct.h(113,14): warning C4251: 'Engine::InstanceData::World': 'DirectX::XMFLOAT4X4'에서는 'Engine::InstanceData'의 클라이언트에서 DLL 인터페이스를 사용하도록 지정해야 함
  (소스 파일 '../private/Model.cpp'을(를) 컴파일하는 중)
      C:\Program Files (x86)\Windows Kits\10\Include\10.0.28000.0\um\DirectXMath.h(964,12):
      'DirectX::XMFLOAT4X4' 선언을 참조하십시오.
  
C:\Users\kkth3\OneDrive\문서\GitHub\250531\Client\Engine\Public\Engine_Struct.h(142,13): warning C4251: 'Engine::tagVertex_Position::vPosition': 'DirectX::XMFLOAT3'에서는 'Engine::tagVertex_Position'의 클라이언트에서 DLL 인터페이스를 사용하도록 지정해야 함
  (소스 파일 '../private/Model.cpp'을(를) 컴파일하는 중)
      C:\Program Files (x86)\Windows Kits\10\Include\10.0.28000.0\um\DirectXMath.h(661,12):
      'DirectX::XMFLOAT3' 선언을 참조하십시오.
  
C:\Users\kkth3\OneDrive\문서\GitHub\250531\Client\Engine\Public\Engine_Struct.h(151,13): warning C4251: 'Engine::tagVertex_Position_Normal::vPosition': 'DirectX::XMFLOAT3'에서는 'Engine::tagVertex_Position_Normal'의 클라이언트에서 DLL 인터페이스를 사용하도록 지정해야 함
  (소스 파일 '../private/Model.cpp'을(를) 컴파일하는 중)
      C:\Program Files (x86)\Windows Kits\10\Include\10.0.28000.0\um\DirectXMath.h(661,12):
      'DirectX::XMFLOAT3' 선언을 참조하십시오.
  
C:\Users\kkth3\OneDrive\문서\GitHub\250531\Client\Engine\Public\Engine_Struct.h(152,13): warning C4251: 'Engine::tagVertex_Position_Normal::vNormal': 'DirectX::XMFLOAT3'에서는 'Engine::tagVertex_Position_Normal'의 클라이언트에서 DLL 인터페이스를 사용하도록 지정해야 함
  (소스 파일 '../private/Model.cpp'을(를) 컴파일하는 중)
      C:\Program Files (x86)\Windows Kits\10\Include\10.0.28000.0\um\DirectXMath.h(661,12):
      'DirectX::XMFLOAT3' 선언을 참조하십시오.
  
C:\Users\kkth3\OneDrive\문서\GitHub\250531\Client\Engine\Public\Engine_Struct.h(161,13): warning C4251: 'Engine::tagVertex_Position_Texcoord::vPosition': 'DirectX::XMFLOAT3'에서는 'Engine::tagVertex_Position_Texcoord'의 클라이언트에서 DLL 인터페이스를 사용하도록 지정해야 함
  (소스 파일 '../private/Model.cpp'을(를) 컴파일하는 중)
      C:\Program Files (x86)\Windows Kits\10\Include\10.0.28000.0\um\DirectXMath.h(661,12):
      'DirectX::XMFLOAT3' 선언을 참조하십시오.
  
C:\Users\kkth3\OneDrive\문서\GitHub\250531\Client\Engine\Public\Engine_Struct.h(162,13): warning C4251: 'Engine::tagVertex_Position_Texcoord::vTexcoord': 'DirectX::XMFLOAT2'에서는 'Engine::tagVertex_Position_Texcoord'의 클라이언트에서 DLL 인터페이스를 사용하도록 지정해야 함
  (소스 파일 '../private/Model.cpp'을(를) 컴파일하는 중)
      C:\Program Files (x86)\Windows Kits\10\Include\10.0.28000.0\um\DirectXMath.h(584,12):
      'DirectX::XMFLOAT2' 선언을 참조하십시오.
  
C:\Users\kkth3\OneDrive\문서\GitHub\250531\Client\Engine\Public\Engine_Struct.h(171,13): warning C4251: 'Engine::tagVertex_Position_Normal_Texcoord::vPosition': 'DirectX::XMFLOAT3'에서는 'Engine::tagVertex_Position_Normal_Texcoord'의 클라이언트에서 DLL 인터페이스를 사용하도록 지정해야 함
  (소스 파일 '../private/Model.cpp'을(를) 컴파일하는 중)
      C:\Program Files (x86)\Windows Kits\10\Include\10.0.28000.0\um\DirectXMath.h(661,12):
      'DirectX::XMFLOAT3' 선언을 참조하십시오.
  
C:\Users\kkth3\OneDrive\문서\GitHub\250531\Client\Engine\Public\Engine_Struct.h(172,13): warning C4251: 'Engine::tagVertex_Position_Normal_Texcoord::vNormal': 'DirectX::XMFLOAT3'에서는 'Engine::tagVertex_Position_Normal_Texcoord'의 클라이언트에서 DLL 인터페이스를 사용하도록 지정해야 함
  (소스 파일 '../private/Model.cpp'을(를) 컴파일하는 중)
      C:\Program Files (x86)\Windows Kits\10\Include\10.0.28000.0\um\DirectXMath.h(661,12):
      'DirectX::XMFLOAT3' 선언을 참조하십시오.
  
C:\Users\kkth3\OneDrive\문서\GitHub\250531\Client\Engine\Public\Engine_Struct.h(173,13): warning C4251: 'Engine::tagVertex_Position_Normal_Texcoord::vTexcoord': 'DirectX::XMFLOAT2'에서는 'Engine::tagVertex_Position_Normal_Texcoord'의 클라이언트에서 DLL 인터페이스를 사용하도록 지정해야 함
  (소스 파일 '../private/Model.cpp'을(를) 컴파일하는 중)
      C:\Program Files (x86)\Windows Kits\10\Include\10.0.28000.0\um\DirectXMath.h(584,12):
      'DirectX::XMFLOAT2' 선언을 참조하십시오.
  
C:\Users\kkth3\OneDrive\문서\GitHub\250531\Client\Engine\Public\Engine_Struct.h(182,13): warning C4251: 'Engine::tagVertex_Position_Cube_Texcoord::vPosition': 'DirectX::XMFLOAT3'에서는 'Engine::tagVertex_Position_Cube_Texcoord'의 클라이언트에서 DLL 인터페이스를 사용하도록 지정해야 함
  (소스 파일 '../private/Model.cpp'을(를) 컴파일하는 중)
      C:\Program Files (x86)\Windows Kits\10\Include\10.0.28000.0\um\DirectXMath.h(661,12):
      'DirectX::XMFLOAT3' 선언을 참조하십시오.
  
C:\Users\kkth3\OneDrive\문서\GitHub\250531\Client\Engine\Public\Engine_Struct.h(183,13): warning C4251: 'Engine::tagVertex_Position_Cube_Texcoord::vTexcoord': 'DirectX::XMFLOAT3'에서는 'Engine::tagVertex_Position_Cube_Texcoord'의 클라이언트에서 DLL 인터페이스를 사용하도록 지정해야 함
  (소스 파일 '../private/Model.cpp'을(를) 컴파일하는 중)
      C:\Program Files (x86)\Windows Kits\10\Include\10.0.28000.0\um\DirectXMath.h(661,12):
      'DirectX::XMFLOAT3' 선언을 참조하십시오.
  
C:\Users\kkth3\OneDrive\문서\GitHub\250531\Client\Engine\Public\Engine_Struct.h(192,13): warning C4251: 'Engine::tagVertex_Mesh::vPosition': 'DirectX::XMFLOAT3'에서는 'Engine::tagVertex_Mesh'의 클라이언트에서 DLL 인터페이스를 사용하도록 지정해야 함
  (소스 파일 '../private/Model.cpp'을(를) 컴파일하는 중)
      C:\Program Files (x86)\Windows Kits\10\Include\10.0.28000.0\um\DirectXMath.h(661,12):
      'DirectX::XMFLOAT3' 선언을 참조하십시오.
  
C:\Users\kkth3\OneDrive\문서\GitHub\250531\Client\Engine\Public\Engine_Struct.h(193,13): warning C4251: 'Engine::tagVertex_Mesh::vNormal': 'DirectX::XMFLOAT3'에서는 'Engine::tagVertex_Mesh'의 클라이언트에서 DLL 인터페이스를 사용하도록 지정해야 함
  (소스 파일 '../private/Model.cpp'을(를) 컴파일하는 중)
      C:\Program Files (x86)\Windows Kits\10\Include\10.0.28000.0\um\DirectXMath.h(661,12):
      'DirectX::XMFLOAT3' 선언을 참조하십시오.
  
C:\Users\kkth3\OneDrive\문서\GitHub\250531\Client\Engine\Public\Engine_Struct.h(194,13): warning C4251: 'Engine::tagVertex_Mesh::vTexcoord': 'DirectX::XMFLOAT2'에서는 'Engine::tagVertex_Mesh'의 클라이언트에서 DLL 인터페이스를 사용하도록 지정해야 함
  (소스 파일 '../private/Model.cpp'을(를) 컴파일하는 중)
      C:\Program Files (x86)\Windows Kits\10\Include\10.0.28000.0\um\DirectXMath.h(584,12):
      'DirectX::XMFLOAT2' 선언을 참조하십시오.
  
C:\Users\kkth3\OneDrive\문서\GitHub\250531\Client\Engine\Public\Engine_Struct.h(195,13): warning C4251: 'Engine::tagVertex_Mesh::vTangent': 'DirectX::XMFLOAT3'에서는 'Engine::tagVertex_Mesh'의 클라이언트에서 DLL 인터페이스를 사용하도록 지정해야 함
  (소스 파일 '../private/Model.cpp'을(를) 컴파일하는 중)
      C:\Program Files (x86)\Windows Kits\10\Include\10.0.28000.0\um\DirectXMath.h(661,12):
      'DirectX::XMFLOAT3' 선언을 참조하십시오.
  
C:\Users\kkth3\OneDrive\문서\GitHub\250531\Client\Engine\Public\Engine_Struct.h(204,13): warning C4251: 'Engine::tagVertex_Anim_Mesh::vPosition': 'DirectX::XMFLOAT3'에서는 'Engine::tagVertex_Anim_Mesh'의 클라이언트에서 DLL 인터페이스를 사용하도록 지정해야 함
  (소스 파일 '../private/Model.cpp'을(를) 컴파일하는 중)
      C:\Program Files (x86)\Windows Kits\10\Include\10.0.28000.0\um\DirectXMath.h(661,12):
      'DirectX::XMFLOAT3' 선언을 참조하십시오.
  
C:\Users\kkth3\OneDrive\문서\GitHub\250531\Client\Engine\Public\Engine_Struct.h(205,13): warning C4251: 'Engine::tagVertex_Anim_Mesh::vNormal': 'DirectX::XMFLOAT3'에서는 'Engine::tagVertex_Anim_Mesh'의 클라이언트에서 DLL 인터페이스를 사용하도록 지정해야 함
  (소스 파일 '../private/Model.cpp'을(를) 컴파일하는 중)
      C:\Program Files (x86)\Windows Kits\10\Include\10.0.28000.0\um\DirectXMath.h(661,12):
      'DirectX::XMFLOAT3' 선언을 참조하십시오.
  
C:\Users\kkth3\OneDrive\문서\GitHub\250531\Client\Engine\Public\Engine_Struct.h(206,13): warning C4251: 'Engine::tagVertex_Anim_Mesh::vTexcoord': 'DirectX::XMFLOAT2'에서는 'Engine::tagVertex_Anim_Mesh'의 클라이언트에서 DLL 인터페이스를 사용하도록 지정해야 함
  (소스 파일 '../private/Model.cpp'을(를) 컴파일하는 중)
      C:\Program Files (x86)\Windows Kits\10\Include\10.0.28000.0\um\DirectXMath.h(584,12):
      'DirectX::XMFLOAT2' 선언을 참조하십시오.
  
C:\Users\kkth3\OneDrive\문서\GitHub\250531\Client\Engine\Public\Engine_Struct.h(207,13): warning C4251: 'Engine::tagVertex_Anim_Mesh::vTangent': 'DirectX::XMFLOAT3'에서는 'Engine::tagVertex_Anim_Mesh'의 클라이언트에서 DLL 인터페이스를 사용하도록 지정해야 함
  (소스 파일 '../private/Model.cpp'을(를) 컴파일하는 중)
      C:\Program Files (x86)\Windows Kits\10\Include\10.0.28000.0\um\DirectXMath.h(661,12):
      'DirectX::XMFLOAT3' 선언을 참조하십시오.
  
C:\Users\kkth3\OneDrive\문서\GitHub\250531\Client\Engine\Public\Engine_Struct.h(209,13): warning C4251: 'Engine::tagVertex_Anim_Mesh::vBlendIndices': 'DirectX::XMUINT4'에서는 'Engine::tagVertex_Anim_Mesh'의 클라이언트에서 DLL 인터페이스를 사용하도록 지정해야 함
  (소스 파일 '../private/Model.cpp'을(를) 컴파일하는 중)
      C:\Program Files (x86)\Windows Kits\10\Include\10.0.28000.0\um\DirectXMath.h(793,12):
      'DirectX::XMUINT4' 선언을 참조하십시오.
  
C:\Users\kkth3\OneDrive\문서\GitHub\250531\Client\Engine\Public\Engine_Struct.h(210,13): warning C4251: 'Engine::tagVertex_Anim_Mesh::vBlendWeights': 'DirectX::XMFLOAT4'에서는 'Engine::tagVertex_Anim_Mesh'의 클라이언트에서 DLL 인터페이스를 사용하도록 지정해야 함
  (소스 파일 '../private/Model.cpp'을(를) 컴파일하는 중)
      C:\Program Files (x86)\Windows Kits\10\Include\10.0.28000.0\um\DirectXMath.h(736,12):
      'DirectX::XMFLOAT4' 선언을 참조하십시오.
  
C:\Users\kkth3\OneDrive\문서\GitHub\250531\Client\Engine\Public\Model.h(62,16): warning C4251: 'Engine::CModel::m_PivotMatrix': 'DirectX::XMFLOAT4X4'에서는 'Engine::CModel'의 클라이언트에서 DLL 인터페이스를 사용하도록 지정해야 함
  (소스 파일 '../private/Model.cpp'을(를) 컴파일하는 중)
      C:\Program Files (x86)\Windows Kits\10\Include\10.0.28000.0\um\DirectXMath.h(964,12):
      'DirectX::XMFLOAT4X4' 선언을 참조하십시오.
  
C:\Users\kkth3\OneDrive\문서\GitHub\250531\Client\Engine\Public\Model.h(66,26): warning C4251: 'Engine::CModel::m_Meshes': 'std::vector<Engine::CMesh *,std::allocator<Engine::CMesh *>>'에서는 'Engine::CModel'의 클라이언트에서 DLL 인터페이스를 사용하도록 지정해야 함
  (소스 파일 '../private/Model.cpp'을(를) 컴파일하는 중)
      C:\Program Files\Microsoft Visual Studio\2022\Community\VC\Tools\MSVC\14.44.35207\include\vector(442,7):
      'std::vector<Engine::CMesh *,std::allocator<Engine::CMesh *>>' 선언을 참조하십시오.
  
C:\Users\kkth3\OneDrive\문서\GitHub\250531\Client\Engine\Public\Model.h(68,26): warning C4251: 'Engine::CModel::m_Bones': 'std::vector<Engine::CBone *,std::allocator<Engine::CBone *>>'에서는 'Engine::CModel'의 클라이언트에서 DLL 인터페이스를 사용하도록 지정해야 함
  (소스 파일 '../private/Model.cpp'을(를) 컴파일하는 중)
      C:\Program Files\Microsoft Visual Studio\2022\Community\VC\Tools\MSVC\14.44.35207\include\vector(442,7):
      'std::vector<Engine::CBone *,std::allocator<Engine::CBone *>>' 선언을 참조하십시오.
  
  ModelBaker.cpp
C:\Users\kkth3\OneDrive\문서\GitHub\250531\Client\Engine\public\Engine_Struct.h(21,14): warning C4251: 'Engine::ObjectConstants::World': 'DirectX::XMFLOAT4X4'에서는 'Engine::ObjectConstants'의 클라이언트에서 DLL 인터페이스를 사용하도록 지정해야 함
  (소스 파일 '../private/ModelBaker.cpp'을(를) 컴파일하는 중)
      C:\Program Files (x86)\Windows Kits\10\Include\10.0.28000.0\um\DirectXMath.h(964,12):
      'DirectX::XMFLOAT4X4' 선언을 참조하십시오.
  
C:\Users\kkth3\OneDrive\문서\GitHub\250531\Client\Engine\public\Engine_Struct.h(22,14): warning C4251: 'Engine::ObjectConstants::TexTransform': 'DirectX::XMFLOAT4X4'에서는 'Engine::ObjectConstants'의 클라이언트에서 DLL 인터페이스를 사용하도록 지정해야 함
  (소스 파일 '../private/ModelBaker.cpp'을(를) 컴파일하는 중)
      C:\Program Files (x86)\Windows Kits\10\Include\10.0.28000.0\um\DirectXMath.h(964,12):
      'DirectX::XMFLOAT4X4' 선언을 참조하십시오.
  
C:\Users\kkth3\OneDrive\문서\GitHub\250531\Client\Engine\public\Engine_Struct.h(31,21): warning C4251: 'Engine::Light::Strength': 'DirectX::XMFLOAT3'에서는 'Engine::Light'의 클라이언트에서 DLL 인터페이스를 사용하도록 지정해야 함
  (소스 파일 '../private/ModelBaker.cpp'을(를) 컴파일하는 중)
      C:\Program Files (x86)\Windows Kits\10\Include\10.0.28000.0\um\DirectXMath.h(661,12):
      'DirectX::XMFLOAT3' 선언을 참조하십시오.
  
C:\Users\kkth3\OneDrive\문서\GitHub\250531\Client\Engine\public\Engine_Struct.h(33,21): warning C4251: 'Engine::Light::Direction': 'DirectX::XMFLOAT3'에서는 'Engine::Light'의 클라이언트에서 DLL 인터페이스를 사용하도록 지정해야 함
  (소스 파일 '../private/ModelBaker.cpp'을(를) 컴파일하는 중)
      C:\Program Files (x86)\Windows Kits\10\Include\10.0.28000.0\um\DirectXMath.h(661,12):
      'DirectX::XMFLOAT3' 선언을 참조하십시오.
  
C:\Users\kkth3\OneDrive\문서\GitHub\250531\Client\Engine\public\Engine_Struct.h(35,21): warning C4251: 'Engine::Light::Position': 'DirectX::XMFLOAT3'에서는 'Engine::Light'의 클라이언트에서 DLL 인터페이스를 사용하도록 지정해야 함
  (소스 파일 '../private/ModelBaker.cpp'을(를) 컴파일하는 중)
      C:\Program Files (x86)\Windows Kits\10\Include\10.0.28000.0\um\DirectXMath.h(661,12):
      'DirectX::XMFLOAT3' 선언을 참조하십시오.
  
C:\Users\kkth3\OneDrive\문서\GitHub\250531\Client\Engine\public\Engine_Struct.h(41,23): warning C4251: 'Engine::PassConstants::View': 'DirectX::XMFLOAT4X4'에서는 'Engine::PassConstants'의 클라이언트에서 DLL 인터페이스를 사용하도록 지정해야 함
  (소스 파일 '../private/ModelBaker.cpp'을(를) 컴파일하는 중)
      C:\Program Files (x86)\Windows Kits\10\Include\10.0.28000.0\um\DirectXMath.h(964,12):
      'DirectX::XMFLOAT4X4' 선언을 참조하십시오.
  
C:\Users\kkth3\OneDrive\문서\GitHub\250531\Client\Engine\public\Engine_Struct.h(42,23): warning C4251: 'Engine::PassConstants::InvView': 'DirectX::XMFLOAT4X4'에서는 'Engine::PassConstants'의 클라이언트에서 DLL 인터페이스를 사용하도록 지정해야 함
  (소스 파일 '../private/ModelBaker.cpp'을(를) 컴파일하는 중)
      C:\Program Files (x86)\Windows Kits\10\Include\10.0.28000.0\um\DirectXMath.h(964,12):
      'DirectX::XMFLOAT4X4' 선언을 참조하십시오.
  
C:\Users\kkth3\OneDrive\문서\GitHub\250531\Client\Engine\public\Engine_Struct.h(43,23): warning C4251: 'Engine::PassConstants::Proj': 'DirectX::XMFLOAT4X4'에서는 'Engine::PassConstants'의 클라이언트에서 DLL 인터페이스를 사용하도록 지정해야 함
  (소스 파일 '../private/ModelBaker.cpp'을(를) 컴파일하는 중)
      C:\Program Files (x86)\Windows Kits\10\Include\10.0.28000.0\um\DirectXMath.h(964,12):
      'DirectX::XMFLOAT4X4' 선언을 참조하십시오.
  
C:\Users\kkth3\OneDrive\문서\GitHub\250531\Client\Engine\public\Engine_Struct.h(44,23): warning C4251: 'Engine::PassConstants::InvProj': 'DirectX::XMFLOAT4X4'에서는 'Engine::PassConstants'의 클라이언트에서 DLL 인터페이스를 사용하도록 지정해야 함
  (소스 파일 '../private/ModelBaker.cpp'을(를) 컴파일하는 중)
      C:\Program Files (x86)\Windows Kits\10\Include\10.0.28000.0\um\DirectXMath.h(964,12):
      'DirectX::XMFLOAT4X4' 선언을 참조하십시오.
  
C:\Users\kkth3\OneDrive\문서\GitHub\250531\Client\Engine\public\Engine_Struct.h(45,23): warning C4251: 'Engine::PassConstants::ViewProj': 'DirectX::XMFLOAT4X4'에서는 'Engine::PassConstants'의 클라이언트에서 DLL 인터페이스를 사용하도록 지정해야 함
  (소스 파일 '../private/ModelBaker.cpp'을(를) 컴파일하는 중)
      C:\Program Files (x86)\Windows Kits\10\Include\10.0.28000.0\um\DirectXMath.h(964,12):
      'DirectX::XMFLOAT4X4' 선언을 참조하십시오.
  
C:\Users\kkth3\OneDrive\문서\GitHub\250531\Client\Engine\public\Engine_Struct.h(46,23): warning C4251: 'Engine::PassConstants::InvViewProj': 'DirectX::XMFLOAT4X4'에서는 'Engine::PassConstants'의 클라이언트에서 DLL 인터페이스를 사용하도록 지정해야 함
  (소스 파일 '../private/ModelBaker.cpp'을(를) 컴파일하는 중)
      C:\Program Files (x86)\Windows Kits\10\Include\10.0.28000.0\um\DirectXMath.h(964,12):
      'DirectX::XMFLOAT4X4' 선언을 참조하십시오.
  
C:\Users\kkth3\OneDrive\문서\GitHub\250531\Client\Engine\public\Engine_Struct.h(47,23): warning C4251: 'Engine::PassConstants::ShadowTransform': 'DirectX::XMFLOAT4X4'에서는 'Engine::PassConstants'의 클라이언트에서 DLL 인터페이스를 사용하도록 지정해야 함
  (소스 파일 '../private/ModelBaker.cpp'을(를) 컴파일하는 중)
      C:\Program Files (x86)\Windows Kits\10\Include\10.0.28000.0\um\DirectXMath.h(964,12):
      'DirectX::XMFLOAT4X4' 선언을 참조하십시오.
  
C:\Users\kkth3\OneDrive\문서\GitHub\250531\Client\Engine\public\Engine_Struct.h(48,21): warning C4251: 'Engine::PassConstants::EyePosW': 'DirectX::XMFLOAT3'에서는 'Engine::PassConstants'의 클라이언트에서 DLL 인터페이스를 사용하도록 지정해야 함
  (소스 파일 '../private/ModelBaker.cpp'을(를) 컴파일하는 중)
      C:\Program Files (x86)\Windows Kits\10\Include\10.0.28000.0\um\DirectXMath.h(661,12):
      'DirectX::XMFLOAT3' 선언을 참조하십시오.
  
C:\Users\kkth3\OneDrive\문서\GitHub\250531\Client\Engine\public\Engine_Struct.h(50,21): warning C4251: 'Engine::PassConstants::RenderTargetSize': 'DirectX::XMFLOAT2'에서는 'Engine::PassConstants'의 클라이언트에서 DLL 인터페이스를 사용하도록 지정해야 함
  (소스 파일 '../private/ModelBaker.cpp'을(를) 컴파일하는 중)
      C:\Program Files (x86)\Windows Kits\10\Include\10.0.28000.0\um\DirectXMath.h(584,12):
      'DirectX::XMFLOAT2' 선언을 참조하십시오.
  
C:\Users\kkth3\OneDrive\문서\GitHub\250531\Client\Engine\public\Engine_Struct.h(51,21): warning C4251: 'Engine::PassConstants::InvRenderTargetSize': 'DirectX::XMFLOAT2'에서는 'Engine::PassConstants'의 클라이언트에서 DLL 인터페이스를 사용하도록 지정해야 함
  (소스 파일 '../private/ModelBaker.cpp'을(를) 컴파일하는 중)
      C:\Program Files (x86)\Windows Kits\10\Include\10.0.28000.0\um\DirectXMath.h(584,12):
      'DirectX::XMFLOAT2' 선언을 참조하십시오.
  
C:\Users\kkth3\OneDrive\문서\GitHub\250531\Client\Engine\public\Engine_Struct.h(57,21): warning C4251: 'Engine::PassConstants::AmbientLight': 'DirectX::XMFLOAT4'에서는 'Engine::PassConstants'의 클라이언트에서 DLL 인터페이스를 사용하도록 지정해야 함
  (소스 파일 '../private/ModelBaker.cpp'을(를) 컴파일하는 중)
      C:\Program Files (x86)\Windows Kits\10\Include\10.0.28000.0\um\DirectXMath.h(736,12):
      'DirectX::XMFLOAT4' 선언을 참조하십시오.
  
C:\Users\kkth3\OneDrive\문서\GitHub\250531\Client\Engine\public\Engine_Struct.h(86,21): warning C4251: 'Engine::MaterialConstants::DiffuseAlbedo': 'DirectX::XMFLOAT4'에서는 'Engine::MaterialConstants'의 클라이언트에서 DLL 인터페이스를 사용하도록 지정해야 함
  (소스 파일 '../private/ModelBaker.cpp'을(를) 컴파일하는 중)
      C:\Program Files (x86)\Windows Kits\10\Include\10.0.28000.0\um\DirectXMath.h(736,12):
      'DirectX::XMFLOAT4' 선언을 참조하십시오.
  
C:\Users\kkth3\OneDrive\문서\GitHub\250531\Client\Engine\public\Engine_Struct.h(87,21): warning C4251: 'Engine::MaterialConstants::FresnelR0': 'DirectX::XMFLOAT3'에서는 'Engine::MaterialConstants'의 클라이언트에서 DLL 인터페이스를 사용하도록 지정해야 함
  (소스 파일 '../private/ModelBaker.cpp'을(를) 컴파일하는 중)
      C:\Program Files (x86)\Windows Kits\10\Include\10.0.28000.0\um\DirectXMath.h(661,12):
      'DirectX::XMFLOAT3' 선언을 참조하십시오.
  
C:\Users\kkth3\OneDrive\문서\GitHub\250531\Client\Engine\public\Engine_Struct.h(89,23): warning C4251: 'Engine::MaterialConstants::MatTransform': 'DirectX::XMFLOAT4X4'에서는 'Engine::MaterialConstants'의 클라이언트에서 DLL 인터페이스를 사용하도록 지정해야 함
  (소스 파일 '../private/ModelBaker.cpp'을(를) 컴파일하는 중)
      C:\Program Files (x86)\Windows Kits\10\Include\10.0.28000.0\um\DirectXMath.h(964,12):
      'DirectX::XMFLOAT4X4' 선언을 참조하십시오.
  
C:\Users\kkth3\OneDrive\문서\GitHub\250531\Client\Engine\public\Engine_Struct.h(94,21): warning C4251: 'Engine::MaterialData::DiffuseAlbedo': 'DirectX::XMFLOAT4'에서는 'Engine::MaterialData'의 클라이언트에서 DLL 인터페이스를 사용하도록 지정해야 함
  (소스 파일 '../private/ModelBaker.cpp'을(를) 컴파일하는 중)
      C:\Program Files (x86)\Windows Kits\10\Include\10.0.28000.0\um\DirectXMath.h(736,12):
      'DirectX::XMFLOAT4' 선언을 참조하십시오.
  
C:\Users\kkth3\OneDrive\문서\GitHub\250531\Client\Engine\public\Engine_Struct.h(95,21): warning C4251: 'Engine::MaterialData::FresnelR0': 'DirectX::XMFLOAT3'에서는 'Engine::MaterialData'의 클라이언트에서 DLL 인터페이스를 사용하도록 지정해야 함
  (소스 파일 '../private/ModelBaker.cpp'을(를) 컴파일하는 중)
      C:\Program Files (x86)\Windows Kits\10\Include\10.0.28000.0\um\DirectXMath.h(661,12):
      'DirectX::XMFLOAT3' 선언을 참조하십시오.
  
C:\Users\kkth3\OneDrive\문서\GitHub\250531\Client\Engine\public\Engine_Struct.h(99,23): warning C4251: 'Engine::MaterialData::MatTransform': 'DirectX::XMFLOAT4X4'에서는 'Engine::MaterialData'의 클라이언트에서 DLL 인터페이스를 사용하도록 지정해야 함
  (소스 파일 '../private/ModelBaker.cpp'을(를) 컴파일하는 중)
      C:\Program Files (x86)\Windows Kits\10\Include\10.0.28000.0\um\DirectXMath.h(964,12):
      'DirectX::XMFLOAT4X4' 선언을 참조하십시오.
  
C:\Users\kkth3\OneDrive\문서\GitHub\250531\Client\Engine\public\Engine_Struct.h(113,14): warning C4251: 'Engine::InstanceData::World': 'DirectX::XMFLOAT4X4'에서는 'Engine::InstanceData'의 클라이언트에서 DLL 인터페이스를 사용하도록 지정해야 함
  (소스 파일 '../private/ModelBaker.cpp'을(를) 컴파일하는 중)
      C:\Program Files (x86)\Windows Kits\10\Include\10.0.28000.0\um\DirectXMath.h(964,12):
      'DirectX::XMFLOAT4X4' 선언을 참조하십시오.
  
C:\Users\kkth3\OneDrive\문서\GitHub\250531\Client\Engine\public\Engine_Struct.h(142,13): warning C4251: 'Engine::tagVertex_Position::vPosition': 'DirectX::XMFLOAT3'에서는 'Engine::tagVertex_Position'의 클라이언트에서 DLL 인터페이스를 사용하도록 지정해야 함
  (소스 파일 '../private/ModelBaker.cpp'을(를) 컴파일하는 중)
      C:\Program Files (x86)\Windows Kits\10\Include\10.0.28000.0\um\DirectXMath.h(661,12):
      'DirectX::XMFLOAT3' 선언을 참조하십시오.
  
C:\Users\kkth3\OneDrive\문서\GitHub\250531\Client\Engine\public\Engine_Struct.h(151,13): warning C4251: 'Engine::tagVertex_Position_Normal::vPosition': 'DirectX::XMFLOAT3'에서는 'Engine::tagVertex_Position_Normal'의 클라이언트에서 DLL 인터페이스를 사용하도록 지정해야 함
  (소스 파일 '../private/ModelBaker.cpp'을(를) 컴파일하는 중)
      C:\Program Files (x86)\Windows Kits\10\Include\10.0.28000.0\um\DirectXMath.h(661,12):
      'DirectX::XMFLOAT3' 선언을 참조하십시오.
  
C:\Users\kkth3\OneDrive\문서\GitHub\250531\Client\Engine\public\Engine_Struct.h(152,13): warning C4251: 'Engine::tagVertex_Position_Normal::vNormal': 'DirectX::XMFLOAT3'에서는 'Engine::tagVertex_Position_Normal'의 클라이언트에서 DLL 인터페이스를 사용하도록 지정해야 함
  (소스 파일 '../private/ModelBaker.cpp'을(를) 컴파일하는 중)
      C:\Program Files (x86)\Windows Kits\10\Include\10.0.28000.0\um\DirectXMath.h(661,12):
      'DirectX::XMFLOAT3' 선언을 참조하십시오.
  
C:\Users\kkth3\OneDrive\문서\GitHub\250531\Client\Engine\public\Engine_Struct.h(161,13): warning C4251: 'Engine::tagVertex_Position_Texcoord::vPosition': 'DirectX::XMFLOAT3'에서는 'Engine::tagVertex_Position_Texcoord'의 클라이언트에서 DLL 인터페이스를 사용하도록 지정해야 함
  (소스 파일 '../private/ModelBaker.cpp'을(를) 컴파일하는 중)
      C:\Program Files (x86)\Windows Kits\10\Include\10.0.28000.0\um\DirectXMath.h(661,12):
      'DirectX::XMFLOAT3' 선언을 참조하십시오.
  
C:\Users\kkth3\OneDrive\문서\GitHub\250531\Client\Engine\public\Engine_Struct.h(162,13): warning C4251: 'Engine::tagVertex_Position_Texcoord::vTexcoord': 'DirectX::XMFLOAT2'에서는 'Engine::tagVertex_Position_Texcoord'의 클라이언트에서 DLL 인터페이스를 사용하도록 지정해야 함
  (소스 파일 '../private/ModelBaker.cpp'을(를) 컴파일하는 중)
      C:\Program Files (x86)\Windows Kits\10\Include\10.0.28000.0\um\DirectXMath.h(584,12):
      'DirectX::XMFLOAT2' 선언을 참조하십시오.
  
C:\Users\kkth3\OneDrive\문서\GitHub\250531\Client\Engine\public\Engine_Struct.h(171,13): warning C4251: 'Engine::tagVertex_Position_Normal_Texcoord::vPosition': 'DirectX::XMFLOAT3'에서는 'Engine::tagVertex_Position_Normal_Texcoord'의 클라이언트에서 DLL 인터페이스를 사용하도록 지정해야 함
  (소스 파일 '../private/ModelBaker.cpp'을(를) 컴파일하는 중)
      C:\Program Files (x86)\Windows Kits\10\Include\10.0.28000.0\um\DirectXMath.h(661,12):
      'DirectX::XMFLOAT3' 선언을 참조하십시오.
  
C:\Users\kkth3\OneDrive\문서\GitHub\250531\Client\Engine\public\Engine_Struct.h(172,13): warning C4251: 'Engine::tagVertex_Position_Normal_Texcoord::vNormal': 'DirectX::XMFLOAT3'에서는 'Engine::tagVertex_Position_Normal_Texcoord'의 클라이언트에서 DLL 인터페이스를 사용하도록 지정해야 함
  (소스 파일 '../private/ModelBaker.cpp'을(를) 컴파일하는 중)
      C:\Program Files (x86)\Windows Kits\10\Include\10.0.28000.0\um\DirectXMath.h(661,12):
      'DirectX::XMFLOAT3' 선언을 참조하십시오.
  
C:\Users\kkth3\OneDrive\문서\GitHub\250531\Client\Engine\public\Engine_Struct.h(173,13): warning C4251: 'Engine::tagVertex_Position_Normal_Texcoord::vTexcoord': 'DirectX::XMFLOAT2'에서는 'Engine::tagVertex_Position_Normal_Texcoord'의 클라이언트에서 DLL 인터페이스를 사용하도록 지정해야 함
  (소스 파일 '../private/ModelBaker.cpp'을(를) 컴파일하는 중)
      C:\Program Files (x86)\Windows Kits\10\Include\10.0.28000.0\um\DirectXMath.h(584,12):
      'DirectX::XMFLOAT2' 선언을 참조하십시오.
  
C:\Users\kkth3\OneDrive\문서\GitHub\250531\Client\Engine\public\Engine_Struct.h(182,13): warning C4251: 'Engine::tagVertex_Position_Cube_Texcoord::vPosition': 'DirectX::XMFLOAT3'에서는 'Engine::tagVertex_Position_Cube_Texcoord'의 클라이언트에서 DLL 인터페이스를 사용하도록 지정해야 함
  (소스 파일 '../private/ModelBaker.cpp'을(를) 컴파일하는 중)
      C:\Program Files (x86)\Windows Kits\10\Include\10.0.28000.0\um\DirectXMath.h(661,12):
      'DirectX::XMFLOAT3' 선언을 참조하십시오.
  
C:\Users\kkth3\OneDrive\문서\GitHub\250531\Client\Engine\public\Engine_Struct.h(183,13): warning C4251: 'Engine::tagVertex_Position_Cube_Texcoord::vTexcoord': 'DirectX::XMFLOAT3'에서는 'Engine::tagVertex_Position_Cube_Texcoord'의 클라이언트에서 DLL 인터페이스를 사용하도록 지정해야 함
  (소스 파일 '../private/ModelBaker.cpp'을(를) 컴파일하는 중)
      C:\Program Files (x86)\Windows Kits\10\Include\10.0.28000.0\um\DirectXMath.h(661,12):
      'DirectX::XMFLOAT3' 선언을 참조하십시오.
  
C:\Users\kkth3\OneDrive\문서\GitHub\250531\Client\Engine\public\Engine_Struct.h(192,13): warning C4251: 'Engine::tagVertex_Mesh::vPosition': 'DirectX::XMFLOAT3'에서는 'Engine::tagVertex_Mesh'의 클라이언트에서 DLL 인터페이스를 사용하도록 지정해야 함
  (소스 파일 '../private/ModelBaker.cpp'을(를) 컴파일하는 중)
      C:\Program Files (x86)\Windows Kits\10\Include\10.0.28000.0\um\DirectXMath.h(661,12):
      'DirectX::XMFLOAT3' 선언을 참조하십시오.
  
C:\Users\kkth3\OneDrive\문서\GitHub\250531\Client\Engine\public\Engine_Struct.h(193,13): warning C4251: 'Engine::tagVertex_Mesh::vNormal': 'DirectX::XMFLOAT3'에서는 'Engine::tagVertex_Mesh'의 클라이언트에서 DLL 인터페이스를 사용하도록 지정해야 함
  (소스 파일 '../private/ModelBaker.cpp'을(를) 컴파일하는 중)
      C:\Program Files (x86)\Windows Kits\10\Include\10.0.28000.0\um\DirectXMath.h(661,12):
      'DirectX::XMFLOAT3' 선언을 참조하십시오.
  
C:\Users\kkth3\OneDrive\문서\GitHub\250531\Client\Engine\public\Engine_Struct.h(194,13): warning C4251: 'Engine::tagVertex_Mesh::vTexcoord': 'DirectX::XMFLOAT2'에서는 'Engine::tagVertex_Mesh'의 클라이언트에서 DLL 인터페이스를 사용하도록 지정해야 함
  (소스 파일 '../private/ModelBaker.cpp'을(를) 컴파일하는 중)
      C:\Program Files (x86)\Windows Kits\10\Include\10.0.28000.0\um\DirectXMath.h(584,12):
      'DirectX::XMFLOAT2' 선언을 참조하십시오.
  
C:\Users\kkth3\OneDrive\문서\GitHub\250531\Client\Engine\public\Engine_Struct.h(195,13): warning C4251: 'Engine::tagVertex_Mesh::vTangent': 'DirectX::XMFLOAT3'에서는 'Engine::tagVertex_Mesh'의 클라이언트에서 DLL 인터페이스를 사용하도록 지정해야 함
  (소스 파일 '../private/ModelBaker.cpp'을(를) 컴파일하는 중)
      C:\Program Files (x86)\Windows Kits\10\Include\10.0.28000.0\um\DirectXMath.h(661,12):
      'DirectX::XMFLOAT3' 선언을 참조하십시오.
  
C:\Users\kkth3\OneDrive\문서\GitHub\250531\Client\Engine\public\Engine_Struct.h(204,13): warning C4251: 'Engine::tagVertex_Anim_Mesh::vPosition': 'DirectX::XMFLOAT3'에서는 'Engine::tagVertex_Anim_Mesh'의 클라이언트에서 DLL 인터페이스를 사용하도록 지정해야 함
  (소스 파일 '../private/ModelBaker.cpp'을(를) 컴파일하는 중)
      C:\Program Files (x86)\Windows Kits\10\Include\10.0.28000.0\um\DirectXMath.h(661,12):
      'DirectX::XMFLOAT3' 선언을 참조하십시오.
  
C:\Users\kkth3\OneDrive\문서\GitHub\250531\Client\Engine\public\Engine_Struct.h(205,13): warning C4251: 'Engine::tagVertex_Anim_Mesh::vNormal': 'DirectX::XMFLOAT3'에서는 'Engine::tagVertex_Anim_Mesh'의 클라이언트에서 DLL 인터페이스를 사용하도록 지정해야 함
  (소스 파일 '../private/ModelBaker.cpp'을(를) 컴파일하는 중)
      C:\Program Files (x86)\Windows Kits\10\Include\10.0.28000.0\um\DirectXMath.h(661,12):
      'DirectX::XMFLOAT3' 선언을 참조하십시오.
  
C:\Users\kkth3\OneDrive\문서\GitHub\250531\Client\Engine\public\Engine_Struct.h(206,13): warning C4251: 'Engine::tagVertex_Anim_Mesh::vTexcoord': 'DirectX::XMFLOAT2'에서는 'Engine::tagVertex_Anim_Mesh'의 클라이언트에서 DLL 인터페이스를 사용하도록 지정해야 함
  (소스 파일 '../private/ModelBaker.cpp'을(를) 컴파일하는 중)
      C:\Program Files (x86)\Windows Kits\10\Include\10.0.28000.0\um\DirectXMath.h(584,12):
      'DirectX::XMFLOAT2' 선언을 참조하십시오.
  
C:\Users\kkth3\OneDrive\문서\GitHub\250531\Client\Engine\public\Engine_Struct.h(207,13): warning C4251: 'Engine::tagVertex_Anim_Mesh::vTangent': 'DirectX::XMFLOAT3'에서는 'Engine::tagVertex_Anim_Mesh'의 클라이언트에서 DLL 인터페이스를 사용하도록 지정해야 함
  (소스 파일 '../private/ModelBaker.cpp'을(를) 컴파일하는 중)
      C:\Program Files (x86)\Windows Kits\10\Include\10.0.28000.0\um\DirectXMath.h(661,12):
      'DirectX::XMFLOAT3' 선언을 참조하십시오.
  
C:\Users\kkth3\OneDrive\문서\GitHub\250531\Client\Engine\public\Engine_Struct.h(209,13): warning C4251: 'Engine::tagVertex_Anim_Mesh::vBlendIndices': 'DirectX::XMUINT4'에서는 'Engine::tagVertex_Anim_Mesh'의 클라이언트에서 DLL 인터페이스를 사용하도록 지정해야 함
  (소스 파일 '../private/ModelBaker.cpp'을(를) 컴파일하는 중)
      C:\Program Files (x86)\Windows Kits\10\Include\10.0.28000.0\um\DirectXMath.h(793,12):
      'DirectX::XMUINT4' 선언을 참조하십시오.
  
C:\Users\kkth3\OneDrive\문서\GitHub\250531\Client\Engine\public\Engine_Struct.h(210,13): warning C4251: 'Engine::tagVertex_Anim_Mesh::vBlendWeights': 'DirectX::XMFLOAT4'에서는 'Engine::tagVertex_Anim_Mesh'의 클라이언트에서 DLL 인터페이스를 사용하도록 지정해야 함
  (소스 파일 '../private/ModelBaker.cpp'을(를) 컴파일하는 중)
      C:\Program Files (x86)\Windows Kits\10\Include\10.0.28000.0\um\DirectXMath.h(736,12):
      'DirectX::XMFLOAT4' 선언을 참조하십시오.
  
  ObjectMgr.cpp
C:\Users\kkth3\OneDrive\문서\GitHub\250531\Client\Engine\public\Engine_Struct.h(21,14): warning C4251: 'Engine::ObjectConstants::World': 'DirectX::XMFLOAT4X4'에서는 'Engine::ObjectConstants'의 클라이언트에서 DLL 인터페이스를 사용하도록 지정해야 함
  (소스 파일 '../private/ObjectMgr.cpp'을(를) 컴파일하는 중)
      C:\Program Files (x86)\Windows Kits\10\Include\10.0.28000.0\um\DirectXMath.h(964,12):
      'DirectX::XMFLOAT4X4' 선언을 참조하십시오.
  
C:\Users\kkth3\OneDrive\문서\GitHub\250531\Client\Engine\public\Engine_Struct.h(22,14): warning C4251: 'Engine::ObjectConstants::TexTransform': 'DirectX::XMFLOAT4X4'에서는 'Engine::ObjectConstants'의 클라이언트에서 DLL 인터페이스를 사용하도록 지정해야 함
  (소스 파일 '../private/ObjectMgr.cpp'을(를) 컴파일하는 중)
      C:\Program Files (x86)\Windows Kits\10\Include\10.0.28000.0\um\DirectXMath.h(964,12):
      'DirectX::XMFLOAT4X4' 선언을 참조하십시오.
  
C:\Users\kkth3\OneDrive\문서\GitHub\250531\Client\Engine\public\Engine_Struct.h(31,21): warning C4251: 'Engine::Light::Strength': 'DirectX::XMFLOAT3'에서는 'Engine::Light'의 클라이언트에서 DLL 인터페이스를 사용하도록 지정해야 함
  (소스 파일 '../private/ObjectMgr.cpp'을(를) 컴파일하는 중)
      C:\Program Files (x86)\Windows Kits\10\Include\10.0.28000.0\um\DirectXMath.h(661,12):
      'DirectX::XMFLOAT3' 선언을 참조하십시오.
  
C:\Users\kkth3\OneDrive\문서\GitHub\250531\Client\Engine\public\Engine_Struct.h(33,21): warning C4251: 'Engine::Light::Direction': 'DirectX::XMFLOAT3'에서는 'Engine::Light'의 클라이언트에서 DLL 인터페이스를 사용하도록 지정해야 함
  (소스 파일 '../private/ObjectMgr.cpp'을(를) 컴파일하는 중)
      C:\Program Files (x86)\Windows Kits\10\Include\10.0.28000.0\um\DirectXMath.h(661,12):
      'DirectX::XMFLOAT3' 선언을 참조하십시오.
  
C:\Users\kkth3\OneDrive\문서\GitHub\250531\Client\Engine\public\Engine_Struct.h(35,21): warning C4251: 'Engine::Light::Position': 'DirectX::XMFLOAT3'에서는 'Engine::Light'의 클라이언트에서 DLL 인터페이스를 사용하도록 지정해야 함
  (소스 파일 '../private/ObjectMgr.cpp'을(를) 컴파일하는 중)
      C:\Program Files (x86)\Windows Kits\10\Include\10.0.28000.0\um\DirectXMath.h(661,12):
      'DirectX::XMFLOAT3' 선언을 참조하십시오.
  
C:\Users\kkth3\OneDrive\문서\GitHub\250531\Client\Engine\public\Engine_Struct.h(41,23): warning C4251: 'Engine::PassConstants::View': 'DirectX::XMFLOAT4X4'에서는 'Engine::PassConstants'의 클라이언트에서 DLL 인터페이스를 사용하도록 지정해야 함
  (소스 파일 '../private/ObjectMgr.cpp'을(를) 컴파일하는 중)
      C:\Program Files (x86)\Windows Kits\10\Include\10.0.28000.0\um\DirectXMath.h(964,12):
      'DirectX::XMFLOAT4X4' 선언을 참조하십시오.
  
C:\Users\kkth3\OneDrive\문서\GitHub\250531\Client\Engine\public\Engine_Struct.h(42,23): warning C4251: 'Engine::PassConstants::InvView': 'DirectX::XMFLOAT4X4'에서는 'Engine::PassConstants'의 클라이언트에서 DLL 인터페이스를 사용하도록 지정해야 함
  (소스 파일 '../private/ObjectMgr.cpp'을(를) 컴파일하는 중)
      C:\Program Files (x86)\Windows Kits\10\Include\10.0.28000.0\um\DirectXMath.h(964,12):
      'DirectX::XMFLOAT4X4' 선언을 참조하십시오.
  
C:\Users\kkth3\OneDrive\문서\GitHub\250531\Client\Engine\public\Engine_Struct.h(43,23): warning C4251: 'Engine::PassConstants::Proj': 'DirectX::XMFLOAT4X4'에서는 'Engine::PassConstants'의 클라이언트에서 DLL 인터페이스를 사용하도록 지정해야 함
  (소스 파일 '../private/ObjectMgr.cpp'을(를) 컴파일하는 중)
      C:\Program Files (x86)\Windows Kits\10\Include\10.0.28000.0\um\DirectXMath.h(964,12):
      'DirectX::XMFLOAT4X4' 선언을 참조하십시오.
  
C:\Users\kkth3\OneDrive\문서\GitHub\250531\Client\Engine\public\Engine_Struct.h(44,23): warning C4251: 'Engine::PassConstants::InvProj': 'DirectX::XMFLOAT4X4'에서는 'Engine::PassConstants'의 클라이언트에서 DLL 인터페이스를 사용하도록 지정해야 함
  (소스 파일 '../private/ObjectMgr.cpp'을(를) 컴파일하는 중)
      C:\Program Files (x86)\Windows Kits\10\Include\10.0.28000.0\um\DirectXMath.h(964,12):
      'DirectX::XMFLOAT4X4' 선언을 참조하십시오.
  
C:\Users\kkth3\OneDrive\문서\GitHub\250531\Client\Engine\public\Engine_Struct.h(45,23): warning C4251: 'Engine::PassConstants::ViewProj': 'DirectX::XMFLOAT4X4'에서는 'Engine::PassConstants'의 클라이언트에서 DLL 인터페이스를 사용하도록 지정해야 함
  (소스 파일 '../private/ObjectMgr.cpp'을(를) 컴파일하는 중)
      C:\Program Files (x86)\Windows Kits\10\Include\10.0.28000.0\um\DirectXMath.h(964,12):
      'DirectX::XMFLOAT4X4' 선언을 참조하십시오.
  
C:\Users\kkth3\OneDrive\문서\GitHub\250531\Client\Engine\public\Engine_Struct.h(46,23): warning C4251: 'Engine::PassConstants::InvViewProj': 'DirectX::XMFLOAT4X4'에서는 'Engine::PassConstants'의 클라이언트에서 DLL 인터페이스를 사용하도록 지정해야 함
  (소스 파일 '../private/ObjectMgr.cpp'을(를) 컴파일하는 중)
      C:\Program Files (x86)\Windows Kits\10\Include\10.0.28000.0\um\DirectXMath.h(964,12):
      'DirectX::XMFLOAT4X4' 선언을 참조하십시오.
  
C:\Users\kkth3\OneDrive\문서\GitHub\250531\Client\Engine\public\Engine_Struct.h(47,23): warning C4251: 'Engine::PassConstants::ShadowTransform': 'DirectX::XMFLOAT4X4'에서는 'Engine::PassConstants'의 클라이언트에서 DLL 인터페이스를 사용하도록 지정해야 함
  (소스 파일 '../private/ObjectMgr.cpp'을(를) 컴파일하는 중)
      C:\Program Files (x86)\Windows Kits\10\Include\10.0.28000.0\um\DirectXMath.h(964,12):
      'DirectX::XMFLOAT4X4' 선언을 참조하십시오.
  
C:\Users\kkth3\OneDrive\문서\GitHub\250531\Client\Engine\public\Engine_Struct.h(48,21): warning C4251: 'Engine::PassConstants::EyePosW': 'DirectX::XMFLOAT3'에서는 'Engine::PassConstants'의 클라이언트에서 DLL 인터페이스를 사용하도록 지정해야 함
  (소스 파일 '../private/ObjectMgr.cpp'을(를) 컴파일하는 중)
      C:\Program Files (x86)\Windows Kits\10\Include\10.0.28000.0\um\DirectXMath.h(661,12):
      'DirectX::XMFLOAT3' 선언을 참조하십시오.
  
C:\Users\kkth3\OneDrive\문서\GitHub\250531\Client\Engine\public\Engine_Struct.h(50,21): warning C4251: 'Engine::PassConstants::RenderTargetSize': 'DirectX::XMFLOAT2'에서는 'Engine::PassConstants'의 클라이언트에서 DLL 인터페이스를 사용하도록 지정해야 함
  (소스 파일 '../private/ObjectMgr.cpp'을(를) 컴파일하는 중)
      C:\Program Files (x86)\Windows Kits\10\Include\10.0.28000.0\um\DirectXMath.h(584,12):
      'DirectX::XMFLOAT2' 선언을 참조하십시오.
  
C:\Users\kkth3\OneDrive\문서\GitHub\250531\Client\Engine\public\Engine_Struct.h(51,21): warning C4251: 'Engine::PassConstants::InvRenderTargetSize': 'DirectX::XMFLOAT2'에서는 'Engine::PassConstants'의 클라이언트에서 DLL 인터페이스를 사용하도록 지정해야 함
  (소스 파일 '../private/ObjectMgr.cpp'을(를) 컴파일하는 중)
      C:\Program Files (x86)\Windows Kits\10\Include\10.0.28000.0\um\DirectXMath.h(584,12):
      'DirectX::XMFLOAT2' 선언을 참조하십시오.
  
C:\Users\kkth3\OneDrive\문서\GitHub\250531\Client\Engine\public\Engine_Struct.h(57,21): warning C4251: 'Engine::PassConstants::AmbientLight': 'DirectX::XMFLOAT4'에서는 'Engine::PassConstants'의 클라이언트에서 DLL 인터페이스를 사용하도록 지정해야 함
  (소스 파일 '../private/ObjectMgr.cpp'을(를) 컴파일하는 중)
      C:\Program Files (x86)\Windows Kits\10\Include\10.0.28000.0\um\DirectXMath.h(736,12):
      'DirectX::XMFLOAT4' 선언을 참조하십시오.
  
C:\Users\kkth3\OneDrive\문서\GitHub\250531\Client\Engine\public\Engine_Struct.h(86,21): warning C4251: 'Engine::MaterialConstants::DiffuseAlbedo': 'DirectX::XMFLOAT4'에서는 'Engine::MaterialConstants'의 클라이언트에서 DLL 인터페이스를 사용하도록 지정해야 함
  (소스 파일 '../private/ObjectMgr.cpp'을(를) 컴파일하는 중)
      C:\Program Files (x86)\Windows Kits\10\Include\10.0.28000.0\um\DirectXMath.h(736,12):
      'DirectX::XMFLOAT4' 선언을 참조하십시오.
  
C:\Users\kkth3\OneDrive\문서\GitHub\250531\Client\Engine\public\Engine_Struct.h(87,21): warning C4251: 'Engine::MaterialConstants::FresnelR0': 'DirectX::XMFLOAT3'에서는 'Engine::MaterialConstants'의 클라이언트에서 DLL 인터페이스를 사용하도록 지정해야 함
  (소스 파일 '../private/ObjectMgr.cpp'을(를) 컴파일하는 중)
      C:\Program Files (x86)\Windows Kits\10\Include\10.0.28000.0\um\DirectXMath.h(661,12):
      'DirectX::XMFLOAT3' 선언을 참조하십시오.
  
C:\Users\kkth3\OneDrive\문서\GitHub\250531\Client\Engine\public\Engine_Struct.h(89,23): warning C4251: 'Engine::MaterialConstants::MatTransform': 'DirectX::XMFLOAT4X4'에서는 'Engine::MaterialConstants'의 클라이언트에서 DLL 인터페이스를 사용하도록 지정해야 함
  (소스 파일 '../private/ObjectMgr.cpp'을(를) 컴파일하는 중)
      C:\Program Files (x86)\Windows Kits\10\Include\10.0.28000.0\um\DirectXMath.h(964,12):
      'DirectX::XMFLOAT4X4' 선언을 참조하십시오.
  
C:\Users\kkth3\OneDrive\문서\GitHub\250531\Client\Engine\public\Engine_Struct.h(94,21): warning C4251: 'Engine::MaterialData::DiffuseAlbedo': 'DirectX::XMFLOAT4'에서는 'Engine::MaterialData'의 클라이언트에서 DLL 인터페이스를 사용하도록 지정해야 함
  (소스 파일 '../private/ObjectMgr.cpp'을(를) 컴파일하는 중)
      C:\Program Files (x86)\Windows Kits\10\Include\10.0.28000.0\um\DirectXMath.h(736,12):
      'DirectX::XMFLOAT4' 선언을 참조하십시오.
  
C:\Users\kkth3\OneDrive\문서\GitHub\250531\Client\Engine\public\Engine_Struct.h(95,21): warning C4251: 'Engine::MaterialData::FresnelR0': 'DirectX::XMFLOAT3'에서는 'Engine::MaterialData'의 클라이언트에서 DLL 인터페이스를 사용하도록 지정해야 함
  (소스 파일 '../private/ObjectMgr.cpp'을(를) 컴파일하는 중)
      C:\Program Files (x86)\Windows Kits\10\Include\10.0.28000.0\um\DirectXMath.h(661,12):
      'DirectX::XMFLOAT3' 선언을 참조하십시오.
  
C:\Users\kkth3\OneDrive\문서\GitHub\250531\Client\Engine\public\Engine_Struct.h(99,23): warning C4251: 'Engine::MaterialData::MatTransform': 'DirectX::XMFLOAT4X4'에서는 'Engine::MaterialData'의 클라이언트에서 DLL 인터페이스를 사용하도록 지정해야 함
  (소스 파일 '../private/ObjectMgr.cpp'을(를) 컴파일하는 중)
      C:\Program Files (x86)\Windows Kits\10\Include\10.0.28000.0\um\DirectXMath.h(964,12):
      'DirectX::XMFLOAT4X4' 선언을 참조하십시오.
  
C:\Users\kkth3\OneDrive\문서\GitHub\250531\Client\Engine\public\Engine_Struct.h(113,14): warning C4251: 'Engine::InstanceData::World': 'DirectX::XMFLOAT4X4'에서는 'Engine::InstanceData'의 클라이언트에서 DLL 인터페이스를 사용하도록 지정해야 함
  (소스 파일 '../private/ObjectMgr.cpp'을(를) 컴파일하는 중)
      C:\Program Files (x86)\Windows Kits\10\Include\10.0.28000.0\um\DirectXMath.h(964,12):
      'DirectX::XMFLOAT4X4' 선언을 참조하십시오.
  
C:\Users\kkth3\OneDrive\문서\GitHub\250531\Client\Engine\public\Engine_Struct.h(142,13): warning C4251: 'Engine::tagVertex_Position::vPosition': 'DirectX::XMFLOAT3'에서는 'Engine::tagVertex_Position'의 클라이언트에서 DLL 인터페이스를 사용하도록 지정해야 함
  (소스 파일 '../private/ObjectMgr.cpp'을(를) 컴파일하는 중)
      C:\Program Files (x86)\Windows Kits\10\Include\10.0.28000.0\um\DirectXMath.h(661,12):
      'DirectX::XMFLOAT3' 선언을 참조하십시오.
  
C:\Users\kkth3\OneDrive\문서\GitHub\250531\Client\Engine\public\Engine_Struct.h(151,13): warning C4251: 'Engine::tagVertex_Position_Normal::vPosition': 'DirectX::XMFLOAT3'에서는 'Engine::tagVertex_Position_Normal'의 클라이언트에서 DLL 인터페이스를 사용하도록 지정해야 함
  (소스 파일 '../private/ObjectMgr.cpp'을(를) 컴파일하는 중)
      C:\Program Files (x86)\Windows Kits\10\Include\10.0.28000.0\um\DirectXMath.h(661,12):
      'DirectX::XMFLOAT3' 선언을 참조하십시오.
  
C:\Users\kkth3\OneDrive\문서\GitHub\250531\Client\Engine\public\Engine_Struct.h(152,13): warning C4251: 'Engine::tagVertex_Position_Normal::vNormal': 'DirectX::XMFLOAT3'에서는 'Engine::tagVertex_Position_Normal'의 클라이언트에서 DLL 인터페이스를 사용하도록 지정해야 함
  (소스 파일 '../private/ObjectMgr.cpp'을(를) 컴파일하는 중)
      C:\Program Files (x86)\Windows Kits\10\Include\10.0.28000.0\um\DirectXMath.h(661,12):
      'DirectX::XMFLOAT3' 선언을 참조하십시오.
  
C:\Users\kkth3\OneDrive\문서\GitHub\250531\Client\Engine\public\Engine_Struct.h(161,13): warning C4251: 'Engine::tagVertex_Position_Texcoord::vPosition': 'DirectX::XMFLOAT3'에서는 'Engine::tagVertex_Position_Texcoord'의 클라이언트에서 DLL 인터페이스를 사용하도록 지정해야 함
  (소스 파일 '../private/ObjectMgr.cpp'을(를) 컴파일하는 중)
      C:\Program Files (x86)\Windows Kits\10\Include\10.0.28000.0\um\DirectXMath.h(661,12):
      'DirectX::XMFLOAT3' 선언을 참조하십시오.
  
C:\Users\kkth3\OneDrive\문서\GitHub\250531\Client\Engine\public\Engine_Struct.h(162,13): warning C4251: 'Engine::tagVertex_Position_Texcoord::vTexcoord': 'DirectX::XMFLOAT2'에서는 'Engine::tagVertex_Position_Texcoord'의 클라이언트에서 DLL 인터페이스를 사용하도록 지정해야 함
  (소스 파일 '../private/ObjectMgr.cpp'을(를) 컴파일하는 중)
      C:\Program Files (x86)\Windows Kits\10\Include\10.0.28000.0\um\DirectXMath.h(584,12):
      'DirectX::XMFLOAT2' 선언을 참조하십시오.
  
C:\Users\kkth3\OneDrive\문서\GitHub\250531\Client\Engine\public\Engine_Struct.h(171,13): warning C4251: 'Engine::tagVertex_Position_Normal_Texcoord::vPosition': 'DirectX::XMFLOAT3'에서는 'Engine::tagVertex_Position_Normal_Texcoord'의 클라이언트에서 DLL 인터페이스를 사용하도록 지정해야 함
  (소스 파일 '../private/ObjectMgr.cpp'을(를) 컴파일하는 중)
      C:\Program Files (x86)\Windows Kits\10\Include\10.0.28000.0\um\DirectXMath.h(661,12):
      'DirectX::XMFLOAT3' 선언을 참조하십시오.
  
C:\Users\kkth3\OneDrive\문서\GitHub\250531\Client\Engine\public\Engine_Struct.h(172,13): warning C4251: 'Engine::tagVertex_Position_Normal_Texcoord::vNormal': 'DirectX::XMFLOAT3'에서는 'Engine::tagVertex_Position_Normal_Texcoord'의 클라이언트에서 DLL 인터페이스를 사용하도록 지정해야 함
  (소스 파일 '../private/ObjectMgr.cpp'을(를) 컴파일하는 중)
      C:\Program Files (x86)\Windows Kits\10\Include\10.0.28000.0\um\DirectXMath.h(661,12):
      'DirectX::XMFLOAT3' 선언을 참조하십시오.
  
C:\Users\kkth3\OneDrive\문서\GitHub\250531\Client\Engine\public\Engine_Struct.h(173,13): warning C4251: 'Engine::tagVertex_Position_Normal_Texcoord::vTexcoord': 'DirectX::XMFLOAT2'에서는 'Engine::tagVertex_Position_Normal_Texcoord'의 클라이언트에서 DLL 인터페이스를 사용하도록 지정해야 함
  (소스 파일 '../private/ObjectMgr.cpp'을(를) 컴파일하는 중)
      C:\Program Files (x86)\Windows Kits\10\Include\10.0.28000.0\um\DirectXMath.h(584,12):
      'DirectX::XMFLOAT2' 선언을 참조하십시오.
  
C:\Users\kkth3\OneDrive\문서\GitHub\250531\Client\Engine\public\Engine_Struct.h(182,13): warning C4251: 'Engine::tagVertex_Position_Cube_Texcoord::vPosition': 'DirectX::XMFLOAT3'에서는 'Engine::tagVertex_Position_Cube_Texcoord'의 클라이언트에서 DLL 인터페이스를 사용하도록 지정해야 함
  (소스 파일 '../private/ObjectMgr.cpp'을(를) 컴파일하는 중)
      C:\Program Files (x86)\Windows Kits\10\Include\10.0.28000.0\um\DirectXMath.h(661,12):
      'DirectX::XMFLOAT3' 선언을 참조하십시오.
  
C:\Users\kkth3\OneDrive\문서\GitHub\250531\Client\Engine\public\Engine_Struct.h(183,13): warning C4251: 'Engine::tagVertex_Position_Cube_Texcoord::vTexcoord': 'DirectX::XMFLOAT3'에서는 'Engine::tagVertex_Position_Cube_Texcoord'의 클라이언트에서 DLL 인터페이스를 사용하도록 지정해야 함
  (소스 파일 '../private/ObjectMgr.cpp'을(를) 컴파일하는 중)
      C:\Program Files (x86)\Windows Kits\10\Include\10.0.28000.0\um\DirectXMath.h(661,12):
      'DirectX::XMFLOAT3' 선언을 참조하십시오.
  
C:\Users\kkth3\OneDrive\문서\GitHub\250531\Client\Engine\public\Engine_Struct.h(192,13): warning C4251: 'Engine::tagVertex_Mesh::vPosition': 'DirectX::XMFLOAT3'에서는 'Engine::tagVertex_Mesh'의 클라이언트에서 DLL 인터페이스를 사용하도록 지정해야 함
  (소스 파일 '../private/ObjectMgr.cpp'을(를) 컴파일하는 중)
      C:\Program Files (x86)\Windows Kits\10\Include\10.0.28000.0\um\DirectXMath.h(661,12):
      'DirectX::XMFLOAT3' 선언을 참조하십시오.
  
C:\Users\kkth3\OneDrive\문서\GitHub\250531\Client\Engine\public\Engine_Struct.h(193,13): warning C4251: 'Engine::tagVertex_Mesh::vNormal': 'DirectX::XMFLOAT3'에서는 'Engine::tagVertex_Mesh'의 클라이언트에서 DLL 인터페이스를 사용하도록 지정해야 함
  (소스 파일 '../private/ObjectMgr.cpp'을(를) 컴파일하는 중)
      C:\Program Files (x86)\Windows Kits\10\Include\10.0.28000.0\um\DirectXMath.h(661,12):
      'DirectX::XMFLOAT3' 선언을 참조하십시오.
  
C:\Users\kkth3\OneDrive\문서\GitHub\250531\Client\Engine\public\Engine_Struct.h(194,13): warning C4251: 'Engine::tagVertex_Mesh::vTexcoord': 'DirectX::XMFLOAT2'에서는 'Engine::tagVertex_Mesh'의 클라이언트에서 DLL 인터페이스를 사용하도록 지정해야 함
  (소스 파일 '../private/ObjectMgr.cpp'을(를) 컴파일하는 중)
      C:\Program Files (x86)\Windows Kits\10\Include\10.0.28000.0\um\DirectXMath.h(584,12):
      'DirectX::XMFLOAT2' 선언을 참조하십시오.
  
C:\Users\kkth3\OneDrive\문서\GitHub\250531\Client\Engine\public\Engine_Struct.h(195,13): warning C4251: 'Engine::tagVertex_Mesh::vTangent': 'DirectX::XMFLOAT3'에서는 'Engine::tagVertex_Mesh'의 클라이언트에서 DLL 인터페이스를 사용하도록 지정해야 함
  (소스 파일 '../private/ObjectMgr.cpp'을(를) 컴파일하는 중)
      C:\Program Files (x86)\Windows Kits\10\Include\10.0.28000.0\um\DirectXMath.h(661,12):
      'DirectX::XMFLOAT3' 선언을 참조하십시오.
  
C:\Users\kkth3\OneDrive\문서\GitHub\250531\Client\Engine\public\Engine_Struct.h(204,13): warning C4251: 'Engine::tagVertex_Anim_Mesh::vPosition': 'DirectX::XMFLOAT3'에서는 'Engine::tagVertex_Anim_Mesh'의 클라이언트에서 DLL 인터페이스를 사용하도록 지정해야 함
  (소스 파일 '../private/ObjectMgr.cpp'을(를) 컴파일하는 중)
      C:\Program Files (x86)\Windows Kits\10\Include\10.0.28000.0\um\DirectXMath.h(661,12):
      'DirectX::XMFLOAT3' 선언을 참조하십시오.
  
C:\Users\kkth3\OneDrive\문서\GitHub\250531\Client\Engine\public\Engine_Struct.h(205,13): warning C4251: 'Engine::tagVertex_Anim_Mesh::vNormal': 'DirectX::XMFLOAT3'에서는 'Engine::tagVertex_Anim_Mesh'의 클라이언트에서 DLL 인터페이스를 사용하도록 지정해야 함
  (소스 파일 '../private/ObjectMgr.cpp'을(를) 컴파일하는 중)
      C:\Program Files (x86)\Windows Kits\10\Include\10.0.28000.0\um\DirectXMath.h(661,12):
      'DirectX::XMFLOAT3' 선언을 참조하십시오.
  
C:\Users\kkth3\OneDrive\문서\GitHub\250531\Client\Engine\public\Engine_Struct.h(206,13): warning C4251: 'Engine::tagVertex_Anim_Mesh::vTexcoord': 'DirectX::XMFLOAT2'에서는 'Engine::tagVertex_Anim_Mesh'의 클라이언트에서 DLL 인터페이스를 사용하도록 지정해야 함
  (소스 파일 '../private/ObjectMgr.cpp'을(를) 컴파일하는 중)
      C:\Program Files (x86)\Windows Kits\10\Include\10.0.28000.0\um\DirectXMath.h(584,12):
      'DirectX::XMFLOAT2' 선언을 참조하십시오.
  
C:\Users\kkth3\OneDrive\문서\GitHub\250531\Client\Engine\public\Engine_Struct.h(207,13): warning C4251: 'Engine::tagVertex_Anim_Mesh::vTangent': 'DirectX::XMFLOAT3'에서는 'Engine::tagVertex_Anim_Mesh'의 클라이언트에서 DLL 인터페이스를 사용하도록 지정해야 함
  (소스 파일 '../private/ObjectMgr.cpp'을(를) 컴파일하는 중)
      C:\Program Files (x86)\Windows Kits\10\Include\10.0.28000.0\um\DirectXMath.h(661,12):
      'DirectX::XMFLOAT3' 선언을 참조하십시오.
  
C:\Users\kkth3\OneDrive\문서\GitHub\250531\Client\Engine\public\Engine_Struct.h(209,13): warning C4251: 'Engine::tagVertex_Anim_Mesh::vBlendIndices': 'DirectX::XMUINT4'에서는 'Engine::tagVertex_Anim_Mesh'의 클라이언트에서 DLL 인터페이스를 사용하도록 지정해야 함
  (소스 파일 '../private/ObjectMgr.cpp'을(를) 컴파일하는 중)
      C:\Program Files (x86)\Windows Kits\10\Include\10.0.28000.0\um\DirectXMath.h(793,12):
      'DirectX::XMUINT4' 선언을 참조하십시오.
  
C:\Users\kkth3\OneDrive\문서\GitHub\250531\Client\Engine\public\Engine_Struct.h(210,13): warning C4251: 'Engine::tagVertex_Anim_Mesh::vBlendWeights': 'DirectX::XMFLOAT4'에서는 'Engine::tagVertex_Anim_Mesh'의 클라이언트에서 DLL 인터페이스를 사용하도록 지정해야 함
  (소스 파일 '../private/ObjectMgr.cpp'을(를) 컴파일하는 중)
      C:\Program Files (x86)\Windows Kits\10\Include\10.0.28000.0\um\DirectXMath.h(736,12):
      'DirectX::XMFLOAT4' 선언을 참조하십시오.
  
C:\Users\kkth3\OneDrive\문서\GitHub\250531\Client\Engine\public\Transform.h(106,13): warning C4251: 'Engine::CTransform::m_WorldMatrix': 'DirectX::XMFLOAT4X4'에서는 'Engine::CTransform'의 클라이언트에서 DLL 인터페이스를 사용하도록 지정해야 함
  (소스 파일 '../private/ObjectMgr.cpp'을(를) 컴파일하는 중)
      C:\Program Files (x86)\Windows Kits\10\Include\10.0.28000.0\um\DirectXMath.h(964,12):
      'DirectX::XMFLOAT4X4' 선언을 참조하십시오.
  
C:\Users\kkth3\OneDrive\문서\GitHub\250531\Client\Engine\public\GameObject.h(39,43): warning C4251: 'Engine::CGameObject::m_Components': 'std::unordered_map<std::string,Engine::CComponent *,std::hash<std::string>,std::equal_to<std::string>,std::allocator<std::pair<const std::string,Engine::CComponent *>>>'에서는 'Engine::CGameObject'의 클라이언트에서 DLL 인터페이스를 사용하도록 지정해야 함
  (소스 파일 '../private/ObjectMgr.cpp'을(를) 컴파일하는 중)
      C:\Program Files\Microsoft Visual Studio\2022\Community\VC\Tools\MSVC\14.44.35207\include\unordered_map(61,7):
      'std::unordered_map<std::string,Engine::CComponent *,std::hash<std::string>,std::equal_to<std::string>,std::allocator<std::pair<const std::string,Engine::CComponent *>>>' 선언을 참조하십시오.
  
C:\Users\kkth3\OneDrive\문서\GitHub\250531\Client\Engine\public\Renderer.h(34,25): warning C4251: 'Engine::CRenderer::m_vRenderObjects': 'std::vector<Engine::CRenderObject *,std::allocator<Engine::CRenderObject *>>'에서는 'Engine::CRenderer'의 클라이언트에서 DLL 인터페이스를 사용하도록 지정해야 함
  (소스 파일 '../private/ObjectMgr.cpp'을(를) 컴파일하는 중)
      C:\Program Files\Microsoft Visual Studio\2022\Community\VC\Tools\MSVC\14.44.35207\include\vector(442,7):
      'std::vector<Engine::CRenderObject *,std::allocator<Engine::CRenderObject *>>' 선언을 참조하십시오.
  
C:\Users\kkth3\OneDrive\문서\GitHub\250531\Client\Engine\public\ObjectMgr.h(53,34): warning C4251: 'Engine::CObjectMgr::m_Layers': 'std::unordered_map<std::string,Engine::CObjectMgr::Layer,std::hash<std::string>,std::equal_to<std::string>,std::allocator<std::pair<const std::string,Engine::CObjectMgr::Layer>>>'에서는 'Engine::CObjectMgr'의 클라이언트에서 DLL 인터페이스를 사용하도록 지정해야 함
  (소스 파일 '../private/ObjectMgr.cpp'을(를) 컴파일하는 중)
      C:\Program Files\Microsoft Visual Studio\2022\Community\VC\Tools\MSVC\14.44.35207\include\unordered_map(61,7):
      'std::unordered_map<std::string,Engine::CObjectMgr::Layer,std::hash<std::string>,std::equal_to<std::string>,std::allocator<std::pair<const std::string,Engine::CObjectMgr::Layer>>>' 선언을 참조하십시오.
  
C:\Users\kkth3\OneDrive\문서\GitHub\250531\Client\Engine\public\ObjectMgr.h(54,41): warning C4251: 'Engine::CObjectMgr::m_Prototypes': 'std::unordered_map<std::string,Engine::CGameObject *,std::hash<std::string>,std::equal_to<std::string>,std::allocator<std::pair<const std::string,Engine::CGameObject *>>>'에서는 'Engine::CObjectMgr'의 클라이언트에서 DLL 인터페이스를 사용하도록 지정해야 함
  (소스 파일 '../private/ObjectMgr.cpp'을(를) 컴파일하는 중)
      C:\Program Files\Microsoft Visual Studio\2022\Community\VC\Tools\MSVC\14.44.35207\include\unordered_map(61,7):
      'std::unordered_map<std::string,Engine::CGameObject *,std::hash<std::string>,std::equal_to<std::string>,std::allocator<std::pair<const std::string,Engine::CGameObject *>>>' 선언을 참조하십시오.
  
  PSO.cpp
C:\Users\kkth3\OneDrive\문서\GitHub\250531\Client\Engine\public\Engine_Struct.h(21,14): warning C4251: 'Engine::ObjectConstants::World': 'DirectX::XMFLOAT4X4'에서는 'Engine::ObjectConstants'의 클라이언트에서 DLL 인터페이스를 사용하도록 지정해야 함
  (소스 파일 '../private/PSO.cpp'을(를) 컴파일하는 중)
      C:\Program Files (x86)\Windows Kits\10\Include\10.0.28000.0\um\DirectXMath.h(964,12):
      'DirectX::XMFLOAT4X4' 선언을 참조하십시오.
  
C:\Users\kkth3\OneDrive\문서\GitHub\250531\Client\Engine\public\Engine_Struct.h(22,14): warning C4251: 'Engine::ObjectConstants::TexTransform': 'DirectX::XMFLOAT4X4'에서는 'Engine::ObjectConstants'의 클라이언트에서 DLL 인터페이스를 사용하도록 지정해야 함
  (소스 파일 '../private/PSO.cpp'을(를) 컴파일하는 중)
      C:\Program Files (x86)\Windows Kits\10\Include\10.0.28000.0\um\DirectXMath.h(964,12):
      'DirectX::XMFLOAT4X4' 선언을 참조하십시오.
  
C:\Users\kkth3\OneDrive\문서\GitHub\250531\Client\Engine\public\Engine_Struct.h(31,21): warning C4251: 'Engine::Light::Strength': 'DirectX::XMFLOAT3'에서는 'Engine::Light'의 클라이언트에서 DLL 인터페이스를 사용하도록 지정해야 함
  (소스 파일 '../private/PSO.cpp'을(를) 컴파일하는 중)
      C:\Program Files (x86)\Windows Kits\10\Include\10.0.28000.0\um\DirectXMath.h(661,12):
      'DirectX::XMFLOAT3' 선언을 참조하십시오.
  
C:\Users\kkth3\OneDrive\문서\GitHub\250531\Client\Engine\public\Engine_Struct.h(33,21): warning C4251: 'Engine::Light::Direction': 'DirectX::XMFLOAT3'에서는 'Engine::Light'의 클라이언트에서 DLL 인터페이스를 사용하도록 지정해야 함
  (소스 파일 '../private/PSO.cpp'을(를) 컴파일하는 중)
      C:\Program Files (x86)\Windows Kits\10\Include\10.0.28000.0\um\DirectXMath.h(661,12):
      'DirectX::XMFLOAT3' 선언을 참조하십시오.
  
C:\Users\kkth3\OneDrive\문서\GitHub\250531\Client\Engine\public\Engine_Struct.h(35,21): warning C4251: 'Engine::Light::Position': 'DirectX::XMFLOAT3'에서는 'Engine::Light'의 클라이언트에서 DLL 인터페이스를 사용하도록 지정해야 함
  (소스 파일 '../private/PSO.cpp'을(를) 컴파일하는 중)
      C:\Program Files (x86)\Windows Kits\10\Include\10.0.28000.0\um\DirectXMath.h(661,12):
      'DirectX::XMFLOAT3' 선언을 참조하십시오.
  
C:\Users\kkth3\OneDrive\문서\GitHub\250531\Client\Engine\public\Engine_Struct.h(41,23): warning C4251: 'Engine::PassConstants::View': 'DirectX::XMFLOAT4X4'에서는 'Engine::PassConstants'의 클라이언트에서 DLL 인터페이스를 사용하도록 지정해야 함
  (소스 파일 '../private/PSO.cpp'을(를) 컴파일하는 중)
      C:\Program Files (x86)\Windows Kits\10\Include\10.0.28000.0\um\DirectXMath.h(964,12):
      'DirectX::XMFLOAT4X4' 선언을 참조하십시오.
  
C:\Users\kkth3\OneDrive\문서\GitHub\250531\Client\Engine\public\Engine_Struct.h(42,23): warning C4251: 'Engine::PassConstants::InvView': 'DirectX::XMFLOAT4X4'에서는 'Engine::PassConstants'의 클라이언트에서 DLL 인터페이스를 사용하도록 지정해야 함
  (소스 파일 '../private/PSO.cpp'을(를) 컴파일하는 중)
      C:\Program Files (x86)\Windows Kits\10\Include\10.0.28000.0\um\DirectXMath.h(964,12):
      'DirectX::XMFLOAT4X4' 선언을 참조하십시오.
  
C:\Users\kkth3\OneDrive\문서\GitHub\250531\Client\Engine\public\Engine_Struct.h(43,23): warning C4251: 'Engine::PassConstants::Proj': 'DirectX::XMFLOAT4X4'에서는 'Engine::PassConstants'의 클라이언트에서 DLL 인터페이스를 사용하도록 지정해야 함
  (소스 파일 '../private/PSO.cpp'을(를) 컴파일하는 중)
      C:\Program Files (x86)\Windows Kits\10\Include\10.0.28000.0\um\DirectXMath.h(964,12):
      'DirectX::XMFLOAT4X4' 선언을 참조하십시오.
  
C:\Users\kkth3\OneDrive\문서\GitHub\250531\Client\Engine\public\Engine_Struct.h(44,23): warning C4251: 'Engine::PassConstants::InvProj': 'DirectX::XMFLOAT4X4'에서는 'Engine::PassConstants'의 클라이언트에서 DLL 인터페이스를 사용하도록 지정해야 함
  (소스 파일 '../private/PSO.cpp'을(를) 컴파일하는 중)
      C:\Program Files (x86)\Windows Kits\10\Include\10.0.28000.0\um\DirectXMath.h(964,12):
      'DirectX::XMFLOAT4X4' 선언을 참조하십시오.
  
C:\Users\kkth3\OneDrive\문서\GitHub\250531\Client\Engine\public\Engine_Struct.h(45,23): warning C4251: 'Engine::PassConstants::ViewProj': 'DirectX::XMFLOAT4X4'에서는 'Engine::PassConstants'의 클라이언트에서 DLL 인터페이스를 사용하도록 지정해야 함
  (소스 파일 '../private/PSO.cpp'을(를) 컴파일하는 중)
      C:\Program Files (x86)\Windows Kits\10\Include\10.0.28000.0\um\DirectXMath.h(964,12):
      'DirectX::XMFLOAT4X4' 선언을 참조하십시오.
  
C:\Users\kkth3\OneDrive\문서\GitHub\250531\Client\Engine\public\Engine_Struct.h(46,23): warning C4251: 'Engine::PassConstants::InvViewProj': 'DirectX::XMFLOAT4X4'에서는 'Engine::PassConstants'의 클라이언트에서 DLL 인터페이스를 사용하도록 지정해야 함
  (소스 파일 '../private/PSO.cpp'을(를) 컴파일하는 중)
      C:\Program Files (x86)\Windows Kits\10\Include\10.0.28000.0\um\DirectXMath.h(964,12):
      'DirectX::XMFLOAT4X4' 선언을 참조하십시오.
  
C:\Users\kkth3\OneDrive\문서\GitHub\250531\Client\Engine\public\Engine_Struct.h(47,23): warning C4251: 'Engine::PassConstants::ShadowTransform': 'DirectX::XMFLOAT4X4'에서는 'Engine::PassConstants'의 클라이언트에서 DLL 인터페이스를 사용하도록 지정해야 함
  (소스 파일 '../private/PSO.cpp'을(를) 컴파일하는 중)
      C:\Program Files (x86)\Windows Kits\10\Include\10.0.28000.0\um\DirectXMath.h(964,12):
      'DirectX::XMFLOAT4X4' 선언을 참조하십시오.
  
C:\Users\kkth3\OneDrive\문서\GitHub\250531\Client\Engine\public\Engine_Struct.h(48,21): warning C4251: 'Engine::PassConstants::EyePosW': 'DirectX::XMFLOAT3'에서는 'Engine::PassConstants'의 클라이언트에서 DLL 인터페이스를 사용하도록 지정해야 함
  (소스 파일 '../private/PSO.cpp'을(를) 컴파일하는 중)
      C:\Program Files (x86)\Windows Kits\10\Include\10.0.28000.0\um\DirectXMath.h(661,12):
      'DirectX::XMFLOAT3' 선언을 참조하십시오.
  
C:\Users\kkth3\OneDrive\문서\GitHub\250531\Client\Engine\public\Engine_Struct.h(50,21): warning C4251: 'Engine::PassConstants::RenderTargetSize': 'DirectX::XMFLOAT2'에서는 'Engine::PassConstants'의 클라이언트에서 DLL 인터페이스를 사용하도록 지정해야 함
  (소스 파일 '../private/PSO.cpp'을(를) 컴파일하는 중)
      C:\Program Files (x86)\Windows Kits\10\Include\10.0.28000.0\um\DirectXMath.h(584,12):
      'DirectX::XMFLOAT2' 선언을 참조하십시오.
  
C:\Users\kkth3\OneDrive\문서\GitHub\250531\Client\Engine\public\Engine_Struct.h(51,21): warning C4251: 'Engine::PassConstants::InvRenderTargetSize': 'DirectX::XMFLOAT2'에서는 'Engine::PassConstants'의 클라이언트에서 DLL 인터페이스를 사용하도록 지정해야 함
  (소스 파일 '../private/PSO.cpp'을(를) 컴파일하는 중)
      C:\Program Files (x86)\Windows Kits\10\Include\10.0.28000.0\um\DirectXMath.h(584,12):
      'DirectX::XMFLOAT2' 선언을 참조하십시오.
  
C:\Users\kkth3\OneDrive\문서\GitHub\250531\Client\Engine\public\Engine_Struct.h(57,21): warning C4251: 'Engine::PassConstants::AmbientLight': 'DirectX::XMFLOAT4'에서는 'Engine::PassConstants'의 클라이언트에서 DLL 인터페이스를 사용하도록 지정해야 함
  (소스 파일 '../private/PSO.cpp'을(를) 컴파일하는 중)
      C:\Program Files (x86)\Windows Kits\10\Include\10.0.28000.0\um\DirectXMath.h(736,12):
      'DirectX::XMFLOAT4' 선언을 참조하십시오.
  
C:\Users\kkth3\OneDrive\문서\GitHub\250531\Client\Engine\public\Engine_Struct.h(86,21): warning C4251: 'Engine::MaterialConstants::DiffuseAlbedo': 'DirectX::XMFLOAT4'에서는 'Engine::MaterialConstants'의 클라이언트에서 DLL 인터페이스를 사용하도록 지정해야 함
  (소스 파일 '../private/PSO.cpp'을(를) 컴파일하는 중)
      C:\Program Files (x86)\Windows Kits\10\Include\10.0.28000.0\um\DirectXMath.h(736,12):
      'DirectX::XMFLOAT4' 선언을 참조하십시오.
  
C:\Users\kkth3\OneDrive\문서\GitHub\250531\Client\Engine\public\Engine_Struct.h(87,21): warning C4251: 'Engine::MaterialConstants::FresnelR0': 'DirectX::XMFLOAT3'에서는 'Engine::MaterialConstants'의 클라이언트에서 DLL 인터페이스를 사용하도록 지정해야 함
  (소스 파일 '../private/PSO.cpp'을(를) 컴파일하는 중)
      C:\Program Files (x86)\Windows Kits\10\Include\10.0.28000.0\um\DirectXMath.h(661,12):
      'DirectX::XMFLOAT3' 선언을 참조하십시오.
  
C:\Users\kkth3\OneDrive\문서\GitHub\250531\Client\Engine\public\Engine_Struct.h(89,23): warning C4251: 'Engine::MaterialConstants::MatTransform': 'DirectX::XMFLOAT4X4'에서는 'Engine::MaterialConstants'의 클라이언트에서 DLL 인터페이스를 사용하도록 지정해야 함
  (소스 파일 '../private/PSO.cpp'을(를) 컴파일하는 중)
      C:\Program Files (x86)\Windows Kits\10\Include\10.0.28000.0\um\DirectXMath.h(964,12):
      'DirectX::XMFLOAT4X4' 선언을 참조하십시오.
  
C:\Users\kkth3\OneDrive\문서\GitHub\250531\Client\Engine\public\Engine_Struct.h(94,21): warning C4251: 'Engine::MaterialData::DiffuseAlbedo': 'DirectX::XMFLOAT4'에서는 'Engine::MaterialData'의 클라이언트에서 DLL 인터페이스를 사용하도록 지정해야 함
  (소스 파일 '../private/PSO.cpp'을(를) 컴파일하는 중)
      C:\Program Files (x86)\Windows Kits\10\Include\10.0.28000.0\um\DirectXMath.h(736,12):
      'DirectX::XMFLOAT4' 선언을 참조하십시오.
  
C:\Users\kkth3\OneDrive\문서\GitHub\250531\Client\Engine\public\Engine_Struct.h(95,21): warning C4251: 'Engine::MaterialData::FresnelR0': 'DirectX::XMFLOAT3'에서는 'Engine::MaterialData'의 클라이언트에서 DLL 인터페이스를 사용하도록 지정해야 함
  (소스 파일 '../private/PSO.cpp'을(를) 컴파일하는 중)
      C:\Program Files (x86)\Windows Kits\10\Include\10.0.28000.0\um\DirectXMath.h(661,12):
      'DirectX::XMFLOAT3' 선언을 참조하십시오.
  
C:\Users\kkth3\OneDrive\문서\GitHub\250531\Client\Engine\public\Engine_Struct.h(99,23): warning C4251: 'Engine::MaterialData::MatTransform': 'DirectX::XMFLOAT4X4'에서는 'Engine::MaterialData'의 클라이언트에서 DLL 인터페이스를 사용하도록 지정해야 함
  (소스 파일 '../private/PSO.cpp'을(를) 컴파일하는 중)
      C:\Program Files (x86)\Windows Kits\10\Include\10.0.28000.0\um\DirectXMath.h(964,12):
      'DirectX::XMFLOAT4X4' 선언을 참조하십시오.
  
C:\Users\kkth3\OneDrive\문서\GitHub\250531\Client\Engine\public\Engine_Struct.h(113,14): warning C4251: 'Engine::InstanceData::World': 'DirectX::XMFLOAT4X4'에서는 'Engine::InstanceData'의 클라이언트에서 DLL 인터페이스를 사용하도록 지정해야 함
  (소스 파일 '../private/PSO.cpp'을(를) 컴파일하는 중)
      C:\Program Files (x86)\Windows Kits\10\Include\10.0.28000.0\um\DirectXMath.h(964,12):
      'DirectX::XMFLOAT4X4' 선언을 참조하십시오.
  
C:\Users\kkth3\OneDrive\문서\GitHub\250531\Client\Engine\public\Engine_Struct.h(142,13): warning C4251: 'Engine::tagVertex_Position::vPosition': 'DirectX::XMFLOAT3'에서는 'Engine::tagVertex_Position'의 클라이언트에서 DLL 인터페이스를 사용하도록 지정해야 함
  (소스 파일 '../private/PSO.cpp'을(를) 컴파일하는 중)
      C:\Program Files (x86)\Windows Kits\10\Include\10.0.28000.0\um\DirectXMath.h(661,12):
      'DirectX::XMFLOAT3' 선언을 참조하십시오.
  
C:\Users\kkth3\OneDrive\문서\GitHub\250531\Client\Engine\public\Engine_Struct.h(151,13): warning C4251: 'Engine::tagVertex_Position_Normal::vPosition': 'DirectX::XMFLOAT3'에서는 'Engine::tagVertex_Position_Normal'의 클라이언트에서 DLL 인터페이스를 사용하도록 지정해야 함
  (소스 파일 '../private/PSO.cpp'을(를) 컴파일하는 중)
      C:\Program Files (x86)\Windows Kits\10\Include\10.0.28000.0\um\DirectXMath.h(661,12):
      'DirectX::XMFLOAT3' 선언을 참조하십시오.
  
C:\Users\kkth3\OneDrive\문서\GitHub\250531\Client\Engine\public\Engine_Struct.h(152,13): warning C4251: 'Engine::tagVertex_Position_Normal::vNormal': 'DirectX::XMFLOAT3'에서는 'Engine::tagVertex_Position_Normal'의 클라이언트에서 DLL 인터페이스를 사용하도록 지정해야 함
  (소스 파일 '../private/PSO.cpp'을(를) 컴파일하는 중)
      C:\Program Files (x86)\Windows Kits\10\Include\10.0.28000.0\um\DirectXMath.h(661,12):
      'DirectX::XMFLOAT3' 선언을 참조하십시오.
  
C:\Users\kkth3\OneDrive\문서\GitHub\250531\Client\Engine\public\Engine_Struct.h(161,13): warning C4251: 'Engine::tagVertex_Position_Texcoord::vPosition': 'DirectX::XMFLOAT3'에서는 'Engine::tagVertex_Position_Texcoord'의 클라이언트에서 DLL 인터페이스를 사용하도록 지정해야 함
  (소스 파일 '../private/PSO.cpp'을(를) 컴파일하는 중)
      C:\Program Files (x86)\Windows Kits\10\Include\10.0.28000.0\um\DirectXMath.h(661,12):
      'DirectX::XMFLOAT3' 선언을 참조하십시오.
  
C:\Users\kkth3\OneDrive\문서\GitHub\250531\Client\Engine\public\Engine_Struct.h(162,13): warning C4251: 'Engine::tagVertex_Position_Texcoord::vTexcoord': 'DirectX::XMFLOAT2'에서는 'Engine::tagVertex_Position_Texcoord'의 클라이언트에서 DLL 인터페이스를 사용하도록 지정해야 함
  (소스 파일 '../private/PSO.cpp'을(를) 컴파일하는 중)
      C:\Program Files (x86)\Windows Kits\10\Include\10.0.28000.0\um\DirectXMath.h(584,12):
      'DirectX::XMFLOAT2' 선언을 참조하십시오.
  
C:\Users\kkth3\OneDrive\문서\GitHub\250531\Client\Engine\public\Engine_Struct.h(171,13): warning C4251: 'Engine::tagVertex_Position_Normal_Texcoord::vPosition': 'DirectX::XMFLOAT3'에서는 'Engine::tagVertex_Position_Normal_Texcoord'의 클라이언트에서 DLL 인터페이스를 사용하도록 지정해야 함
  (소스 파일 '../private/PSO.cpp'을(를) 컴파일하는 중)
      C:\Program Files (x86)\Windows Kits\10\Include\10.0.28000.0\um\DirectXMath.h(661,12):
      'DirectX::XMFLOAT3' 선언을 참조하십시오.
  
C:\Users\kkth3\OneDrive\문서\GitHub\250531\Client\Engine\public\Engine_Struct.h(172,13): warning C4251: 'Engine::tagVertex_Position_Normal_Texcoord::vNormal': 'DirectX::XMFLOAT3'에서는 'Engine::tagVertex_Position_Normal_Texcoord'의 클라이언트에서 DLL 인터페이스를 사용하도록 지정해야 함
  (소스 파일 '../private/PSO.cpp'을(를) 컴파일하는 중)
      C:\Program Files (x86)\Windows Kits\10\Include\10.0.28000.0\um\DirectXMath.h(661,12):
      'DirectX::XMFLOAT3' 선언을 참조하십시오.
  
C:\Users\kkth3\OneDrive\문서\GitHub\250531\Client\Engine\public\Engine_Struct.h(173,13): warning C4251: 'Engine::tagVertex_Position_Normal_Texcoord::vTexcoord': 'DirectX::XMFLOAT2'에서는 'Engine::tagVertex_Position_Normal_Texcoord'의 클라이언트에서 DLL 인터페이스를 사용하도록 지정해야 함
  (소스 파일 '../private/PSO.cpp'을(를) 컴파일하는 중)
      C:\Program Files (x86)\Windows Kits\10\Include\10.0.28000.0\um\DirectXMath.h(584,12):
      'DirectX::XMFLOAT2' 선언을 참조하십시오.
  
C:\Users\kkth3\OneDrive\문서\GitHub\250531\Client\Engine\public\Engine_Struct.h(182,13): warning C4251: 'Engine::tagVertex_Position_Cube_Texcoord::vPosition': 'DirectX::XMFLOAT3'에서는 'Engine::tagVertex_Position_Cube_Texcoord'의 클라이언트에서 DLL 인터페이스를 사용하도록 지정해야 함
  (소스 파일 '../private/PSO.cpp'을(를) 컴파일하는 중)
      C:\Program Files (x86)\Windows Kits\10\Include\10.0.28000.0\um\DirectXMath.h(661,12):
      'DirectX::XMFLOAT3' 선언을 참조하십시오.
  
C:\Users\kkth3\OneDrive\문서\GitHub\250531\Client\Engine\public\Engine_Struct.h(183,13): warning C4251: 'Engine::tagVertex_Position_Cube_Texcoord::vTexcoord': 'DirectX::XMFLOAT3'에서는 'Engine::tagVertex_Position_Cube_Texcoord'의 클라이언트에서 DLL 인터페이스를 사용하도록 지정해야 함
  (소스 파일 '../private/PSO.cpp'을(를) 컴파일하는 중)
      C:\Program Files (x86)\Windows Kits\10\Include\10.0.28000.0\um\DirectXMath.h(661,12):
      'DirectX::XMFLOAT3' 선언을 참조하십시오.
  
C:\Users\kkth3\OneDrive\문서\GitHub\250531\Client\Engine\public\Engine_Struct.h(192,13): warning C4251: 'Engine::tagVertex_Mesh::vPosition': 'DirectX::XMFLOAT3'에서는 'Engine::tagVertex_Mesh'의 클라이언트에서 DLL 인터페이스를 사용하도록 지정해야 함
  (소스 파일 '../private/PSO.cpp'을(를) 컴파일하는 중)
      C:\Program Files (x86)\Windows Kits\10\Include\10.0.28000.0\um\DirectXMath.h(661,12):
      'DirectX::XMFLOAT3' 선언을 참조하십시오.
  
C:\Users\kkth3\OneDrive\문서\GitHub\250531\Client\Engine\public\Engine_Struct.h(193,13): warning C4251: 'Engine::tagVertex_Mesh::vNormal': 'DirectX::XMFLOAT3'에서는 'Engine::tagVertex_Mesh'의 클라이언트에서 DLL 인터페이스를 사용하도록 지정해야 함
  (소스 파일 '../private/PSO.cpp'을(를) 컴파일하는 중)
      C:\Program Files (x86)\Windows Kits\10\Include\10.0.28000.0\um\DirectXMath.h(661,12):
      'DirectX::XMFLOAT3' 선언을 참조하십시오.
  
C:\Users\kkth3\OneDrive\문서\GitHub\250531\Client\Engine\public\Engine_Struct.h(194,13): warning C4251: 'Engine::tagVertex_Mesh::vTexcoord': 'DirectX::XMFLOAT2'에서는 'Engine::tagVertex_Mesh'의 클라이언트에서 DLL 인터페이스를 사용하도록 지정해야 함
  (소스 파일 '../private/PSO.cpp'을(를) 컴파일하는 중)
      C:\Program Files (x86)\Windows Kits\10\Include\10.0.28000.0\um\DirectXMath.h(584,12):
      'DirectX::XMFLOAT2' 선언을 참조하십시오.
  
C:\Users\kkth3\OneDrive\문서\GitHub\250531\Client\Engine\public\Engine_Struct.h(195,13): warning C4251: 'Engine::tagVertex_Mesh::vTangent': 'DirectX::XMFLOAT3'에서는 'Engine::tagVertex_Mesh'의 클라이언트에서 DLL 인터페이스를 사용하도록 지정해야 함
  (소스 파일 '../private/PSO.cpp'을(를) 컴파일하는 중)
      C:\Program Files (x86)\Windows Kits\10\Include\10.0.28000.0\um\DirectXMath.h(661,12):
      'DirectX::XMFLOAT3' 선언을 참조하십시오.
  
C:\Users\kkth3\OneDrive\문서\GitHub\250531\Client\Engine\public\Engine_Struct.h(204,13): warning C4251: 'Engine::tagVertex_Anim_Mesh::vPosition': 'DirectX::XMFLOAT3'에서는 'Engine::tagVertex_Anim_Mesh'의 클라이언트에서 DLL 인터페이스를 사용하도록 지정해야 함
  (소스 파일 '../private/PSO.cpp'을(를) 컴파일하는 중)
      C:\Program Files (x86)\Windows Kits\10\Include\10.0.28000.0\um\DirectXMath.h(661,12):
      'DirectX::XMFLOAT3' 선언을 참조하십시오.
  
C:\Users\kkth3\OneDrive\문서\GitHub\250531\Client\Engine\public\Engine_Struct.h(205,13): warning C4251: 'Engine::tagVertex_Anim_Mesh::vNormal': 'DirectX::XMFLOAT3'에서는 'Engine::tagVertex_Anim_Mesh'의 클라이언트에서 DLL 인터페이스를 사용하도록 지정해야 함
  (소스 파일 '../private/PSO.cpp'을(를) 컴파일하는 중)
      C:\Program Files (x86)\Windows Kits\10\Include\10.0.28000.0\um\DirectXMath.h(661,12):
      'DirectX::XMFLOAT3' 선언을 참조하십시오.
  
C:\Users\kkth3\OneDrive\문서\GitHub\250531\Client\Engine\public\Engine_Struct.h(206,13): warning C4251: 'Engine::tagVertex_Anim_Mesh::vTexcoord': 'DirectX::XMFLOAT2'에서는 'Engine::tagVertex_Anim_Mesh'의 클라이언트에서 DLL 인터페이스를 사용하도록 지정해야 함
  (소스 파일 '../private/PSO.cpp'을(를) 컴파일하는 중)
      C:\Program Files (x86)\Windows Kits\10\Include\10.0.28000.0\um\DirectXMath.h(584,12):
      'DirectX::XMFLOAT2' 선언을 참조하십시오.
  
C:\Users\kkth3\OneDrive\문서\GitHub\250531\Client\Engine\public\Engine_Struct.h(207,13): warning C4251: 'Engine::tagVertex_Anim_Mesh::vTangent': 'DirectX::XMFLOAT3'에서는 'Engine::tagVertex_Anim_Mesh'의 클라이언트에서 DLL 인터페이스를 사용하도록 지정해야 함
  (소스 파일 '../private/PSO.cpp'을(를) 컴파일하는 중)
      C:\Program Files (x86)\Windows Kits\10\Include\10.0.28000.0\um\DirectXMath.h(661,12):
      'DirectX::XMFLOAT3' 선언을 참조하십시오.
  
C:\Users\kkth3\OneDrive\문서\GitHub\250531\Client\Engine\public\Engine_Struct.h(209,13): warning C4251: 'Engine::tagVertex_Anim_Mesh::vBlendIndices': 'DirectX::XMUINT4'에서는 'Engine::tagVertex_Anim_Mesh'의 클라이언트에서 DLL 인터페이스를 사용하도록 지정해야 함
  (소스 파일 '../private/PSO.cpp'을(를) 컴파일하는 중)
      C:\Program Files (x86)\Windows Kits\10\Include\10.0.28000.0\um\DirectXMath.h(793,12):
      'DirectX::XMUINT4' 선언을 참조하십시오.
  
C:\Users\kkth3\OneDrive\문서\GitHub\250531\Client\Engine\public\Engine_Struct.h(210,13): warning C4251: 'Engine::tagVertex_Anim_Mesh::vBlendWeights': 'DirectX::XMFLOAT4'에서는 'Engine::tagVertex_Anim_Mesh'의 클라이언트에서 DLL 인터페이스를 사용하도록 지정해야 함
  (소스 파일 '../private/PSO.cpp'을(를) 컴파일하는 중)
      C:\Program Files (x86)\Windows Kits\10\Include\10.0.28000.0\um\DirectXMath.h(736,12):
      'DirectX::XMFLOAT4' 선언을 참조하십시오.
  
C:\Users\kkth3\OneDrive\문서\GitHub\250531\Client\Engine\public\Transform.h(106,13): warning C4251: 'Engine::CTransform::m_WorldMatrix': 'DirectX::XMFLOAT4X4'에서는 'Engine::CTransform'의 클라이언트에서 DLL 인터페이스를 사용하도록 지정해야 함
  (소스 파일 '../private/PSO.cpp'을(를) 컴파일하는 중)
      C:\Program Files (x86)\Windows Kits\10\Include\10.0.28000.0\um\DirectXMath.h(964,12):
      'DirectX::XMFLOAT4X4' 선언을 참조하십시오.
  
C:\Users\kkth3\OneDrive\문서\GitHub\250531\Client\Engine\public\GameObject.h(39,43): warning C4251: 'Engine::CGameObject::m_Components': 'std::unordered_map<std::string,Engine::CComponent *,std::hash<std::string>,std::equal_to<std::string>,std::allocator<std::pair<const std::string,Engine::CComponent *>>>'에서는 'Engine::CGameObject'의 클라이언트에서 DLL 인터페이스를 사용하도록 지정해야 함
  (소스 파일 '../private/PSO.cpp'을(를) 컴파일하는 중)
      C:\Program Files\Microsoft Visual Studio\2022\Community\VC\Tools\MSVC\14.44.35207\include\unordered_map(61,7):
      'std::unordered_map<std::string,Engine::CComponent *,std::hash<std::string>,std::equal_to<std::string>,std::allocator<std::pair<const std::string,Engine::CComponent *>>>' 선언을 참조하십시오.
  
C:\Users\kkth3\OneDrive\문서\GitHub\250531\Client\Engine\public\Renderer.h(34,25): warning C4251: 'Engine::CRenderer::m_vRenderObjects': 'std::vector<Engine::CRenderObject *,std::allocator<Engine::CRenderObject *>>'에서는 'Engine::CRenderer'의 클라이언트에서 DLL 인터페이스를 사용하도록 지정해야 함
  (소스 파일 '../private/PSO.cpp'을(를) 컴파일하는 중)
      C:\Program Files\Microsoft Visual Studio\2022\Community\VC\Tools\MSVC\14.44.35207\include\vector(442,7):
      'std::vector<Engine::CRenderObject *,std::allocator<Engine::CRenderObject *>>' 선언을 참조하십시오.
  
C:\Users\kkth3\OneDrive\문서\GitHub\250531\Client\Engine\public\VIBuffer_Geos.h(24,50): warning C4251: 'Engine::CVIBuffer_Geos::m_SubMeshInfos': 'std::unordered_map<Engine::CVIBuffer_Geos::BASIC_SUBMESHES,SubmeshGeometry,std::hash<Engine::CVIBuffer_Geos::BASIC_SUBMESHES>,std::equal_to<Engine::CVIBuffer_Geos::BASIC_SUBMESHES>,std::allocator<std::pair<const Engine::CVIBuffer_Geos::BASIC_SUBMESHES,SubmeshGeometry>>>'에서는 'Engine::CVIBuffer_Geos'의 클라이언트에서 DLL 인터페이스를 사용하도록 지정해야 함
  (소스 파일 '../private/PSO.cpp'을(를) 컴파일하는 중)
      C:\Program Files\Microsoft Visual Studio\2022\Community\VC\Tools\MSVC\14.44.35207\include\unordered_map(61,7):
      'std::unordered_map<Engine::CVIBuffer_Geos::BASIC_SUBMESHES,SubmeshGeometry,std::hash<Engine::CVIBuffer_Geos::BASIC_SUBMESHES>,std::equal_to<Engine::CVIBuffer_Geos::BASIC_SUBMESHES>,std::allocator<std::pair<const Engine::CVIBuffer_Geos::BASIC_SUBMESHES,SubmeshGeometry>>>' 선언을 참조하십시오.
  
C:\Users\kkth3\OneDrive\문서\GitHub\250531\Client\Engine\public\Model.h(62,16): warning C4251: 'Engine::CModel::m_PivotMatrix': 'DirectX::XMFLOAT4X4'에서는 'Engine::CModel'의 클라이언트에서 DLL 인터페이스를 사용하도록 지정해야 함
  (소스 파일 '../private/PSO.cpp'을(를) 컴파일하는 중)
      C:\Program Files (x86)\Windows Kits\10\Include\10.0.28000.0\um\DirectXMath.h(964,12):
      'DirectX::XMFLOAT4X4' 선언을 참조하십시오.
  
C:\Users\kkth3\OneDrive\문서\GitHub\250531\Client\Engine\public\Model.h(66,26): warning C4251: 'Engine::CModel::m_Meshes': 'std::vector<Engine::CMesh *,std::allocator<Engine::CMesh *>>'에서는 'Engine::CModel'의 클라이언트에서 DLL 인터페이스를 사용하도록 지정해야 함
  (소스 파일 '../private/PSO.cpp'을(를) 컴파일하는 중)
      C:\Program Files\Microsoft Visual Studio\2022\Community\VC\Tools\MSVC\14.44.35207\include\vector(442,7):
      'std::vector<Engine::CMesh *,std::allocator<Engine::CMesh *>>' 선언을 참조하십시오.
  
C:\Users\kkth3\OneDrive\문서\GitHub\250531\Client\Engine\public\Model.h(68,26): warning C4251: 'Engine::CModel::m_Bones': 'std::vector<Engine::CBone *,std::allocator<Engine::CBone *>>'에서는 'Engine::CModel'의 클라이언트에서 DLL 인터페이스를 사용하도록 지정해야 함
  (소스 파일 '../private/PSO.cpp'을(를) 컴파일하는 중)
      C:\Program Files\Microsoft Visual Studio\2022\Community\VC\Tools\MSVC\14.44.35207\include\vector(442,7):
      'std::vector<Engine::CBone *,std::allocator<Engine::CBone *>>' 선언을 참조하십시오.
  
C:\Users\kkth3\OneDrive\문서\GitHub\250531\Client\Engine\public\VIBuffer_Terrain.h(72,41): warning C4251: 'Engine::CVIBuffer_Terrain::m_pHeightMap': 'std::shared_ptr<std::vector<float,std::allocator<float>>>'에서는 'Engine::CVIBuffer_Terrain'의 클라이언트에서 DLL 인터페이스를 사용하도록 지정해야 함
  (소스 파일 '../private/PSO.cpp'을(를) 컴파일하는 중)
      C:\Program Files\Microsoft Visual Studio\2022\Community\VC\Tools\MSVC\14.44.35207\include\memory(1565,7):
      'std::shared_ptr<std::vector<float,std::allocator<float>>>' 선언을 참조하십시오.
  
C:\Users\kkth3\OneDrive\문서\GitHub\250531\Client\Engine\public\VIBuffer_Terrain.h(74,33): warning C4251: 'Engine::CVIBuffer_Terrain::m_Chunks': 'std::vector<Engine::CVIBuffer_Terrain::TERRAINCHUNK,std::allocator<Engine::CVIBuffer_Terrain::TERRAINCHUNK>>'에서는 'Engine::CVIBuffer_Terrain'의 클라이언트에서 DLL 인터페이스를 사용하도록 지정해야 함
  (소스 파일 '../private/PSO.cpp'을(를) 컴파일하는 중)
      C:\Program Files\Microsoft Visual Studio\2022\Community\VC\Tools\MSVC\14.44.35207\include\vector(442,7):
      'std::vector<Engine::CVIBuffer_Terrain::TERRAINCHUNK,std::allocator<Engine::CVIBuffer_Terrain::TERRAINCHUNK>>' 선언을 참조하십시오.
  
C:\Users\kkth3\OneDrive\문서\GitHub\250531\Client\Engine\public\VIBuffer_Terrain.h(87,33): warning C4251: 'Engine::CVIBuffer_Terrain::m_ChunkLODs': 'std::vector<GeometryGenerator::uint32,std::allocator<GeometryGenerator::uint32>>'에서는 'Engine::CVIBuffer_Terrain'의 클라이언트에서 DLL 인터페이스를 사용하도록 지정해야 함
  (소스 파일 '../private/PSO.cpp'을(를) 컴파일하는 중)
      C:\Program Files\Microsoft Visual Studio\2022\Community\VC\Tools\MSVC\14.44.35207\include\vector(442,7):
      'std::vector<GeometryGenerator::uint32,std::allocator<GeometryGenerator::uint32>>' 선언을 참조하십시오.
  
C:\Users\kkth3\OneDrive\문서\GitHub\250531\Client\Engine\public\VIBuffer_Terrain.h(89,33): warning C4251: 'Engine::CVIBuffer_Terrain::m_FrustumPlanes': 'DirectX::XMFLOAT4'에서는 'Engine::CVIBuffer_Terrain'의 클라이언트에서 DLL 인터페이스를 사용하도록 지정해야 함
  (소스 파일 '../private/PSO.cpp'을(를) 컴파일하는 중)
      C:\Program Files (x86)\Windows Kits\10\Include\10.0.28000.0\um\DirectXMath.h(736,12):
      'DirectX::XMFLOAT4' 선언을 참조하십시오.
  
C:\Users\kkth3\OneDrive\문서\GitHub\250531\Client\Engine\public\CBBinding.h(26,54): warning C4244: '=': 'Engine::_uint'에서 'float'(으)로 변환하면서 데이터가 손실될 수 있습니다.
  (소스 파일 '../private/PSO.cpp'을(를) 컴파일하는 중)
  
C:\Users\kkth3\OneDrive\문서\GitHub\250531\Client\Engine\public\MeshModel.h(33,35): warning C4251: 'Engine::CMeshModel::m_Meshes': 'std::vector<Engine::CVIBuffer_Mesh *,std::allocator<Engine::CVIBuffer_Mesh *>>'에서는 'Engine::CMeshModel'의 클라이언트에서 DLL 인터페이스를 사용하도록 지정해야 함
  (소스 파일 '../private/PSO.cpp'을(를) 컴파일하는 중)
      C:\Program Files\Microsoft Visual Studio\2022\Community\VC\Tools\MSVC\14.44.35207\include\vector(442,7):
      'std::vector<Engine::CVIBuffer_Mesh *,std::allocator<Engine::CVIBuffer_Mesh *>>' 선언을 참조하십시오.
  
C:\Users\kkth3\OneDrive\문서\GitHub\250531\Client\Engine\public\RootSignatureMgr.h(29,54): warning C4251: 'Engine::CRootSignatureMgr::mRootSignatures': 'std::unordered_map<std::string,Engine::CRootSignature *,std::hash<std::string>,std::equal_to<std::string>,std::allocator<std::pair<const std::string,Engine::CRootSignature *>>>'에서는 'Engine::CRootSignatureMgr'의 클라이언트에서 DLL 인터페이스를 사용하도록 지정해야 함
  (소스 파일 '../private/PSO.cpp'을(를) 컴파일하는 중)
      C:\Program Files\Microsoft Visual Studio\2022\Community\VC\Tools\MSVC\14.44.35207\include\unordered_map(61,7):
      'std::unordered_map<std::string,Engine::CRootSignature *,std::hash<std::string>,std::equal_to<std::string>,std::allocator<std::pair<const std::string,Engine::CRootSignature *>>>' 선언을 참조하십시오.
  
C:\Users\kkth3\OneDrive\문서\GitHub\250531\Client\Engine\public\ObjectMgr.h(53,34): warning C4251: 'Engine::CObjectMgr::m_Layers': 'std::unordered_map<std::string,Engine::CObjectMgr::Layer,std::hash<std::string>,std::equal_to<std::string>,std::allocator<std::pair<const std::string,Engine::CObjectMgr::Layer>>>'에서는 'Engine::CObjectMgr'의 클라이언트에서 DLL 인터페이스를 사용하도록 지정해야 함
  (소스 파일 '../private/PSO.cpp'을(를) 컴파일하는 중)
      C:\Program Files\Microsoft Visual Studio\2022\Community\VC\Tools\MSVC\14.44.35207\include\unordered_map(61,7):
      'std::unordered_map<std::string,Engine::CObjectMgr::Layer,std::hash<std::string>,std::equal_to<std::string>,std::allocator<std::pair<const std::string,Engine::CObjectMgr::Layer>>>' 선언을 참조하십시오.
  
C:\Users\kkth3\OneDrive\문서\GitHub\250531\Client\Engine\public\ObjectMgr.h(54,41): warning C4251: 'Engine::CObjectMgr::m_Prototypes': 'std::unordered_map<std::string,Engine::CGameObject *,std::hash<std::string>,std::equal_to<std::string>,std::allocator<std::pair<const std::string,Engine::CGameObject *>>>'에서는 'Engine::CObjectMgr'의 클라이언트에서 DLL 인터페이스를 사용하도록 지정해야 함
  (소스 파일 '../private/PSO.cpp'을(를) 컴파일하는 중)
      C:\Program Files\Microsoft Visual Studio\2022\Community\VC\Tools\MSVC\14.44.35207\include\unordered_map(61,7):
      'std::unordered_map<std::string,Engine::CGameObject *,std::hash<std::string>,std::equal_to<std::string>,std::allocator<std::pair<const std::string,Engine::CGameObject *>>>' 선언을 참조하십시오.
  
C:\Users\kkth3\OneDrive\문서\GitHub\250531\Client\Engine\public\TextureMgr.h(74,32): warning C4251: 'Engine::CTextureMgr::hDescriptor': 'CD3DX12_CPU_DESCRIPTOR_HANDLE'에서는 'Engine::CTextureMgr'의 클라이언트에서 DLL 인터페이스를 사용하도록 지정해야 함
  (소스 파일 '../private/PSO.cpp'을(를) 컴파일하는 중)
      C:\Users\kkth3\OneDrive\문서\GitHub\250531\Client\Engine\public\d3dx12.h(1471,8):
      'CD3DX12_CPU_DESCRIPTOR_HANDLE' 선언을 참조하십시오.
  
C:\Users\kkth3\OneDrive\문서\GitHub\250531\Client\Engine\public\TextureMgr.h(78,34): warning C4251: 'Engine::CTextureMgr::m_Textures': 'std::vector<std::pair<std::string,Engine::CTexture *>,std::allocator<std::pair<std::string,Engine::CTexture *>>>'에서는 'Engine::CTextureMgr'의 클라이언트에서 DLL 인터페이스를 사용하도록 지정해야 함
  (소스 파일 '../private/PSO.cpp'을(를) 컴파일하는 중)
      C:\Program Files\Microsoft Visual Studio\2022\Community\VC\Tools\MSVC\14.44.35207\include\vector(442,7):
      'std::vector<std::pair<std::string,Engine::CTexture *>,std::allocator<std::pair<std::string,Engine::CTexture *>>>' 선언을 참조하십시오.
  
C:\Users\kkth3\OneDrive\문서\GitHub\250531\Client\Engine\public\GameInstance.h(143,12): warning C4251: 'Engine::CGameInstance::m_CameraViewProj': 'DirectX::XMFLOAT4X4'에서는 'Engine::CGameInstance'의 클라이언트에서 DLL 인터페이스를 사용하도록 지정해야 함
  (소스 파일 '../private/PSO.cpp'을(를) 컴파일하는 중)
      C:\Program Files (x86)\Windows Kits\10\Include\10.0.28000.0\um\DirectXMath.h(964,12):
      'DirectX::XMFLOAT4X4' 선언을 참조하십시오.
  
C:\Users\kkth3\OneDrive\문서\GitHub\250531\Client\Engine\public\GameInstance.h(144,12): warning C4251: 'Engine::CGameInstance::m_ShadowViewProj': 'DirectX::XMFLOAT4X4'에서는 'Engine::CGameInstance'의 클라이언트에서 DLL 인터페이스를 사용하도록 지정해야 함
  (소스 파일 '../private/PSO.cpp'을(를) 컴파일하는 중)
      C:\Program Files (x86)\Windows Kits\10\Include\10.0.28000.0\um\DirectXMath.h(964,12):
      'DirectX::XMFLOAT4X4' 선언을 참조하십시오.
  
C:\Users\kkth3\OneDrive\문서\GitHub\250531\Client\Engine\public\GameInstance.h(145,11): warning C4251: 'Engine::CGameInstance::m_CameraEye': 'DirectX::XMFLOAT3'에서는 'Engine::CGameInstance'의 클라이언트에서 DLL 인터페이스를 사용하도록 지정해야 함
  (소스 파일 '../private/PSO.cpp'을(를) 컴파일하는 중)
      C:\Program Files (x86)\Windows Kits\10\Include\10.0.28000.0\um\DirectXMath.h(661,12):
      'DirectX::XMFLOAT3' 선언을 참조하십시오.
  
  컴파일하고 있습니다...
  PSOMgr.cpp
C:\Users\kkth3\OneDrive\문서\GitHub\250531\Client\Engine\public\Engine_Struct.h(21,14): warning C4251: 'Engine::ObjectConstants::World': 'DirectX::XMFLOAT4X4'에서는 'Engine::ObjectConstants'의 클라이언트에서 DLL 인터페이스를 사용하도록 지정해야 함
  (소스 파일 '../private/PSOMgr.cpp'을(를) 컴파일하는 중)
      C:\Program Files (x86)\Windows Kits\10\Include\10.0.28000.0\um\DirectXMath.h(964,12):
      'DirectX::XMFLOAT4X4' 선언을 참조하십시오.
  
C:\Users\kkth3\OneDrive\문서\GitHub\250531\Client\Engine\public\Engine_Struct.h(22,14): warning C4251: 'Engine::ObjectConstants::TexTransform': 'DirectX::XMFLOAT4X4'에서는 'Engine::ObjectConstants'의 클라이언트에서 DLL 인터페이스를 사용하도록 지정해야 함
  (소스 파일 '../private/PSOMgr.cpp'을(를) 컴파일하는 중)
      C:\Program Files (x86)\Windows Kits\10\Include\10.0.28000.0\um\DirectXMath.h(964,12):
      'DirectX::XMFLOAT4X4' 선언을 참조하십시오.
  
C:\Users\kkth3\OneDrive\문서\GitHub\250531\Client\Engine\public\Engine_Struct.h(31,21): warning C4251: 'Engine::Light::Strength': 'DirectX::XMFLOAT3'에서는 'Engine::Light'의 클라이언트에서 DLL 인터페이스를 사용하도록 지정해야 함
  (소스 파일 '../private/PSOMgr.cpp'을(를) 컴파일하는 중)
      C:\Program Files (x86)\Windows Kits\10\Include\10.0.28000.0\um\DirectXMath.h(661,12):
      'DirectX::XMFLOAT3' 선언을 참조하십시오.
  
C:\Users\kkth3\OneDrive\문서\GitHub\250531\Client\Engine\public\Engine_Struct.h(33,21): warning C4251: 'Engine::Light::Direction': 'DirectX::XMFLOAT3'에서는 'Engine::Light'의 클라이언트에서 DLL 인터페이스를 사용하도록 지정해야 함
  (소스 파일 '../private/PSOMgr.cpp'을(를) 컴파일하는 중)
      C:\Program Files (x86)\Windows Kits\10\Include\10.0.28000.0\um\DirectXMath.h(661,12):
      'DirectX::XMFLOAT3' 선언을 참조하십시오.
  
C:\Users\kkth3\OneDrive\문서\GitHub\250531\Client\Engine\public\Engine_Struct.h(35,21): warning C4251: 'Engine::Light::Position': 'DirectX::XMFLOAT3'에서는 'Engine::Light'의 클라이언트에서 DLL 인터페이스를 사용하도록 지정해야 함
  (소스 파일 '../private/PSOMgr.cpp'을(를) 컴파일하는 중)
      C:\Program Files (x86)\Windows Kits\10\Include\10.0.28000.0\um\DirectXMath.h(661,12):
      'DirectX::XMFLOAT3' 선언을 참조하십시오.
  
C:\Users\kkth3\OneDrive\문서\GitHub\250531\Client\Engine\public\Engine_Struct.h(41,23): warning C4251: 'Engine::PassConstants::View': 'DirectX::XMFLOAT4X4'에서는 'Engine::PassConstants'의 클라이언트에서 DLL 인터페이스를 사용하도록 지정해야 함
  (소스 파일 '../private/PSOMgr.cpp'을(를) 컴파일하는 중)
      C:\Program Files (x86)\Windows Kits\10\Include\10.0.28000.0\um\DirectXMath.h(964,12):
      'DirectX::XMFLOAT4X4' 선언을 참조하십시오.
  
C:\Users\kkth3\OneDrive\문서\GitHub\250531\Client\Engine\public\Engine_Struct.h(42,23): warning C4251: 'Engine::PassConstants::InvView': 'DirectX::XMFLOAT4X4'에서는 'Engine::PassConstants'의 클라이언트에서 DLL 인터페이스를 사용하도록 지정해야 함
  (소스 파일 '../private/PSOMgr.cpp'을(를) 컴파일하는 중)
      C:\Program Files (x86)\Windows Kits\10\Include\10.0.28000.0\um\DirectXMath.h(964,12):
      'DirectX::XMFLOAT4X4' 선언을 참조하십시오.
  
C:\Users\kkth3\OneDrive\문서\GitHub\250531\Client\Engine\public\Engine_Struct.h(43,23): warning C4251: 'Engine::PassConstants::Proj': 'DirectX::XMFLOAT4X4'에서는 'Engine::PassConstants'의 클라이언트에서 DLL 인터페이스를 사용하도록 지정해야 함
  (소스 파일 '../private/PSOMgr.cpp'을(를) 컴파일하는 중)
      C:\Program Files (x86)\Windows Kits\10\Include\10.0.28000.0\um\DirectXMath.h(964,12):
      'DirectX::XMFLOAT4X4' 선언을 참조하십시오.
  
C:\Users\kkth3\OneDrive\문서\GitHub\250531\Client\Engine\public\Engine_Struct.h(44,23): warning C4251: 'Engine::PassConstants::InvProj': 'DirectX::XMFLOAT4X4'에서는 'Engine::PassConstants'의 클라이언트에서 DLL 인터페이스를 사용하도록 지정해야 함
  (소스 파일 '../private/PSOMgr.cpp'을(를) 컴파일하는 중)
      C:\Program Files (x86)\Windows Kits\10\Include\10.0.28000.0\um\DirectXMath.h(964,12):
      'DirectX::XMFLOAT4X4' 선언을 참조하십시오.
  
C:\Users\kkth3\OneDrive\문서\GitHub\250531\Client\Engine\public\Engine_Struct.h(45,23): warning C4251: 'Engine::PassConstants::ViewProj': 'DirectX::XMFLOAT4X4'에서는 'Engine::PassConstants'의 클라이언트에서 DLL 인터페이스를 사용하도록 지정해야 함
  (소스 파일 '../private/PSOMgr.cpp'을(를) 컴파일하는 중)
      C:\Program Files (x86)\Windows Kits\10\Include\10.0.28000.0\um\DirectXMath.h(964,12):
      'DirectX::XMFLOAT4X4' 선언을 참조하십시오.
  
C:\Users\kkth3\OneDrive\문서\GitHub\250531\Client\Engine\public\Engine_Struct.h(46,23): warning C4251: 'Engine::PassConstants::InvViewProj': 'DirectX::XMFLOAT4X4'에서는 'Engine::PassConstants'의 클라이언트에서 DLL 인터페이스를 사용하도록 지정해야 함
  (소스 파일 '../private/PSOMgr.cpp'을(를) 컴파일하는 중)
      C:\Program Files (x86)\Windows Kits\10\Include\10.0.28000.0\um\DirectXMath.h(964,12):
      'DirectX::XMFLOAT4X4' 선언을 참조하십시오.
  
C:\Users\kkth3\OneDrive\문서\GitHub\250531\Client\Engine\public\Engine_Struct.h(47,23): warning C4251: 'Engine::PassConstants::ShadowTransform': 'DirectX::XMFLOAT4X4'에서는 'Engine::PassConstants'의 클라이언트에서 DLL 인터페이스를 사용하도록 지정해야 함
  (소스 파일 '../private/PSOMgr.cpp'을(를) 컴파일하는 중)
      C:\Program Files (x86)\Windows Kits\10\Include\10.0.28000.0\um\DirectXMath.h(964,12):
      'DirectX::XMFLOAT4X4' 선언을 참조하십시오.
  
C:\Users\kkth3\OneDrive\문서\GitHub\250531\Client\Engine\public\Engine_Struct.h(48,21): warning C4251: 'Engine::PassConstants::EyePosW': 'DirectX::XMFLOAT3'에서는 'Engine::PassConstants'의 클라이언트에서 DLL 인터페이스를 사용하도록 지정해야 함
  (소스 파일 '../private/PSOMgr.cpp'을(를) 컴파일하는 중)
      C:\Program Files (x86)\Windows Kits\10\Include\10.0.28000.0\um\DirectXMath.h(661,12):
      'DirectX::XMFLOAT3' 선언을 참조하십시오.
  
C:\Users\kkth3\OneDrive\문서\GitHub\250531\Client\Engine\public\Engine_Struct.h(50,21): warning C4251: 'Engine::PassConstants::RenderTargetSize': 'DirectX::XMFLOAT2'에서는 'Engine::PassConstants'의 클라이언트에서 DLL 인터페이스를 사용하도록 지정해야 함
  (소스 파일 '../private/PSOMgr.cpp'을(를) 컴파일하는 중)
      C:\Program Files (x86)\Windows Kits\10\Include\10.0.28000.0\um\DirectXMath.h(584,12):
      'DirectX::XMFLOAT2' 선언을 참조하십시오.
  
C:\Users\kkth3\OneDrive\문서\GitHub\250531\Client\Engine\public\Engine_Struct.h(51,21): warning C4251: 'Engine::PassConstants::InvRenderTargetSize': 'DirectX::XMFLOAT2'에서는 'Engine::PassConstants'의 클라이언트에서 DLL 인터페이스를 사용하도록 지정해야 함
  (소스 파일 '../private/PSOMgr.cpp'을(를) 컴파일하는 중)
      C:\Program Files (x86)\Windows Kits\10\Include\10.0.28000.0\um\DirectXMath.h(584,12):
      'DirectX::XMFLOAT2' 선언을 참조하십시오.
  
C:\Users\kkth3\OneDrive\문서\GitHub\250531\Client\Engine\public\Engine_Struct.h(57,21): warning C4251: 'Engine::PassConstants::AmbientLight': 'DirectX::XMFLOAT4'에서는 'Engine::PassConstants'의 클라이언트에서 DLL 인터페이스를 사용하도록 지정해야 함
  (소스 파일 '../private/PSOMgr.cpp'을(를) 컴파일하는 중)
      C:\Program Files (x86)\Windows Kits\10\Include\10.0.28000.0\um\DirectXMath.h(736,12):
      'DirectX::XMFLOAT4' 선언을 참조하십시오.
  
C:\Users\kkth3\OneDrive\문서\GitHub\250531\Client\Engine\public\Engine_Struct.h(86,21): warning C4251: 'Engine::MaterialConstants::DiffuseAlbedo': 'DirectX::XMFLOAT4'에서는 'Engine::MaterialConstants'의 클라이언트에서 DLL 인터페이스를 사용하도록 지정해야 함
  (소스 파일 '../private/PSOMgr.cpp'을(를) 컴파일하는 중)
      C:\Program Files (x86)\Windows Kits\10\Include\10.0.28000.0\um\DirectXMath.h(736,12):
      'DirectX::XMFLOAT4' 선언을 참조하십시오.
  
C:\Users\kkth3\OneDrive\문서\GitHub\250531\Client\Engine\public\Engine_Struct.h(87,21): warning C4251: 'Engine::MaterialConstants::FresnelR0': 'DirectX::XMFLOAT3'에서는 'Engine::MaterialConstants'의 클라이언트에서 DLL 인터페이스를 사용하도록 지정해야 함
  (소스 파일 '../private/PSOMgr.cpp'을(를) 컴파일하는 중)
      C:\Program Files (x86)\Windows Kits\10\Include\10.0.28000.0\um\DirectXMath.h(661,12):
      'DirectX::XMFLOAT3' 선언을 참조하십시오.
  
C:\Users\kkth3\OneDrive\문서\GitHub\250531\Client\Engine\public\Engine_Struct.h(89,23): warning C4251: 'Engine::MaterialConstants::MatTransform': 'DirectX::XMFLOAT4X4'에서는 'Engine::MaterialConstants'의 클라이언트에서 DLL 인터페이스를 사용하도록 지정해야 함
  (소스 파일 '../private/PSOMgr.cpp'을(를) 컴파일하는 중)
      C:\Program Files (x86)\Windows Kits\10\Include\10.0.28000.0\um\DirectXMath.h(964,12):
      'DirectX::XMFLOAT4X4' 선언을 참조하십시오.
  
C:\Users\kkth3\OneDrive\문서\GitHub\250531\Client\Engine\public\Engine_Struct.h(94,21): warning C4251: 'Engine::MaterialData::DiffuseAlbedo': 'DirectX::XMFLOAT4'에서는 'Engine::MaterialData'의 클라이언트에서 DLL 인터페이스를 사용하도록 지정해야 함
  (소스 파일 '../private/PSOMgr.cpp'을(를) 컴파일하는 중)
      C:\Program Files (x86)\Windows Kits\10\Include\10.0.28000.0\um\DirectXMath.h(736,12):
      'DirectX::XMFLOAT4' 선언을 참조하십시오.
  
C:\Users\kkth3\OneDrive\문서\GitHub\250531\Client\Engine\public\Engine_Struct.h(95,21): warning C4251: 'Engine::MaterialData::FresnelR0': 'DirectX::XMFLOAT3'에서는 'Engine::MaterialData'의 클라이언트에서 DLL 인터페이스를 사용하도록 지정해야 함
  (소스 파일 '../private/PSOMgr.cpp'을(를) 컴파일하는 중)
      C:\Program Files (x86)\Windows Kits\10\Include\10.0.28000.0\um\DirectXMath.h(661,12):
      'DirectX::XMFLOAT3' 선언을 참조하십시오.
  
C:\Users\kkth3\OneDrive\문서\GitHub\250531\Client\Engine\public\Engine_Struct.h(99,23): warning C4251: 'Engine::MaterialData::MatTransform': 'DirectX::XMFLOAT4X4'에서는 'Engine::MaterialData'의 클라이언트에서 DLL 인터페이스를 사용하도록 지정해야 함
  (소스 파일 '../private/PSOMgr.cpp'을(를) 컴파일하는 중)
      C:\Program Files (x86)\Windows Kits\10\Include\10.0.28000.0\um\DirectXMath.h(964,12):
      'DirectX::XMFLOAT4X4' 선언을 참조하십시오.
  
C:\Users\kkth3\OneDrive\문서\GitHub\250531\Client\Engine\public\Engine_Struct.h(113,14): warning C4251: 'Engine::InstanceData::World': 'DirectX::XMFLOAT4X4'에서는 'Engine::InstanceData'의 클라이언트에서 DLL 인터페이스를 사용하도록 지정해야 함
  (소스 파일 '../private/PSOMgr.cpp'을(를) 컴파일하는 중)
      C:\Program Files (x86)\Windows Kits\10\Include\10.0.28000.0\um\DirectXMath.h(964,12):
      'DirectX::XMFLOAT4X4' 선언을 참조하십시오.
  
C:\Users\kkth3\OneDrive\문서\GitHub\250531\Client\Engine\public\Engine_Struct.h(142,13): warning C4251: 'Engine::tagVertex_Position::vPosition': 'DirectX::XMFLOAT3'에서는 'Engine::tagVertex_Position'의 클라이언트에서 DLL 인터페이스를 사용하도록 지정해야 함
  (소스 파일 '../private/PSOMgr.cpp'을(를) 컴파일하는 중)
      C:\Program Files (x86)\Windows Kits\10\Include\10.0.28000.0\um\DirectXMath.h(661,12):
      'DirectX::XMFLOAT3' 선언을 참조하십시오.
  
C:\Users\kkth3\OneDrive\문서\GitHub\250531\Client\Engine\public\Engine_Struct.h(151,13): warning C4251: 'Engine::tagVertex_Position_Normal::vPosition': 'DirectX::XMFLOAT3'에서는 'Engine::tagVertex_Position_Normal'의 클라이언트에서 DLL 인터페이스를 사용하도록 지정해야 함
  (소스 파일 '../private/PSOMgr.cpp'을(를) 컴파일하는 중)
      C:\Program Files (x86)\Windows Kits\10\Include\10.0.28000.0\um\DirectXMath.h(661,12):
      'DirectX::XMFLOAT3' 선언을 참조하십시오.
  
C:\Users\kkth3\OneDrive\문서\GitHub\250531\Client\Engine\public\Engine_Struct.h(152,13): warning C4251: 'Engine::tagVertex_Position_Normal::vNormal': 'DirectX::XMFLOAT3'에서는 'Engine::tagVertex_Position_Normal'의 클라이언트에서 DLL 인터페이스를 사용하도록 지정해야 함
  (소스 파일 '../private/PSOMgr.cpp'을(를) 컴파일하는 중)
      C:\Program Files (x86)\Windows Kits\10\Include\10.0.28000.0\um\DirectXMath.h(661,12):
      'DirectX::XMFLOAT3' 선언을 참조하십시오.
  
C:\Users\kkth3\OneDrive\문서\GitHub\250531\Client\Engine\public\Engine_Struct.h(161,13): warning C4251: 'Engine::tagVertex_Position_Texcoord::vPosition': 'DirectX::XMFLOAT3'에서는 'Engine::tagVertex_Position_Texcoord'의 클라이언트에서 DLL 인터페이스를 사용하도록 지정해야 함
  (소스 파일 '../private/PSOMgr.cpp'을(를) 컴파일하는 중)
      C:\Program Files (x86)\Windows Kits\10\Include\10.0.28000.0\um\DirectXMath.h(661,12):
      'DirectX::XMFLOAT3' 선언을 참조하십시오.
  
C:\Users\kkth3\OneDrive\문서\GitHub\250531\Client\Engine\public\Engine_Struct.h(162,13): warning C4251: 'Engine::tagVertex_Position_Texcoord::vTexcoord': 'DirectX::XMFLOAT2'에서는 'Engine::tagVertex_Position_Texcoord'의 클라이언트에서 DLL 인터페이스를 사용하도록 지정해야 함
  (소스 파일 '../private/PSOMgr.cpp'을(를) 컴파일하는 중)
      C:\Program Files (x86)\Windows Kits\10\Include\10.0.28000.0\um\DirectXMath.h(584,12):
      'DirectX::XMFLOAT2' 선언을 참조하십시오.
  
C:\Users\kkth3\OneDrive\문서\GitHub\250531\Client\Engine\public\Engine_Struct.h(171,13): warning C4251: 'Engine::tagVertex_Position_Normal_Texcoord::vPosition': 'DirectX::XMFLOAT3'에서는 'Engine::tagVertex_Position_Normal_Texcoord'의 클라이언트에서 DLL 인터페이스를 사용하도록 지정해야 함
  (소스 파일 '../private/PSOMgr.cpp'을(를) 컴파일하는 중)
      C:\Program Files (x86)\Windows Kits\10\Include\10.0.28000.0\um\DirectXMath.h(661,12):
      'DirectX::XMFLOAT3' 선언을 참조하십시오.
  
C:\Users\kkth3\OneDrive\문서\GitHub\250531\Client\Engine\public\Engine_Struct.h(172,13): warning C4251: 'Engine::tagVertex_Position_Normal_Texcoord::vNormal': 'DirectX::XMFLOAT3'에서는 'Engine::tagVertex_Position_Normal_Texcoord'의 클라이언트에서 DLL 인터페이스를 사용하도록 지정해야 함
  (소스 파일 '../private/PSOMgr.cpp'을(를) 컴파일하는 중)
      C:\Program Files (x86)\Windows Kits\10\Include\10.0.28000.0\um\DirectXMath.h(661,12):
      'DirectX::XMFLOAT3' 선언을 참조하십시오.
  
C:\Users\kkth3\OneDrive\문서\GitHub\250531\Client\Engine\public\Engine_Struct.h(173,13): warning C4251: 'Engine::tagVertex_Position_Normal_Texcoord::vTexcoord': 'DirectX::XMFLOAT2'에서는 'Engine::tagVertex_Position_Normal_Texcoord'의 클라이언트에서 DLL 인터페이스를 사용하도록 지정해야 함
  (소스 파일 '../private/PSOMgr.cpp'을(를) 컴파일하는 중)
      C:\Program Files (x86)\Windows Kits\10\Include\10.0.28000.0\um\DirectXMath.h(584,12):
      'DirectX::XMFLOAT2' 선언을 참조하십시오.
  
C:\Users\kkth3\OneDrive\문서\GitHub\250531\Client\Engine\public\Engine_Struct.h(182,13): warning C4251: 'Engine::tagVertex_Position_Cube_Texcoord::vPosition': 'DirectX::XMFLOAT3'에서는 'Engine::tagVertex_Position_Cube_Texcoord'의 클라이언트에서 DLL 인터페이스를 사용하도록 지정해야 함
  (소스 파일 '../private/PSOMgr.cpp'을(를) 컴파일하는 중)
      C:\Program Files (x86)\Windows Kits\10\Include\10.0.28000.0\um\DirectXMath.h(661,12):
      'DirectX::XMFLOAT3' 선언을 참조하십시오.
  
C:\Users\kkth3\OneDrive\문서\GitHub\250531\Client\Engine\public\Engine_Struct.h(183,13): warning C4251: 'Engine::tagVertex_Position_Cube_Texcoord::vTexcoord': 'DirectX::XMFLOAT3'에서는 'Engine::tagVertex_Position_Cube_Texcoord'의 클라이언트에서 DLL 인터페이스를 사용하도록 지정해야 함
  (소스 파일 '../private/PSOMgr.cpp'을(를) 컴파일하는 중)
      C:\Program Files (x86)\Windows Kits\10\Include\10.0.28000.0\um\DirectXMath.h(661,12):
      'DirectX::XMFLOAT3' 선언을 참조하십시오.
  
C:\Users\kkth3\OneDrive\문서\GitHub\250531\Client\Engine\public\Engine_Struct.h(192,13): warning C4251: 'Engine::tagVertex_Mesh::vPosition': 'DirectX::XMFLOAT3'에서는 'Engine::tagVertex_Mesh'의 클라이언트에서 DLL 인터페이스를 사용하도록 지정해야 함
  (소스 파일 '../private/PSOMgr.cpp'을(를) 컴파일하는 중)
      C:\Program Files (x86)\Windows Kits\10\Include\10.0.28000.0\um\DirectXMath.h(661,12):
      'DirectX::XMFLOAT3' 선언을 참조하십시오.
  
C:\Users\kkth3\OneDrive\문서\GitHub\250531\Client\Engine\public\Engine_Struct.h(193,13): warning C4251: 'Engine::tagVertex_Mesh::vNormal': 'DirectX::XMFLOAT3'에서는 'Engine::tagVertex_Mesh'의 클라이언트에서 DLL 인터페이스를 사용하도록 지정해야 함
  (소스 파일 '../private/PSOMgr.cpp'을(를) 컴파일하는 중)
      C:\Program Files (x86)\Windows Kits\10\Include\10.0.28000.0\um\DirectXMath.h(661,12):
      'DirectX::XMFLOAT3' 선언을 참조하십시오.
  
C:\Users\kkth3\OneDrive\문서\GitHub\250531\Client\Engine\public\Engine_Struct.h(194,13): warning C4251: 'Engine::tagVertex_Mesh::vTexcoord': 'DirectX::XMFLOAT2'에서는 'Engine::tagVertex_Mesh'의 클라이언트에서 DLL 인터페이스를 사용하도록 지정해야 함
  (소스 파일 '../private/PSOMgr.cpp'을(를) 컴파일하는 중)
      C:\Program Files (x86)\Windows Kits\10\Include\10.0.28000.0\um\DirectXMath.h(584,12):
      'DirectX::XMFLOAT2' 선언을 참조하십시오.
  
C:\Users\kkth3\OneDrive\문서\GitHub\250531\Client\Engine\public\Engine_Struct.h(195,13): warning C4251: 'Engine::tagVertex_Mesh::vTangent': 'DirectX::XMFLOAT3'에서는 'Engine::tagVertex_Mesh'의 클라이언트에서 DLL 인터페이스를 사용하도록 지정해야 함
  (소스 파일 '../private/PSOMgr.cpp'을(를) 컴파일하는 중)
      C:\Program Files (x86)\Windows Kits\10\Include\10.0.28000.0\um\DirectXMath.h(661,12):
      'DirectX::XMFLOAT3' 선언을 참조하십시오.
  
C:\Users\kkth3\OneDrive\문서\GitHub\250531\Client\Engine\public\Engine_Struct.h(204,13): warning C4251: 'Engine::tagVertex_Anim_Mesh::vPosition': 'DirectX::XMFLOAT3'에서는 'Engine::tagVertex_Anim_Mesh'의 클라이언트에서 DLL 인터페이스를 사용하도록 지정해야 함
  (소스 파일 '../private/PSOMgr.cpp'을(를) 컴파일하는 중)
      C:\Program Files (x86)\Windows Kits\10\Include\10.0.28000.0\um\DirectXMath.h(661,12):
      'DirectX::XMFLOAT3' 선언을 참조하십시오.
  
C:\Users\kkth3\OneDrive\문서\GitHub\250531\Client\Engine\public\Engine_Struct.h(205,13): warning C4251: 'Engine::tagVertex_Anim_Mesh::vNormal': 'DirectX::XMFLOAT3'에서는 'Engine::tagVertex_Anim_Mesh'의 클라이언트에서 DLL 인터페이스를 사용하도록 지정해야 함
  (소스 파일 '../private/PSOMgr.cpp'을(를) 컴파일하는 중)
      C:\Program Files (x86)\Windows Kits\10\Include\10.0.28000.0\um\DirectXMath.h(661,12):
      'DirectX::XMFLOAT3' 선언을 참조하십시오.
  
C:\Users\kkth3\OneDrive\문서\GitHub\250531\Client\Engine\public\Engine_Struct.h(206,13): warning C4251: 'Engine::tagVertex_Anim_Mesh::vTexcoord': 'DirectX::XMFLOAT2'에서는 'Engine::tagVertex_Anim_Mesh'의 클라이언트에서 DLL 인터페이스를 사용하도록 지정해야 함
  (소스 파일 '../private/PSOMgr.cpp'을(를) 컴파일하는 중)
      C:\Program Files (x86)\Windows Kits\10\Include\10.0.28000.0\um\DirectXMath.h(584,12):
      'DirectX::XMFLOAT2' 선언을 참조하십시오.
  
C:\Users\kkth3\OneDrive\문서\GitHub\250531\Client\Engine\public\Engine_Struct.h(207,13): warning C4251: 'Engine::tagVertex_Anim_Mesh::vTangent': 'DirectX::XMFLOAT3'에서는 'Engine::tagVertex_Anim_Mesh'의 클라이언트에서 DLL 인터페이스를 사용하도록 지정해야 함
  (소스 파일 '../private/PSOMgr.cpp'을(를) 컴파일하는 중)
      C:\Program Files (x86)\Windows Kits\10\Include\10.0.28000.0\um\DirectXMath.h(661,12):
      'DirectX::XMFLOAT3' 선언을 참조하십시오.
  
C:\Users\kkth3\OneDrive\문서\GitHub\250531\Client\Engine\public\Engine_Struct.h(209,13): warning C4251: 'Engine::tagVertex_Anim_Mesh::vBlendIndices': 'DirectX::XMUINT4'에서는 'Engine::tagVertex_Anim_Mesh'의 클라이언트에서 DLL 인터페이스를 사용하도록 지정해야 함
  (소스 파일 '../private/PSOMgr.cpp'을(를) 컴파일하는 중)
      C:\Program Files (x86)\Windows Kits\10\Include\10.0.28000.0\um\DirectXMath.h(793,12):
      'DirectX::XMUINT4' 선언을 참조하십시오.
  
C:\Users\kkth3\OneDrive\문서\GitHub\250531\Client\Engine\public\Engine_Struct.h(210,13): warning C4251: 'Engine::tagVertex_Anim_Mesh::vBlendWeights': 'DirectX::XMFLOAT4'에서는 'Engine::tagVertex_Anim_Mesh'의 클라이언트에서 DLL 인터페이스를 사용하도록 지정해야 함
  (소스 파일 '../private/PSOMgr.cpp'을(를) 컴파일하는 중)
      C:\Program Files (x86)\Windows Kits\10\Include\10.0.28000.0\um\DirectXMath.h(736,12):
      'DirectX::XMFLOAT4' 선언을 참조하십시오.
  
  Random_Manager.cpp
C:\Users\kkth3\OneDrive\문서\GitHub\250531\Client\Engine\Public\Engine_Struct.h(21,14): warning C4251: 'Engine::ObjectConstants::World': 'DirectX::XMFLOAT4X4'에서는 'Engine::ObjectConstants'의 클라이언트에서 DLL 인터페이스를 사용하도록 지정해야 함
  (소스 파일 '../private/Random_Manager.cpp'을(를) 컴파일하는 중)
      C:\Program Files (x86)\Windows Kits\10\Include\10.0.28000.0\um\DirectXMath.h(964,12):
      'DirectX::XMFLOAT4X4' 선언을 참조하십시오.
  
C:\Users\kkth3\OneDrive\문서\GitHub\250531\Client\Engine\Public\Engine_Struct.h(22,14): warning C4251: 'Engine::ObjectConstants::TexTransform': 'DirectX::XMFLOAT4X4'에서는 'Engine::ObjectConstants'의 클라이언트에서 DLL 인터페이스를 사용하도록 지정해야 함
  (소스 파일 '../private/Random_Manager.cpp'을(를) 컴파일하는 중)
      C:\Program Files (x86)\Windows Kits\10\Include\10.0.28000.0\um\DirectXMath.h(964,12):
      'DirectX::XMFLOAT4X4' 선언을 참조하십시오.
  
C:\Users\kkth3\OneDrive\문서\GitHub\250531\Client\Engine\Public\Engine_Struct.h(31,21): warning C4251: 'Engine::Light::Strength': 'DirectX::XMFLOAT3'에서는 'Engine::Light'의 클라이언트에서 DLL 인터페이스를 사용하도록 지정해야 함
  (소스 파일 '../private/Random_Manager.cpp'을(를) 컴파일하는 중)
      C:\Program Files (x86)\Windows Kits\10\Include\10.0.28000.0\um\DirectXMath.h(661,12):
      'DirectX::XMFLOAT3' 선언을 참조하십시오.
  
C:\Users\kkth3\OneDrive\문서\GitHub\250531\Client\Engine\Public\Engine_Struct.h(33,21): warning C4251: 'Engine::Light::Direction': 'DirectX::XMFLOAT3'에서는 'Engine::Light'의 클라이언트에서 DLL 인터페이스를 사용하도록 지정해야 함
  (소스 파일 '../private/Random_Manager.cpp'을(를) 컴파일하는 중)
      C:\Program Files (x86)\Windows Kits\10\Include\10.0.28000.0\um\DirectXMath.h(661,12):
      'DirectX::XMFLOAT3' 선언을 참조하십시오.
  
C:\Users\kkth3\OneDrive\문서\GitHub\250531\Client\Engine\Public\Engine_Struct.h(35,21): warning C4251: 'Engine::Light::Position': 'DirectX::XMFLOAT3'에서는 'Engine::Light'의 클라이언트에서 DLL 인터페이스를 사용하도록 지정해야 함
  (소스 파일 '../private/Random_Manager.cpp'을(를) 컴파일하는 중)
      C:\Program Files (x86)\Windows Kits\10\Include\10.0.28000.0\um\DirectXMath.h(661,12):
      'DirectX::XMFLOAT3' 선언을 참조하십시오.
  
C:\Users\kkth3\OneDrive\문서\GitHub\250531\Client\Engine\Public\Engine_Struct.h(41,23): warning C4251: 'Engine::PassConstants::View': 'DirectX::XMFLOAT4X4'에서는 'Engine::PassConstants'의 클라이언트에서 DLL 인터페이스를 사용하도록 지정해야 함
  (소스 파일 '../private/Random_Manager.cpp'을(를) 컴파일하는 중)
      C:\Program Files (x86)\Windows Kits\10\Include\10.0.28000.0\um\DirectXMath.h(964,12):
      'DirectX::XMFLOAT4X4' 선언을 참조하십시오.
  
C:\Users\kkth3\OneDrive\문서\GitHub\250531\Client\Engine\Public\Engine_Struct.h(42,23): warning C4251: 'Engine::PassConstants::InvView': 'DirectX::XMFLOAT4X4'에서는 'Engine::PassConstants'의 클라이언트에서 DLL 인터페이스를 사용하도록 지정해야 함
  (소스 파일 '../private/Random_Manager.cpp'을(를) 컴파일하는 중)
      C:\Program Files (x86)\Windows Kits\10\Include\10.0.28000.0\um\DirectXMath.h(964,12):
      'DirectX::XMFLOAT4X4' 선언을 참조하십시오.
  
C:\Users\kkth3\OneDrive\문서\GitHub\250531\Client\Engine\Public\Engine_Struct.h(43,23): warning C4251: 'Engine::PassConstants::Proj': 'DirectX::XMFLOAT4X4'에서는 'Engine::PassConstants'의 클라이언트에서 DLL 인터페이스를 사용하도록 지정해야 함
  (소스 파일 '../private/Random_Manager.cpp'을(를) 컴파일하는 중)
      C:\Program Files (x86)\Windows Kits\10\Include\10.0.28000.0\um\DirectXMath.h(964,12):
      'DirectX::XMFLOAT4X4' 선언을 참조하십시오.
  
C:\Users\kkth3\OneDrive\문서\GitHub\250531\Client\Engine\Public\Engine_Struct.h(44,23): warning C4251: 'Engine::PassConstants::InvProj': 'DirectX::XMFLOAT4X4'에서는 'Engine::PassConstants'의 클라이언트에서 DLL 인터페이스를 사용하도록 지정해야 함
  (소스 파일 '../private/Random_Manager.cpp'을(를) 컴파일하는 중)
      C:\Program Files (x86)\Windows Kits\10\Include\10.0.28000.0\um\DirectXMath.h(964,12):
      'DirectX::XMFLOAT4X4' 선언을 참조하십시오.
  
C:\Users\kkth3\OneDrive\문서\GitHub\250531\Client\Engine\Public\Engine_Struct.h(45,23): warning C4251: 'Engine::PassConstants::ViewProj': 'DirectX::XMFLOAT4X4'에서는 'Engine::PassConstants'의 클라이언트에서 DLL 인터페이스를 사용하도록 지정해야 함
  (소스 파일 '../private/Random_Manager.cpp'을(를) 컴파일하는 중)
      C:\Program Files (x86)\Windows Kits\10\Include\10.0.28000.0\um\DirectXMath.h(964,12):
      'DirectX::XMFLOAT4X4' 선언을 참조하십시오.
  
C:\Users\kkth3\OneDrive\문서\GitHub\250531\Client\Engine\Public\Engine_Struct.h(46,23): warning C4251: 'Engine::PassConstants::InvViewProj': 'DirectX::XMFLOAT4X4'에서는 'Engine::PassConstants'의 클라이언트에서 DLL 인터페이스를 사용하도록 지정해야 함
  (소스 파일 '../private/Random_Manager.cpp'을(를) 컴파일하는 중)
      C:\Program Files (x86)\Windows Kits\10\Include\10.0.28000.0\um\DirectXMath.h(964,12):
      'DirectX::XMFLOAT4X4' 선언을 참조하십시오.
  
C:\Users\kkth3\OneDrive\문서\GitHub\250531\Client\Engine\Public\Engine_Struct.h(47,23): warning C4251: 'Engine::PassConstants::ShadowTransform': 'DirectX::XMFLOAT4X4'에서는 'Engine::PassConstants'의 클라이언트에서 DLL 인터페이스를 사용하도록 지정해야 함
  (소스 파일 '../private/Random_Manager.cpp'을(를) 컴파일하는 중)
      C:\Program Files (x86)\Windows Kits\10\Include\10.0.28000.0\um\DirectXMath.h(964,12):
      'DirectX::XMFLOAT4X4' 선언을 참조하십시오.
  
C:\Users\kkth3\OneDrive\문서\GitHub\250531\Client\Engine\Public\Engine_Struct.h(48,21): warning C4251: 'Engine::PassConstants::EyePosW': 'DirectX::XMFLOAT3'에서는 'Engine::PassConstants'의 클라이언트에서 DLL 인터페이스를 사용하도록 지정해야 함
  (소스 파일 '../private/Random_Manager.cpp'을(를) 컴파일하는 중)
      C:\Program Files (x86)\Windows Kits\10\Include\10.0.28000.0\um\DirectXMath.h(661,12):
      'DirectX::XMFLOAT3' 선언을 참조하십시오.
  
C:\Users\kkth3\OneDrive\문서\GitHub\250531\Client\Engine\Public\Engine_Struct.h(50,21): warning C4251: 'Engine::PassConstants::RenderTargetSize': 'DirectX::XMFLOAT2'에서는 'Engine::PassConstants'의 클라이언트에서 DLL 인터페이스를 사용하도록 지정해야 함
  (소스 파일 '../private/Random_Manager.cpp'을(를) 컴파일하는 중)
      C:\Program Files (x86)\Windows Kits\10\Include\10.0.28000.0\um\DirectXMath.h(584,12):
      'DirectX::XMFLOAT2' 선언을 참조하십시오.
  
C:\Users\kkth3\OneDrive\문서\GitHub\250531\Client\Engine\Public\Engine_Struct.h(51,21): warning C4251: 'Engine::PassConstants::InvRenderTargetSize': 'DirectX::XMFLOAT2'에서는 'Engine::PassConstants'의 클라이언트에서 DLL 인터페이스를 사용하도록 지정해야 함
  (소스 파일 '../private/Random_Manager.cpp'을(를) 컴파일하는 중)
      C:\Program Files (x86)\Windows Kits\10\Include\10.0.28000.0\um\DirectXMath.h(584,12):
      'DirectX::XMFLOAT2' 선언을 참조하십시오.
  
C:\Users\kkth3\OneDrive\문서\GitHub\250531\Client\Engine\Public\Engine_Struct.h(57,21): warning C4251: 'Engine::PassConstants::AmbientLight': 'DirectX::XMFLOAT4'에서는 'Engine::PassConstants'의 클라이언트에서 DLL 인터페이스를 사용하도록 지정해야 함
  (소스 파일 '../private/Random_Manager.cpp'을(를) 컴파일하는 중)
      C:\Program Files (x86)\Windows Kits\10\Include\10.0.28000.0\um\DirectXMath.h(736,12):
      'DirectX::XMFLOAT4' 선언을 참조하십시오.
  
C:\Users\kkth3\OneDrive\문서\GitHub\250531\Client\Engine\Public\Engine_Struct.h(86,21): warning C4251: 'Engine::MaterialConstants::DiffuseAlbedo': 'DirectX::XMFLOAT4'에서는 'Engine::MaterialConstants'의 클라이언트에서 DLL 인터페이스를 사용하도록 지정해야 함
  (소스 파일 '../private/Random_Manager.cpp'을(를) 컴파일하는 중)
      C:\Program Files (x86)\Windows Kits\10\Include\10.0.28000.0\um\DirectXMath.h(736,12):
      'DirectX::XMFLOAT4' 선언을 참조하십시오.
  
C:\Users\kkth3\OneDrive\문서\GitHub\250531\Client\Engine\Public\Engine_Struct.h(87,21): warning C4251: 'Engine::MaterialConstants::FresnelR0': 'DirectX::XMFLOAT3'에서는 'Engine::MaterialConstants'의 클라이언트에서 DLL 인터페이스를 사용하도록 지정해야 함
  (소스 파일 '../private/Random_Manager.cpp'을(를) 컴파일하는 중)
      C:\Program Files (x86)\Windows Kits\10\Include\10.0.28000.0\um\DirectXMath.h(661,12):
      'DirectX::XMFLOAT3' 선언을 참조하십시오.
  
C:\Users\kkth3\OneDrive\문서\GitHub\250531\Client\Engine\Public\Engine_Struct.h(89,23): warning C4251: 'Engine::MaterialConstants::MatTransform': 'DirectX::XMFLOAT4X4'에서는 'Engine::MaterialConstants'의 클라이언트에서 DLL 인터페이스를 사용하도록 지정해야 함
  (소스 파일 '../private/Random_Manager.cpp'을(를) 컴파일하는 중)
      C:\Program Files (x86)\Windows Kits\10\Include\10.0.28000.0\um\DirectXMath.h(964,12):
      'DirectX::XMFLOAT4X4' 선언을 참조하십시오.
  
C:\Users\kkth3\OneDrive\문서\GitHub\250531\Client\Engine\Public\Engine_Struct.h(94,21): warning C4251: 'Engine::MaterialData::DiffuseAlbedo': 'DirectX::XMFLOAT4'에서는 'Engine::MaterialData'의 클라이언트에서 DLL 인터페이스를 사용하도록 지정해야 함
  (소스 파일 '../private/Random_Manager.cpp'을(를) 컴파일하는 중)
      C:\Program Files (x86)\Windows Kits\10\Include\10.0.28000.0\um\DirectXMath.h(736,12):
      'DirectX::XMFLOAT4' 선언을 참조하십시오.
  
C:\Users\kkth3\OneDrive\문서\GitHub\250531\Client\Engine\Public\Engine_Struct.h(95,21): warning C4251: 'Engine::MaterialData::FresnelR0': 'DirectX::XMFLOAT3'에서는 'Engine::MaterialData'의 클라이언트에서 DLL 인터페이스를 사용하도록 지정해야 함
  (소스 파일 '../private/Random_Manager.cpp'을(를) 컴파일하는 중)
      C:\Program Files (x86)\Windows Kits\10\Include\10.0.28000.0\um\DirectXMath.h(661,12):
      'DirectX::XMFLOAT3' 선언을 참조하십시오.
  
C:\Users\kkth3\OneDrive\문서\GitHub\250531\Client\Engine\Public\Engine_Struct.h(99,23): warning C4251: 'Engine::MaterialData::MatTransform': 'DirectX::XMFLOAT4X4'에서는 'Engine::MaterialData'의 클라이언트에서 DLL 인터페이스를 사용하도록 지정해야 함
  (소스 파일 '../private/Random_Manager.cpp'을(를) 컴파일하는 중)
      C:\Program Files (x86)\Windows Kits\10\Include\10.0.28000.0\um\DirectXMath.h(964,12):
      'DirectX::XMFLOAT4X4' 선언을 참조하십시오.
  
C:\Users\kkth3\OneDrive\문서\GitHub\250531\Client\Engine\Public\Engine_Struct.h(113,14): warning C4251: 'Engine::InstanceData::World': 'DirectX::XMFLOAT4X4'에서는 'Engine::InstanceData'의 클라이언트에서 DLL 인터페이스를 사용하도록 지정해야 함
  (소스 파일 '../private/Random_Manager.cpp'을(를) 컴파일하는 중)
      C:\Program Files (x86)\Windows Kits\10\Include\10.0.28000.0\um\DirectXMath.h(964,12):
      'DirectX::XMFLOAT4X4' 선언을 참조하십시오.
  
C:\Users\kkth3\OneDrive\문서\GitHub\250531\Client\Engine\Public\Engine_Struct.h(142,13): warning C4251: 'Engine::tagVertex_Position::vPosition': 'DirectX::XMFLOAT3'에서는 'Engine::tagVertex_Position'의 클라이언트에서 DLL 인터페이스를 사용하도록 지정해야 함
  (소스 파일 '../private/Random_Manager.cpp'을(를) 컴파일하는 중)
      C:\Program Files (x86)\Windows Kits\10\Include\10.0.28000.0\um\DirectXMath.h(661,12):
      'DirectX::XMFLOAT3' 선언을 참조하십시오.
  
C:\Users\kkth3\OneDrive\문서\GitHub\250531\Client\Engine\Public\Engine_Struct.h(151,13): warning C4251: 'Engine::tagVertex_Position_Normal::vPosition': 'DirectX::XMFLOAT3'에서는 'Engine::tagVertex_Position_Normal'의 클라이언트에서 DLL 인터페이스를 사용하도록 지정해야 함
  (소스 파일 '../private/Random_Manager.cpp'을(를) 컴파일하는 중)
      C:\Program Files (x86)\Windows Kits\10\Include\10.0.28000.0\um\DirectXMath.h(661,12):
      'DirectX::XMFLOAT3' 선언을 참조하십시오.
  
C:\Users\kkth3\OneDrive\문서\GitHub\250531\Client\Engine\Public\Engine_Struct.h(152,13): warning C4251: 'Engine::tagVertex_Position_Normal::vNormal': 'DirectX::XMFLOAT3'에서는 'Engine::tagVertex_Position_Normal'의 클라이언트에서 DLL 인터페이스를 사용하도록 지정해야 함
  (소스 파일 '../private/Random_Manager.cpp'을(를) 컴파일하는 중)
      C:\Program Files (x86)\Windows Kits\10\Include\10.0.28000.0\um\DirectXMath.h(661,12):
      'DirectX::XMFLOAT3' 선언을 참조하십시오.
  
C:\Users\kkth3\OneDrive\문서\GitHub\250531\Client\Engine\Public\Engine_Struct.h(161,13): warning C4251: 'Engine::tagVertex_Position_Texcoord::vPosition': 'DirectX::XMFLOAT3'에서는 'Engine::tagVertex_Position_Texcoord'의 클라이언트에서 DLL 인터페이스를 사용하도록 지정해야 함
  (소스 파일 '../private/Random_Manager.cpp'을(를) 컴파일하는 중)
      C:\Program Files (x86)\Windows Kits\10\Include\10.0.28000.0\um\DirectXMath.h(661,12):
      'DirectX::XMFLOAT3' 선언을 참조하십시오.
  
C:\Users\kkth3\OneDrive\문서\GitHub\250531\Client\Engine\Public\Engine_Struct.h(162,13): warning C4251: 'Engine::tagVertex_Position_Texcoord::vTexcoord': 'DirectX::XMFLOAT2'에서는 'Engine::tagVertex_Position_Texcoord'의 클라이언트에서 DLL 인터페이스를 사용하도록 지정해야 함
  (소스 파일 '../private/Random_Manager.cpp'을(를) 컴파일하는 중)
      C:\Program Files (x86)\Windows Kits\10\Include\10.0.28000.0\um\DirectXMath.h(584,12):
      'DirectX::XMFLOAT2' 선언을 참조하십시오.
  
C:\Users\kkth3\OneDrive\문서\GitHub\250531\Client\Engine\Public\Engine_Struct.h(171,13): warning C4251: 'Engine::tagVertex_Position_Normal_Texcoord::vPosition': 'DirectX::XMFLOAT3'에서는 'Engine::tagVertex_Position_Normal_Texcoord'의 클라이언트에서 DLL 인터페이스를 사용하도록 지정해야 함
  (소스 파일 '../private/Random_Manager.cpp'을(를) 컴파일하는 중)
      C:\Program Files (x86)\Windows Kits\10\Include\10.0.28000.0\um\DirectXMath.h(661,12):
      'DirectX::XMFLOAT3' 선언을 참조하십시오.
  
C:\Users\kkth3\OneDrive\문서\GitHub\250531\Client\Engine\Public\Engine_Struct.h(172,13): warning C4251: 'Engine::tagVertex_Position_Normal_Texcoord::vNormal': 'DirectX::XMFLOAT3'에서는 'Engine::tagVertex_Position_Normal_Texcoord'의 클라이언트에서 DLL 인터페이스를 사용하도록 지정해야 함
  (소스 파일 '../private/Random_Manager.cpp'을(를) 컴파일하는 중)
      C:\Program Files (x86)\Windows Kits\10\Include\10.0.28000.0\um\DirectXMath.h(661,12):
      'DirectX::XMFLOAT3' 선언을 참조하십시오.
  
C:\Users\kkth3\OneDrive\문서\GitHub\250531\Client\Engine\Public\Engine_Struct.h(173,13): warning C4251: 'Engine::tagVertex_Position_Normal_Texcoord::vTexcoord': 'DirectX::XMFLOAT2'에서는 'Engine::tagVertex_Position_Normal_Texcoord'의 클라이언트에서 DLL 인터페이스를 사용하도록 지정해야 함
  (소스 파일 '../private/Random_Manager.cpp'을(를) 컴파일하는 중)
      C:\Program Files (x86)\Windows Kits\10\Include\10.0.28000.0\um\DirectXMath.h(584,12):
      'DirectX::XMFLOAT2' 선언을 참조하십시오.
  
C:\Users\kkth3\OneDrive\문서\GitHub\250531\Client\Engine\Public\Engine_Struct.h(182,13): warning C4251: 'Engine::tagVertex_Position_Cube_Texcoord::vPosition': 'DirectX::XMFLOAT3'에서는 'Engine::tagVertex_Position_Cube_Texcoord'의 클라이언트에서 DLL 인터페이스를 사용하도록 지정해야 함
  (소스 파일 '../private/Random_Manager.cpp'을(를) 컴파일하는 중)
      C:\Program Files (x86)\Windows Kits\10\Include\10.0.28000.0\um\DirectXMath.h(661,12):
      'DirectX::XMFLOAT3' 선언을 참조하십시오.
  
C:\Users\kkth3\OneDrive\문서\GitHub\250531\Client\Engine\Public\Engine_Struct.h(183,13): warning C4251: 'Engine::tagVertex_Position_Cube_Texcoord::vTexcoord': 'DirectX::XMFLOAT3'에서는 'Engine::tagVertex_Position_Cube_Texcoord'의 클라이언트에서 DLL 인터페이스를 사용하도록 지정해야 함
  (소스 파일 '../private/Random_Manager.cpp'을(를) 컴파일하는 중)
      C:\Program Files (x86)\Windows Kits\10\Include\10.0.28000.0\um\DirectXMath.h(661,12):
      'DirectX::XMFLOAT3' 선언을 참조하십시오.
  
C:\Users\kkth3\OneDrive\문서\GitHub\250531\Client\Engine\Public\Engine_Struct.h(192,13): warning C4251: 'Engine::tagVertex_Mesh::vPosition': 'DirectX::XMFLOAT3'에서는 'Engine::tagVertex_Mesh'의 클라이언트에서 DLL 인터페이스를 사용하도록 지정해야 함
  (소스 파일 '../private/Random_Manager.cpp'을(를) 컴파일하는 중)
      C:\Program Files (x86)\Windows Kits\10\Include\10.0.28000.0\um\DirectXMath.h(661,12):
      'DirectX::XMFLOAT3' 선언을 참조하십시오.
  
C:\Users\kkth3\OneDrive\문서\GitHub\250531\Client\Engine\Public\Engine_Struct.h(193,13): warning C4251: 'Engine::tagVertex_Mesh::vNormal': 'DirectX::XMFLOAT3'에서는 'Engine::tagVertex_Mesh'의 클라이언트에서 DLL 인터페이스를 사용하도록 지정해야 함
  (소스 파일 '../private/Random_Manager.cpp'을(를) 컴파일하는 중)
      C:\Program Files (x86)\Windows Kits\10\Include\10.0.28000.0\um\DirectXMath.h(661,12):
      'DirectX::XMFLOAT3' 선언을 참조하십시오.
  
C:\Users\kkth3\OneDrive\문서\GitHub\250531\Client\Engine\Public\Engine_Struct.h(194,13): warning C4251: 'Engine::tagVertex_Mesh::vTexcoord': 'DirectX::XMFLOAT2'에서는 'Engine::tagVertex_Mesh'의 클라이언트에서 DLL 인터페이스를 사용하도록 지정해야 함
  (소스 파일 '../private/Random_Manager.cpp'을(를) 컴파일하는 중)
      C:\Program Files (x86)\Windows Kits\10\Include\10.0.28000.0\um\DirectXMath.h(584,12):
      'DirectX::XMFLOAT2' 선언을 참조하십시오.
  
C:\Users\kkth3\OneDrive\문서\GitHub\250531\Client\Engine\Public\Engine_Struct.h(195,13): warning C4251: 'Engine::tagVertex_Mesh::vTangent': 'DirectX::XMFLOAT3'에서는 'Engine::tagVertex_Mesh'의 클라이언트에서 DLL 인터페이스를 사용하도록 지정해야 함
  (소스 파일 '../private/Random_Manager.cpp'을(를) 컴파일하는 중)
      C:\Program Files (x86)\Windows Kits\10\Include\10.0.28000.0\um\DirectXMath.h(661,12):
      'DirectX::XMFLOAT3' 선언을 참조하십시오.
  
C:\Users\kkth3\OneDrive\문서\GitHub\250531\Client\Engine\Public\Engine_Struct.h(204,13): warning C4251: 'Engine::tagVertex_Anim_Mesh::vPosition': 'DirectX::XMFLOAT3'에서는 'Engine::tagVertex_Anim_Mesh'의 클라이언트에서 DLL 인터페이스를 사용하도록 지정해야 함
  (소스 파일 '../private/Random_Manager.cpp'을(를) 컴파일하는 중)
      C:\Program Files (x86)\Windows Kits\10\Include\10.0.28000.0\um\DirectXMath.h(661,12):
      'DirectX::XMFLOAT3' 선언을 참조하십시오.
  
C:\Users\kkth3\OneDrive\문서\GitHub\250531\Client\Engine\Public\Engine_Struct.h(205,13): warning C4251: 'Engine::tagVertex_Anim_Mesh::vNormal': 'DirectX::XMFLOAT3'에서는 'Engine::tagVertex_Anim_Mesh'의 클라이언트에서 DLL 인터페이스를 사용하도록 지정해야 함
  (소스 파일 '../private/Random_Manager.cpp'을(를) 컴파일하는 중)
      C:\Program Files (x86)\Windows Kits\10\Include\10.0.28000.0\um\DirectXMath.h(661,12):
      'DirectX::XMFLOAT3' 선언을 참조하십시오.
  
C:\Users\kkth3\OneDrive\문서\GitHub\250531\Client\Engine\Public\Engine_Struct.h(206,13): warning C4251: 'Engine::tagVertex_Anim_Mesh::vTexcoord': 'DirectX::XMFLOAT2'에서는 'Engine::tagVertex_Anim_Mesh'의 클라이언트에서 DLL 인터페이스를 사용하도록 지정해야 함
  (소스 파일 '../private/Random_Manager.cpp'을(를) 컴파일하는 중)
      C:\Program Files (x86)\Windows Kits\10\Include\10.0.28000.0\um\DirectXMath.h(584,12):
      'DirectX::XMFLOAT2' 선언을 참조하십시오.
  
C:\Users\kkth3\OneDrive\문서\GitHub\250531\Client\Engine\Public\Engine_Struct.h(207,13): warning C4251: 'Engine::tagVertex_Anim_Mesh::vTangent': 'DirectX::XMFLOAT3'에서는 'Engine::tagVertex_Anim_Mesh'의 클라이언트에서 DLL 인터페이스를 사용하도록 지정해야 함
  (소스 파일 '../private/Random_Manager.cpp'을(를) 컴파일하는 중)
      C:\Program Files (x86)\Windows Kits\10\Include\10.0.28000.0\um\DirectXMath.h(661,12):
      'DirectX::XMFLOAT3' 선언을 참조하십시오.
  
C:\Users\kkth3\OneDrive\문서\GitHub\250531\Client\Engine\Public\Engine_Struct.h(209,13): warning C4251: 'Engine::tagVertex_Anim_Mesh::vBlendIndices': 'DirectX::XMUINT4'에서는 'Engine::tagVertex_Anim_Mesh'의 클라이언트에서 DLL 인터페이스를 사용하도록 지정해야 함
  (소스 파일 '../private/Random_Manager.cpp'을(를) 컴파일하는 중)
      C:\Program Files (x86)\Windows Kits\10\Include\10.0.28000.0\um\DirectXMath.h(793,12):
      'DirectX::XMUINT4' 선언을 참조하십시오.
  
C:\Users\kkth3\OneDrive\문서\GitHub\250531\Client\Engine\Public\Engine_Struct.h(210,13): warning C4251: 'Engine::tagVertex_Anim_Mesh::vBlendWeights': 'DirectX::XMFLOAT4'에서는 'Engine::tagVertex_Anim_Mesh'의 클라이언트에서 DLL 인터페이스를 사용하도록 지정해야 함
  (소스 파일 '../private/Random_Manager.cpp'을(를) 컴파일하는 중)
      C:\Program Files (x86)\Windows Kits\10\Include\10.0.28000.0\um\DirectXMath.h(736,12):
      'DirectX::XMFLOAT4' 선언을 참조하십시오.
  
  RawInput.cpp
C:\Users\kkth3\OneDrive\문서\GitHub\250531\Client\Engine\public\Engine_Struct.h(21,14): warning C4251: 'Engine::ObjectConstants::World': 'DirectX::XMFLOAT4X4'에서는 'Engine::ObjectConstants'의 클라이언트에서 DLL 인터페이스를 사용하도록 지정해야 함
  (소스 파일 '../private/RawInput.cpp'을(를) 컴파일하는 중)
      C:\Program Files (x86)\Windows Kits\10\Include\10.0.28000.0\um\DirectXMath.h(964,12):
      'DirectX::XMFLOAT4X4' 선언을 참조하십시오.
  
C:\Users\kkth3\OneDrive\문서\GitHub\250531\Client\Engine\public\Engine_Struct.h(22,14): warning C4251: 'Engine::ObjectConstants::TexTransform': 'DirectX::XMFLOAT4X4'에서는 'Engine::ObjectConstants'의 클라이언트에서 DLL 인터페이스를 사용하도록 지정해야 함
  (소스 파일 '../private/RawInput.cpp'을(를) 컴파일하는 중)
      C:\Program Files (x86)\Windows Kits\10\Include\10.0.28000.0\um\DirectXMath.h(964,12):
      'DirectX::XMFLOAT4X4' 선언을 참조하십시오.
  
C:\Users\kkth3\OneDrive\문서\GitHub\250531\Client\Engine\public\Engine_Struct.h(31,21): warning C4251: 'Engine::Light::Strength': 'DirectX::XMFLOAT3'에서는 'Engine::Light'의 클라이언트에서 DLL 인터페이스를 사용하도록 지정해야 함
  (소스 파일 '../private/RawInput.cpp'을(를) 컴파일하는 중)
      C:\Program Files (x86)\Windows Kits\10\Include\10.0.28000.0\um\DirectXMath.h(661,12):
      'DirectX::XMFLOAT3' 선언을 참조하십시오.
  
C:\Users\kkth3\OneDrive\문서\GitHub\250531\Client\Engine\public\Engine_Struct.h(33,21): warning C4251: 'Engine::Light::Direction': 'DirectX::XMFLOAT3'에서는 'Engine::Light'의 클라이언트에서 DLL 인터페이스를 사용하도록 지정해야 함
  (소스 파일 '../private/RawInput.cpp'을(를) 컴파일하는 중)
      C:\Program Files (x86)\Windows Kits\10\Include\10.0.28000.0\um\DirectXMath.h(661,12):
      'DirectX::XMFLOAT3' 선언을 참조하십시오.
  
C:\Users\kkth3\OneDrive\문서\GitHub\250531\Client\Engine\public\Engine_Struct.h(35,21): warning C4251: 'Engine::Light::Position': 'DirectX::XMFLOAT3'에서는 'Engine::Light'의 클라이언트에서 DLL 인터페이스를 사용하도록 지정해야 함
  (소스 파일 '../private/RawInput.cpp'을(를) 컴파일하는 중)
      C:\Program Files (x86)\Windows Kits\10\Include\10.0.28000.0\um\DirectXMath.h(661,12):
      'DirectX::XMFLOAT3' 선언을 참조하십시오.
  
C:\Users\kkth3\OneDrive\문서\GitHub\250531\Client\Engine\public\Engine_Struct.h(41,23): warning C4251: 'Engine::PassConstants::View': 'DirectX::XMFLOAT4X4'에서는 'Engine::PassConstants'의 클라이언트에서 DLL 인터페이스를 사용하도록 지정해야 함
  (소스 파일 '../private/RawInput.cpp'을(를) 컴파일하는 중)
      C:\Program Files (x86)\Windows Kits\10\Include\10.0.28000.0\um\DirectXMath.h(964,12):
      'DirectX::XMFLOAT4X4' 선언을 참조하십시오.
  
C:\Users\kkth3\OneDrive\문서\GitHub\250531\Client\Engine\public\Engine_Struct.h(42,23): warning C4251: 'Engine::PassConstants::InvView': 'DirectX::XMFLOAT4X4'에서는 'Engine::PassConstants'의 클라이언트에서 DLL 인터페이스를 사용하도록 지정해야 함
  (소스 파일 '../private/RawInput.cpp'을(를) 컴파일하는 중)
      C:\Program Files (x86)\Windows Kits\10\Include\10.0.28000.0\um\DirectXMath.h(964,12):
      'DirectX::XMFLOAT4X4' 선언을 참조하십시오.
  
C:\Users\kkth3\OneDrive\문서\GitHub\250531\Client\Engine\public\Engine_Struct.h(43,23): warning C4251: 'Engine::PassConstants::Proj': 'DirectX::XMFLOAT4X4'에서는 'Engine::PassConstants'의 클라이언트에서 DLL 인터페이스를 사용하도록 지정해야 함
  (소스 파일 '../private/RawInput.cpp'을(를) 컴파일하는 중)
      C:\Program Files (x86)\Windows Kits\10\Include\10.0.28000.0\um\DirectXMath.h(964,12):
      'DirectX::XMFLOAT4X4' 선언을 참조하십시오.
  
C:\Users\kkth3\OneDrive\문서\GitHub\250531\Client\Engine\public\Engine_Struct.h(44,23): warning C4251: 'Engine::PassConstants::InvProj': 'DirectX::XMFLOAT4X4'에서는 'Engine::PassConstants'의 클라이언트에서 DLL 인터페이스를 사용하도록 지정해야 함
  (소스 파일 '../private/RawInput.cpp'을(를) 컴파일하는 중)
      C:\Program Files (x86)\Windows Kits\10\Include\10.0.28000.0\um\DirectXMath.h(964,12):
      'DirectX::XMFLOAT4X4' 선언을 참조하십시오.
  
C:\Users\kkth3\OneDrive\문서\GitHub\250531\Client\Engine\public\Engine_Struct.h(45,23): warning C4251: 'Engine::PassConstants::ViewProj': 'DirectX::XMFLOAT4X4'에서는 'Engine::PassConstants'의 클라이언트에서 DLL 인터페이스를 사용하도록 지정해야 함
  (소스 파일 '../private/RawInput.cpp'을(를) 컴파일하는 중)
      C:\Program Files (x86)\Windows Kits\10\Include\10.0.28000.0\um\DirectXMath.h(964,12):
      'DirectX::XMFLOAT4X4' 선언을 참조하십시오.
  
C:\Users\kkth3\OneDrive\문서\GitHub\250531\Client\Engine\public\Engine_Struct.h(46,23): warning C4251: 'Engine::PassConstants::InvViewProj': 'DirectX::XMFLOAT4X4'에서는 'Engine::PassConstants'의 클라이언트에서 DLL 인터페이스를 사용하도록 지정해야 함
  (소스 파일 '../private/RawInput.cpp'을(를) 컴파일하는 중)
      C:\Program Files (x86)\Windows Kits\10\Include\10.0.28000.0\um\DirectXMath.h(964,12):
      'DirectX::XMFLOAT4X4' 선언을 참조하십시오.
  
C:\Users\kkth3\OneDrive\문서\GitHub\250531\Client\Engine\public\Engine_Struct.h(47,23): warning C4251: 'Engine::PassConstants::ShadowTransform': 'DirectX::XMFLOAT4X4'에서는 'Engine::PassConstants'의 클라이언트에서 DLL 인터페이스를 사용하도록 지정해야 함
  (소스 파일 '../private/RawInput.cpp'을(를) 컴파일하는 중)
      C:\Program Files (x86)\Windows Kits\10\Include\10.0.28000.0\um\DirectXMath.h(964,12):
      'DirectX::XMFLOAT4X4' 선언을 참조하십시오.
  
C:\Users\kkth3\OneDrive\문서\GitHub\250531\Client\Engine\public\Engine_Struct.h(48,21): warning C4251: 'Engine::PassConstants::EyePosW': 'DirectX::XMFLOAT3'에서는 'Engine::PassConstants'의 클라이언트에서 DLL 인터페이스를 사용하도록 지정해야 함
  (소스 파일 '../private/RawInput.cpp'을(를) 컴파일하는 중)
      C:\Program Files (x86)\Windows Kits\10\Include\10.0.28000.0\um\DirectXMath.h(661,12):
      'DirectX::XMFLOAT3' 선언을 참조하십시오.
  
C:\Users\kkth3\OneDrive\문서\GitHub\250531\Client\Engine\public\Engine_Struct.h(50,21): warning C4251: 'Engine::PassConstants::RenderTargetSize': 'DirectX::XMFLOAT2'에서는 'Engine::PassConstants'의 클라이언트에서 DLL 인터페이스를 사용하도록 지정해야 함
  (소스 파일 '../private/RawInput.cpp'을(를) 컴파일하는 중)
      C:\Program Files (x86)\Windows Kits\10\Include\10.0.28000.0\um\DirectXMath.h(584,12):
      'DirectX::XMFLOAT2' 선언을 참조하십시오.
  
C:\Users\kkth3\OneDrive\문서\GitHub\250531\Client\Engine\public\Engine_Struct.h(51,21): warning C4251: 'Engine::PassConstants::InvRenderTargetSize': 'DirectX::XMFLOAT2'에서는 'Engine::PassConstants'의 클라이언트에서 DLL 인터페이스를 사용하도록 지정해야 함
  (소스 파일 '../private/RawInput.cpp'을(를) 컴파일하는 중)
      C:\Program Files (x86)\Windows Kits\10\Include\10.0.28000.0\um\DirectXMath.h(584,12):
      'DirectX::XMFLOAT2' 선언을 참조하십시오.
  
C:\Users\kkth3\OneDrive\문서\GitHub\250531\Client\Engine\public\Engine_Struct.h(57,21): warning C4251: 'Engine::PassConstants::AmbientLight': 'DirectX::XMFLOAT4'에서는 'Engine::PassConstants'의 클라이언트에서 DLL 인터페이스를 사용하도록 지정해야 함
  (소스 파일 '../private/RawInput.cpp'을(를) 컴파일하는 중)
      C:\Program Files (x86)\Windows Kits\10\Include\10.0.28000.0\um\DirectXMath.h(736,12):
      'DirectX::XMFLOAT4' 선언을 참조하십시오.
  
C:\Users\kkth3\OneDrive\문서\GitHub\250531\Client\Engine\public\Engine_Struct.h(86,21): warning C4251: 'Engine::MaterialConstants::DiffuseAlbedo': 'DirectX::XMFLOAT4'에서는 'Engine::MaterialConstants'의 클라이언트에서 DLL 인터페이스를 사용하도록 지정해야 함
  (소스 파일 '../private/RawInput.cpp'을(를) 컴파일하는 중)
      C:\Program Files (x86)\Windows Kits\10\Include\10.0.28000.0\um\DirectXMath.h(736,12):
      'DirectX::XMFLOAT4' 선언을 참조하십시오.
  
C:\Users\kkth3\OneDrive\문서\GitHub\250531\Client\Engine\public\Engine_Struct.h(87,21): warning C4251: 'Engine::MaterialConstants::FresnelR0': 'DirectX::XMFLOAT3'에서는 'Engine::MaterialConstants'의 클라이언트에서 DLL 인터페이스를 사용하도록 지정해야 함
  (소스 파일 '../private/RawInput.cpp'을(를) 컴파일하는 중)
      C:\Program Files (x86)\Windows Kits\10\Include\10.0.28000.0\um\DirectXMath.h(661,12):
      'DirectX::XMFLOAT3' 선언을 참조하십시오.
  
C:\Users\kkth3\OneDrive\문서\GitHub\250531\Client\Engine\public\Engine_Struct.h(89,23): warning C4251: 'Engine::MaterialConstants::MatTransform': 'DirectX::XMFLOAT4X4'에서는 'Engine::MaterialConstants'의 클라이언트에서 DLL 인터페이스를 사용하도록 지정해야 함
  (소스 파일 '../private/RawInput.cpp'을(를) 컴파일하는 중)
      C:\Program Files (x86)\Windows Kits\10\Include\10.0.28000.0\um\DirectXMath.h(964,12):
      'DirectX::XMFLOAT4X4' 선언을 참조하십시오.
  
C:\Users\kkth3\OneDrive\문서\GitHub\250531\Client\Engine\public\Engine_Struct.h(94,21): warning C4251: 'Engine::MaterialData::DiffuseAlbedo': 'DirectX::XMFLOAT4'에서는 'Engine::MaterialData'의 클라이언트에서 DLL 인터페이스를 사용하도록 지정해야 함
  (소스 파일 '../private/RawInput.cpp'을(를) 컴파일하는 중)
      C:\Program Files (x86)\Windows Kits\10\Include\10.0.28000.0\um\DirectXMath.h(736,12):
      'DirectX::XMFLOAT4' 선언을 참조하십시오.
  
C:\Users\kkth3\OneDrive\문서\GitHub\250531\Client\Engine\public\Engine_Struct.h(95,21): warning C4251: 'Engine::MaterialData::FresnelR0': 'DirectX::XMFLOAT3'에서는 'Engine::MaterialData'의 클라이언트에서 DLL 인터페이스를 사용하도록 지정해야 함
  (소스 파일 '../private/RawInput.cpp'을(를) 컴파일하는 중)
      C:\Program Files (x86)\Windows Kits\10\Include\10.0.28000.0\um\DirectXMath.h(661,12):
      'DirectX::XMFLOAT3' 선언을 참조하십시오.
  
C:\Users\kkth3\OneDrive\문서\GitHub\250531\Client\Engine\public\Engine_Struct.h(99,23): warning C4251: 'Engine::MaterialData::MatTransform': 'DirectX::XMFLOAT4X4'에서는 'Engine::MaterialData'의 클라이언트에서 DLL 인터페이스를 사용하도록 지정해야 함
  (소스 파일 '../private/RawInput.cpp'을(를) 컴파일하는 중)
      C:\Program Files (x86)\Windows Kits\10\Include\10.0.28000.0\um\DirectXMath.h(964,12):
      'DirectX::XMFLOAT4X4' 선언을 참조하십시오.
  
C:\Users\kkth3\OneDrive\문서\GitHub\250531\Client\Engine\public\Engine_Struct.h(113,14): warning C4251: 'Engine::InstanceData::World': 'DirectX::XMFLOAT4X4'에서는 'Engine::InstanceData'의 클라이언트에서 DLL 인터페이스를 사용하도록 지정해야 함
  (소스 파일 '../private/RawInput.cpp'을(를) 컴파일하는 중)
      C:\Program Files (x86)\Windows Kits\10\Include\10.0.28000.0\um\DirectXMath.h(964,12):
      'DirectX::XMFLOAT4X4' 선언을 참조하십시오.
  
C:\Users\kkth3\OneDrive\문서\GitHub\250531\Client\Engine\public\Engine_Struct.h(142,13): warning C4251: 'Engine::tagVertex_Position::vPosition': 'DirectX::XMFLOAT3'에서는 'Engine::tagVertex_Position'의 클라이언트에서 DLL 인터페이스를 사용하도록 지정해야 함
  (소스 파일 '../private/RawInput.cpp'을(를) 컴파일하는 중)
      C:\Program Files (x86)\Windows Kits\10\Include\10.0.28000.0\um\DirectXMath.h(661,12):
      'DirectX::XMFLOAT3' 선언을 참조하십시오.
  
C:\Users\kkth3\OneDrive\문서\GitHub\250531\Client\Engine\public\Engine_Struct.h(151,13): warning C4251: 'Engine::tagVertex_Position_Normal::vPosition': 'DirectX::XMFLOAT3'에서는 'Engine::tagVertex_Position_Normal'의 클라이언트에서 DLL 인터페이스를 사용하도록 지정해야 함
  (소스 파일 '../private/RawInput.cpp'을(를) 컴파일하는 중)
      C:\Program Files (x86)\Windows Kits\10\Include\10.0.28000.0\um\DirectXMath.h(661,12):
      'DirectX::XMFLOAT3' 선언을 참조하십시오.
  
C:\Users\kkth3\OneDrive\문서\GitHub\250531\Client\Engine\public\Engine_Struct.h(152,13): warning C4251: 'Engine::tagVertex_Position_Normal::vNormal': 'DirectX::XMFLOAT3'에서는 'Engine::tagVertex_Position_Normal'의 클라이언트에서 DLL 인터페이스를 사용하도록 지정해야 함
  (소스 파일 '../private/RawInput.cpp'을(를) 컴파일하는 중)
      C:\Program Files (x86)\Windows Kits\10\Include\10.0.28000.0\um\DirectXMath.h(661,12):
      'DirectX::XMFLOAT3' 선언을 참조하십시오.
  
C:\Users\kkth3\OneDrive\문서\GitHub\250531\Client\Engine\public\Engine_Struct.h(161,13): warning C4251: 'Engine::tagVertex_Position_Texcoord::vPosition': 'DirectX::XMFLOAT3'에서는 'Engine::tagVertex_Position_Texcoord'의 클라이언트에서 DLL 인터페이스를 사용하도록 지정해야 함
  (소스 파일 '../private/RawInput.cpp'을(를) 컴파일하는 중)
      C:\Program Files (x86)\Windows Kits\10\Include\10.0.28000.0\um\DirectXMath.h(661,12):
      'DirectX::XMFLOAT3' 선언을 참조하십시오.
  
C:\Users\kkth3\OneDrive\문서\GitHub\250531\Client\Engine\public\Engine_Struct.h(162,13): warning C4251: 'Engine::tagVertex_Position_Texcoord::vTexcoord': 'DirectX::XMFLOAT2'에서는 'Engine::tagVertex_Position_Texcoord'의 클라이언트에서 DLL 인터페이스를 사용하도록 지정해야 함
  (소스 파일 '../private/RawInput.cpp'을(를) 컴파일하는 중)
      C:\Program Files (x86)\Windows Kits\10\Include\10.0.28000.0\um\DirectXMath.h(584,12):
      'DirectX::XMFLOAT2' 선언을 참조하십시오.
  
C:\Users\kkth3\OneDrive\문서\GitHub\250531\Client\Engine\public\Engine_Struct.h(171,13): warning C4251: 'Engine::tagVertex_Position_Normal_Texcoord::vPosition': 'DirectX::XMFLOAT3'에서는 'Engine::tagVertex_Position_Normal_Texcoord'의 클라이언트에서 DLL 인터페이스를 사용하도록 지정해야 함
  (소스 파일 '../private/RawInput.cpp'을(를) 컴파일하는 중)
      C:\Program Files (x86)\Windows Kits\10\Include\10.0.28000.0\um\DirectXMath.h(661,12):
      'DirectX::XMFLOAT3' 선언을 참조하십시오.
  
C:\Users\kkth3\OneDrive\문서\GitHub\250531\Client\Engine\public\Engine_Struct.h(172,13): warning C4251: 'Engine::tagVertex_Position_Normal_Texcoord::vNormal': 'DirectX::XMFLOAT3'에서는 'Engine::tagVertex_Position_Normal_Texcoord'의 클라이언트에서 DLL 인터페이스를 사용하도록 지정해야 함
  (소스 파일 '../private/RawInput.cpp'을(를) 컴파일하는 중)
      C:\Program Files (x86)\Windows Kits\10\Include\10.0.28000.0\um\DirectXMath.h(661,12):
      'DirectX::XMFLOAT3' 선언을 참조하십시오.
  
C:\Users\kkth3\OneDrive\문서\GitHub\250531\Client\Engine\public\Engine_Struct.h(173,13): warning C4251: 'Engine::tagVertex_Position_Normal_Texcoord::vTexcoord': 'DirectX::XMFLOAT2'에서는 'Engine::tagVertex_Position_Normal_Texcoord'의 클라이언트에서 DLL 인터페이스를 사용하도록 지정해야 함
  (소스 파일 '../private/RawInput.cpp'을(를) 컴파일하는 중)
      C:\Program Files (x86)\Windows Kits\10\Include\10.0.28000.0\um\DirectXMath.h(584,12):
      'DirectX::XMFLOAT2' 선언을 참조하십시오.
  
C:\Users\kkth3\OneDrive\문서\GitHub\250531\Client\Engine\public\Engine_Struct.h(182,13): warning C4251: 'Engine::tagVertex_Position_Cube_Texcoord::vPosition': 'DirectX::XMFLOAT3'에서는 'Engine::tagVertex_Position_Cube_Texcoord'의 클라이언트에서 DLL 인터페이스를 사용하도록 지정해야 함
  (소스 파일 '../private/RawInput.cpp'을(를) 컴파일하는 중)
      C:\Program Files (x86)\Windows Kits\10\Include\10.0.28000.0\um\DirectXMath.h(661,12):
      'DirectX::XMFLOAT3' 선언을 참조하십시오.
  
C:\Users\kkth3\OneDrive\문서\GitHub\250531\Client\Engine\public\Engine_Struct.h(183,13): warning C4251: 'Engine::tagVertex_Position_Cube_Texcoord::vTexcoord': 'DirectX::XMFLOAT3'에서는 'Engine::tagVertex_Position_Cube_Texcoord'의 클라이언트에서 DLL 인터페이스를 사용하도록 지정해야 함
  (소스 파일 '../private/RawInput.cpp'을(를) 컴파일하는 중)
      C:\Program Files (x86)\Windows Kits\10\Include\10.0.28000.0\um\DirectXMath.h(661,12):
      'DirectX::XMFLOAT3' 선언을 참조하십시오.
  
C:\Users\kkth3\OneDrive\문서\GitHub\250531\Client\Engine\public\Engine_Struct.h(192,13): warning C4251: 'Engine::tagVertex_Mesh::vPosition': 'DirectX::XMFLOAT3'에서는 'Engine::tagVertex_Mesh'의 클라이언트에서 DLL 인터페이스를 사용하도록 지정해야 함
  (소스 파일 '../private/RawInput.cpp'을(를) 컴파일하는 중)
      C:\Program Files (x86)\Windows Kits\10\Include\10.0.28000.0\um\DirectXMath.h(661,12):
      'DirectX::XMFLOAT3' 선언을 참조하십시오.
  
C:\Users\kkth3\OneDrive\문서\GitHub\250531\Client\Engine\public\Engine_Struct.h(193,13): warning C4251: 'Engine::tagVertex_Mesh::vNormal': 'DirectX::XMFLOAT3'에서는 'Engine::tagVertex_Mesh'의 클라이언트에서 DLL 인터페이스를 사용하도록 지정해야 함
  (소스 파일 '../private/RawInput.cpp'을(를) 컴파일하는 중)
      C:\Program Files (x86)\Windows Kits\10\Include\10.0.28000.0\um\DirectXMath.h(661,12):
      'DirectX::XMFLOAT3' 선언을 참조하십시오.
  
C:\Users\kkth3\OneDrive\문서\GitHub\250531\Client\Engine\public\Engine_Struct.h(194,13): warning C4251: 'Engine::tagVertex_Mesh::vTexcoord': 'DirectX::XMFLOAT2'에서는 'Engine::tagVertex_Mesh'의 클라이언트에서 DLL 인터페이스를 사용하도록 지정해야 함
  (소스 파일 '../private/RawInput.cpp'을(를) 컴파일하는 중)
      C:\Program Files (x86)\Windows Kits\10\Include\10.0.28000.0\um\DirectXMath.h(584,12):
      'DirectX::XMFLOAT2' 선언을 참조하십시오.
  
C:\Users\kkth3\OneDrive\문서\GitHub\250531\Client\Engine\public\Engine_Struct.h(195,13): warning C4251: 'Engine::tagVertex_Mesh::vTangent': 'DirectX::XMFLOAT3'에서는 'Engine::tagVertex_Mesh'의 클라이언트에서 DLL 인터페이스를 사용하도록 지정해야 함
  (소스 파일 '../private/RawInput.cpp'을(를) 컴파일하는 중)
      C:\Program Files (x86)\Windows Kits\10\Include\10.0.28000.0\um\DirectXMath.h(661,12):
      'DirectX::XMFLOAT3' 선언을 참조하십시오.
  
C:\Users\kkth3\OneDrive\문서\GitHub\250531\Client\Engine\public\Engine_Struct.h(204,13): warning C4251: 'Engine::tagVertex_Anim_Mesh::vPosition': 'DirectX::XMFLOAT3'에서는 'Engine::tagVertex_Anim_Mesh'의 클라이언트에서 DLL 인터페이스를 사용하도록 지정해야 함
  (소스 파일 '../private/RawInput.cpp'을(를) 컴파일하는 중)
      C:\Program Files (x86)\Windows Kits\10\Include\10.0.28000.0\um\DirectXMath.h(661,12):
      'DirectX::XMFLOAT3' 선언을 참조하십시오.
  
C:\Users\kkth3\OneDrive\문서\GitHub\250531\Client\Engine\public\Engine_Struct.h(205,13): warning C4251: 'Engine::tagVertex_Anim_Mesh::vNormal': 'DirectX::XMFLOAT3'에서는 'Engine::tagVertex_Anim_Mesh'의 클라이언트에서 DLL 인터페이스를 사용하도록 지정해야 함
  (소스 파일 '../private/RawInput.cpp'을(를) 컴파일하는 중)
      C:\Program Files (x86)\Windows Kits\10\Include\10.0.28000.0\um\DirectXMath.h(661,12):
      'DirectX::XMFLOAT3' 선언을 참조하십시오.
  
C:\Users\kkth3\OneDrive\문서\GitHub\250531\Client\Engine\public\Engine_Struct.h(206,13): warning C4251: 'Engine::tagVertex_Anim_Mesh::vTexcoord': 'DirectX::XMFLOAT2'에서는 'Engine::tagVertex_Anim_Mesh'의 클라이언트에서 DLL 인터페이스를 사용하도록 지정해야 함
  (소스 파일 '../private/RawInput.cpp'을(를) 컴파일하는 중)
      C:\Program Files (x86)\Windows Kits\10\Include\10.0.28000.0\um\DirectXMath.h(584,12):
      'DirectX::XMFLOAT2' 선언을 참조하십시오.
  
C:\Users\kkth3\OneDrive\문서\GitHub\250531\Client\Engine\public\Engine_Struct.h(207,13): warning C4251: 'Engine::tagVertex_Anim_Mesh::vTangent': 'DirectX::XMFLOAT3'에서는 'Engine::tagVertex_Anim_Mesh'의 클라이언트에서 DLL 인터페이스를 사용하도록 지정해야 함
  (소스 파일 '../private/RawInput.cpp'을(를) 컴파일하는 중)
      C:\Program Files (x86)\Windows Kits\10\Include\10.0.28000.0\um\DirectXMath.h(661,12):
      'DirectX::XMFLOAT3' 선언을 참조하십시오.
  
C:\Users\kkth3\OneDrive\문서\GitHub\250531\Client\Engine\public\Engine_Struct.h(209,13): warning C4251: 'Engine::tagVertex_Anim_Mesh::vBlendIndices': 'DirectX::XMUINT4'에서는 'Engine::tagVertex_Anim_Mesh'의 클라이언트에서 DLL 인터페이스를 사용하도록 지정해야 함
  (소스 파일 '../private/RawInput.cpp'을(를) 컴파일하는 중)
      C:\Program Files (x86)\Windows Kits\10\Include\10.0.28000.0\um\DirectXMath.h(793,12):
      'DirectX::XMUINT4' 선언을 참조하십시오.
  
C:\Users\kkth3\OneDrive\문서\GitHub\250531\Client\Engine\public\Engine_Struct.h(210,13): warning C4251: 'Engine::tagVertex_Anim_Mesh::vBlendWeights': 'DirectX::XMFLOAT4'에서는 'Engine::tagVertex_Anim_Mesh'의 클라이언트에서 DLL 인터페이스를 사용하도록 지정해야 함
  (소스 파일 '../private/RawInput.cpp'을(를) 컴파일하는 중)
      C:\Program Files (x86)\Windows Kits\10\Include\10.0.28000.0\um\DirectXMath.h(736,12):
      'DirectX::XMFLOAT4' 선언을 참조하십시오.
  
  Renderer.cpp
C:\Users\kkth3\OneDrive\문서\GitHub\250531\Client\Engine\public\Engine_Struct.h(21,14): warning C4251: 'Engine::ObjectConstants::World': 'DirectX::XMFLOAT4X4'에서는 'Engine::ObjectConstants'의 클라이언트에서 DLL 인터페이스를 사용하도록 지정해야 함
  (소스 파일 '../private/Renderer.cpp'을(를) 컴파일하는 중)
      C:\Program Files (x86)\Windows Kits\10\Include\10.0.28000.0\um\DirectXMath.h(964,12):
      'DirectX::XMFLOAT4X4' 선언을 참조하십시오.
  
C:\Users\kkth3\OneDrive\문서\GitHub\250531\Client\Engine\public\Engine_Struct.h(22,14): warning C4251: 'Engine::ObjectConstants::TexTransform': 'DirectX::XMFLOAT4X4'에서는 'Engine::ObjectConstants'의 클라이언트에서 DLL 인터페이스를 사용하도록 지정해야 함
  (소스 파일 '../private/Renderer.cpp'을(를) 컴파일하는 중)
      C:\Program Files (x86)\Windows Kits\10\Include\10.0.28000.0\um\DirectXMath.h(964,12):
      'DirectX::XMFLOAT4X4' 선언을 참조하십시오.
  
C:\Users\kkth3\OneDrive\문서\GitHub\250531\Client\Engine\public\Engine_Struct.h(31,21): warning C4251: 'Engine::Light::Strength': 'DirectX::XMFLOAT3'에서는 'Engine::Light'의 클라이언트에서 DLL 인터페이스를 사용하도록 지정해야 함
  (소스 파일 '../private/Renderer.cpp'을(를) 컴파일하는 중)
      C:\Program Files (x86)\Windows Kits\10\Include\10.0.28000.0\um\DirectXMath.h(661,12):
      'DirectX::XMFLOAT3' 선언을 참조하십시오.
  
C:\Users\kkth3\OneDrive\문서\GitHub\250531\Client\Engine\public\Engine_Struct.h(33,21): warning C4251: 'Engine::Light::Direction': 'DirectX::XMFLOAT3'에서는 'Engine::Light'의 클라이언트에서 DLL 인터페이스를 사용하도록 지정해야 함
  (소스 파일 '../private/Renderer.cpp'을(를) 컴파일하는 중)
      C:\Program Files (x86)\Windows Kits\10\Include\10.0.28000.0\um\DirectXMath.h(661,12):
      'DirectX::XMFLOAT3' 선언을 참조하십시오.
  
C:\Users\kkth3\OneDrive\문서\GitHub\250531\Client\Engine\public\Engine_Struct.h(35,21): warning C4251: 'Engine::Light::Position': 'DirectX::XMFLOAT3'에서는 'Engine::Light'의 클라이언트에서 DLL 인터페이스를 사용하도록 지정해야 함
  (소스 파일 '../private/Renderer.cpp'을(를) 컴파일하는 중)
      C:\Program Files (x86)\Windows Kits\10\Include\10.0.28000.0\um\DirectXMath.h(661,12):
      'DirectX::XMFLOAT3' 선언을 참조하십시오.
  
C:\Users\kkth3\OneDrive\문서\GitHub\250531\Client\Engine\public\Engine_Struct.h(41,23): warning C4251: 'Engine::PassConstants::View': 'DirectX::XMFLOAT4X4'에서는 'Engine::PassConstants'의 클라이언트에서 DLL 인터페이스를 사용하도록 지정해야 함
  (소스 파일 '../private/Renderer.cpp'을(를) 컴파일하는 중)
      C:\Program Files (x86)\Windows Kits\10\Include\10.0.28000.0\um\DirectXMath.h(964,12):
      'DirectX::XMFLOAT4X4' 선언을 참조하십시오.
  
C:\Users\kkth3\OneDrive\문서\GitHub\250531\Client\Engine\public\Engine_Struct.h(42,23): warning C4251: 'Engine::PassConstants::InvView': 'DirectX::XMFLOAT4X4'에서는 'Engine::PassConstants'의 클라이언트에서 DLL 인터페이스를 사용하도록 지정해야 함
  (소스 파일 '../private/Renderer.cpp'을(를) 컴파일하는 중)
      C:\Program Files (x86)\Windows Kits\10\Include\10.0.28000.0\um\DirectXMath.h(964,12):
      'DirectX::XMFLOAT4X4' 선언을 참조하십시오.
  
C:\Users\kkth3\OneDrive\문서\GitHub\250531\Client\Engine\public\Engine_Struct.h(43,23): warning C4251: 'Engine::PassConstants::Proj': 'DirectX::XMFLOAT4X4'에서는 'Engine::PassConstants'의 클라이언트에서 DLL 인터페이스를 사용하도록 지정해야 함
  (소스 파일 '../private/Renderer.cpp'을(를) 컴파일하는 중)
      C:\Program Files (x86)\Windows Kits\10\Include\10.0.28000.0\um\DirectXMath.h(964,12):
      'DirectX::XMFLOAT4X4' 선언을 참조하십시오.
  
C:\Users\kkth3\OneDrive\문서\GitHub\250531\Client\Engine\public\Engine_Struct.h(44,23): warning C4251: 'Engine::PassConstants::InvProj': 'DirectX::XMFLOAT4X4'에서는 'Engine::PassConstants'의 클라이언트에서 DLL 인터페이스를 사용하도록 지정해야 함
  (소스 파일 '../private/Renderer.cpp'을(를) 컴파일하는 중)
      C:\Program Files (x86)\Windows Kits\10\Include\10.0.28000.0\um\DirectXMath.h(964,12):
      'DirectX::XMFLOAT4X4' 선언을 참조하십시오.
  
C:\Users\kkth3\OneDrive\문서\GitHub\250531\Client\Engine\public\Engine_Struct.h(45,23): warning C4251: 'Engine::PassConstants::ViewProj': 'DirectX::XMFLOAT4X4'에서는 'Engine::PassConstants'의 클라이언트에서 DLL 인터페이스를 사용하도록 지정해야 함
  (소스 파일 '../private/Renderer.cpp'을(를) 컴파일하는 중)
      C:\Program Files (x86)\Windows Kits\10\Include\10.0.28000.0\um\DirectXMath.h(964,12):
      'DirectX::XMFLOAT4X4' 선언을 참조하십시오.
  
C:\Users\kkth3\OneDrive\문서\GitHub\250531\Client\Engine\public\Engine_Struct.h(46,23): warning C4251: 'Engine::PassConstants::InvViewProj': 'DirectX::XMFLOAT4X4'에서는 'Engine::PassConstants'의 클라이언트에서 DLL 인터페이스를 사용하도록 지정해야 함
  (소스 파일 '../private/Renderer.cpp'을(를) 컴파일하는 중)
      C:\Program Files (x86)\Windows Kits\10\Include\10.0.28000.0\um\DirectXMath.h(964,12):
      'DirectX::XMFLOAT4X4' 선언을 참조하십시오.
  
C:\Users\kkth3\OneDrive\문서\GitHub\250531\Client\Engine\public\Engine_Struct.h(47,23): warning C4251: 'Engine::PassConstants::ShadowTransform': 'DirectX::XMFLOAT4X4'에서는 'Engine::PassConstants'의 클라이언트에서 DLL 인터페이스를 사용하도록 지정해야 함
  (소스 파일 '../private/Renderer.cpp'을(를) 컴파일하는 중)
      C:\Program Files (x86)\Windows Kits\10\Include\10.0.28000.0\um\DirectXMath.h(964,12):
      'DirectX::XMFLOAT4X4' 선언을 참조하십시오.
  
C:\Users\kkth3\OneDrive\문서\GitHub\250531\Client\Engine\public\Engine_Struct.h(48,21): warning C4251: 'Engine::PassConstants::EyePosW': 'DirectX::XMFLOAT3'에서는 'Engine::PassConstants'의 클라이언트에서 DLL 인터페이스를 사용하도록 지정해야 함
  (소스 파일 '../private/Renderer.cpp'을(를) 컴파일하는 중)
      C:\Program Files (x86)\Windows Kits\10\Include\10.0.28000.0\um\DirectXMath.h(661,12):
      'DirectX::XMFLOAT3' 선언을 참조하십시오.
  
C:\Users\kkth3\OneDrive\문서\GitHub\250531\Client\Engine\public\Engine_Struct.h(50,21): warning C4251: 'Engine::PassConstants::RenderTargetSize': 'DirectX::XMFLOAT2'에서는 'Engine::PassConstants'의 클라이언트에서 DLL 인터페이스를 사용하도록 지정해야 함
  (소스 파일 '../private/Renderer.cpp'을(를) 컴파일하는 중)
      C:\Program Files (x86)\Windows Kits\10\Include\10.0.28000.0\um\DirectXMath.h(584,12):
      'DirectX::XMFLOAT2' 선언을 참조하십시오.
  
C:\Users\kkth3\OneDrive\문서\GitHub\250531\Client\Engine\public\Engine_Struct.h(51,21): warning C4251: 'Engine::PassConstants::InvRenderTargetSize': 'DirectX::XMFLOAT2'에서는 'Engine::PassConstants'의 클라이언트에서 DLL 인터페이스를 사용하도록 지정해야 함
  (소스 파일 '../private/Renderer.cpp'을(를) 컴파일하는 중)
      C:\Program Files (x86)\Windows Kits\10\Include\10.0.28000.0\um\DirectXMath.h(584,12):
      'DirectX::XMFLOAT2' 선언을 참조하십시오.
  
C:\Users\kkth3\OneDrive\문서\GitHub\250531\Client\Engine\public\Engine_Struct.h(57,21): warning C4251: 'Engine::PassConstants::AmbientLight': 'DirectX::XMFLOAT4'에서는 'Engine::PassConstants'의 클라이언트에서 DLL 인터페이스를 사용하도록 지정해야 함
  (소스 파일 '../private/Renderer.cpp'을(를) 컴파일하는 중)
      C:\Program Files (x86)\Windows Kits\10\Include\10.0.28000.0\um\DirectXMath.h(736,12):
      'DirectX::XMFLOAT4' 선언을 참조하십시오.
  
C:\Users\kkth3\OneDrive\문서\GitHub\250531\Client\Engine\public\Engine_Struct.h(86,21): warning C4251: 'Engine::MaterialConstants::DiffuseAlbedo': 'DirectX::XMFLOAT4'에서는 'Engine::MaterialConstants'의 클라이언트에서 DLL 인터페이스를 사용하도록 지정해야 함
  (소스 파일 '../private/Renderer.cpp'을(를) 컴파일하는 중)
      C:\Program Files (x86)\Windows Kits\10\Include\10.0.28000.0\um\DirectXMath.h(736,12):
      'DirectX::XMFLOAT4' 선언을 참조하십시오.
  
C:\Users\kkth3\OneDrive\문서\GitHub\250531\Client\Engine\public\Engine_Struct.h(87,21): warning C4251: 'Engine::MaterialConstants::FresnelR0': 'DirectX::XMFLOAT3'에서는 'Engine::MaterialConstants'의 클라이언트에서 DLL 인터페이스를 사용하도록 지정해야 함
  (소스 파일 '../private/Renderer.cpp'을(를) 컴파일하는 중)
      C:\Program Files (x86)\Windows Kits\10\Include\10.0.28000.0\um\DirectXMath.h(661,12):
      'DirectX::XMFLOAT3' 선언을 참조하십시오.
  
C:\Users\kkth3\OneDrive\문서\GitHub\250531\Client\Engine\public\Engine_Struct.h(89,23): warning C4251: 'Engine::MaterialConstants::MatTransform': 'DirectX::XMFLOAT4X4'에서는 'Engine::MaterialConstants'의 클라이언트에서 DLL 인터페이스를 사용하도록 지정해야 함
  (소스 파일 '../private/Renderer.cpp'을(를) 컴파일하는 중)
      C:\Program Files (x86)\Windows Kits\10\Include\10.0.28000.0\um\DirectXMath.h(964,12):
      'DirectX::XMFLOAT4X4' 선언을 참조하십시오.
  
C:\Users\kkth3\OneDrive\문서\GitHub\250531\Client\Engine\public\Engine_Struct.h(94,21): warning C4251: 'Engine::MaterialData::DiffuseAlbedo': 'DirectX::XMFLOAT4'에서는 'Engine::MaterialData'의 클라이언트에서 DLL 인터페이스를 사용하도록 지정해야 함
  (소스 파일 '../private/Renderer.cpp'을(를) 컴파일하는 중)
      C:\Program Files (x86)\Windows Kits\10\Include\10.0.28000.0\um\DirectXMath.h(736,12):
      'DirectX::XMFLOAT4' 선언을 참조하십시오.
  
C:\Users\kkth3\OneDrive\문서\GitHub\250531\Client\Engine\public\Engine_Struct.h(95,21): warning C4251: 'Engine::MaterialData::FresnelR0': 'DirectX::XMFLOAT3'에서는 'Engine::MaterialData'의 클라이언트에서 DLL 인터페이스를 사용하도록 지정해야 함
  (소스 파일 '../private/Renderer.cpp'을(를) 컴파일하는 중)
      C:\Program Files (x86)\Windows Kits\10\Include\10.0.28000.0\um\DirectXMath.h(661,12):
      'DirectX::XMFLOAT3' 선언을 참조하십시오.
  
C:\Users\kkth3\OneDrive\문서\GitHub\250531\Client\Engine\public\Engine_Struct.h(99,23): warning C4251: 'Engine::MaterialData::MatTransform': 'DirectX::XMFLOAT4X4'에서는 'Engine::MaterialData'의 클라이언트에서 DLL 인터페이스를 사용하도록 지정해야 함
  (소스 파일 '../private/Renderer.cpp'을(를) 컴파일하는 중)
      C:\Program Files (x86)\Windows Kits\10\Include\10.0.28000.0\um\DirectXMath.h(964,12):
      'DirectX::XMFLOAT4X4' 선언을 참조하십시오.
  
C:\Users\kkth3\OneDrive\문서\GitHub\250531\Client\Engine\public\Engine_Struct.h(113,14): warning C4251: 'Engine::InstanceData::World': 'DirectX::XMFLOAT4X4'에서는 'Engine::InstanceData'의 클라이언트에서 DLL 인터페이스를 사용하도록 지정해야 함
  (소스 파일 '../private/Renderer.cpp'을(를) 컴파일하는 중)
      C:\Program Files (x86)\Windows Kits\10\Include\10.0.28000.0\um\DirectXMath.h(964,12):
      'DirectX::XMFLOAT4X4' 선언을 참조하십시오.
  
C:\Users\kkth3\OneDrive\문서\GitHub\250531\Client\Engine\public\Engine_Struct.h(142,13): warning C4251: 'Engine::tagVertex_Position::vPosition': 'DirectX::XMFLOAT3'에서는 'Engine::tagVertex_Position'의 클라이언트에서 DLL 인터페이스를 사용하도록 지정해야 함
  (소스 파일 '../private/Renderer.cpp'을(를) 컴파일하는 중)
      C:\Program Files (x86)\Windows Kits\10\Include\10.0.28000.0\um\DirectXMath.h(661,12):
      'DirectX::XMFLOAT3' 선언을 참조하십시오.
  
C:\Users\kkth3\OneDrive\문서\GitHub\250531\Client\Engine\public\Engine_Struct.h(151,13): warning C4251: 'Engine::tagVertex_Position_Normal::vPosition': 'DirectX::XMFLOAT3'에서는 'Engine::tagVertex_Position_Normal'의 클라이언트에서 DLL 인터페이스를 사용하도록 지정해야 함
  (소스 파일 '../private/Renderer.cpp'을(를) 컴파일하는 중)
      C:\Program Files (x86)\Windows Kits\10\Include\10.0.28000.0\um\DirectXMath.h(661,12):
      'DirectX::XMFLOAT3' 선언을 참조하십시오.
  
C:\Users\kkth3\OneDrive\문서\GitHub\250531\Client\Engine\public\Engine_Struct.h(152,13): warning C4251: 'Engine::tagVertex_Position_Normal::vNormal': 'DirectX::XMFLOAT3'에서는 'Engine::tagVertex_Position_Normal'의 클라이언트에서 DLL 인터페이스를 사용하도록 지정해야 함
  (소스 파일 '../private/Renderer.cpp'을(를) 컴파일하는 중)
      C:\Program Files (x86)\Windows Kits\10\Include\10.0.28000.0\um\DirectXMath.h(661,12):
      'DirectX::XMFLOAT3' 선언을 참조하십시오.
  
C:\Users\kkth3\OneDrive\문서\GitHub\250531\Client\Engine\public\Engine_Struct.h(161,13): warning C4251: 'Engine::tagVertex_Position_Texcoord::vPosition': 'DirectX::XMFLOAT3'에서는 'Engine::tagVertex_Position_Texcoord'의 클라이언트에서 DLL 인터페이스를 사용하도록 지정해야 함
  (소스 파일 '../private/Renderer.cpp'을(를) 컴파일하는 중)
      C:\Program Files (x86)\Windows Kits\10\Include\10.0.28000.0\um\DirectXMath.h(661,12):
      'DirectX::XMFLOAT3' 선언을 참조하십시오.
  
C:\Users\kkth3\OneDrive\문서\GitHub\250531\Client\Engine\public\Engine_Struct.h(162,13): warning C4251: 'Engine::tagVertex_Position_Texcoord::vTexcoord': 'DirectX::XMFLOAT2'에서는 'Engine::tagVertex_Position_Texcoord'의 클라이언트에서 DLL 인터페이스를 사용하도록 지정해야 함
  (소스 파일 '../private/Renderer.cpp'을(를) 컴파일하는 중)
      C:\Program Files (x86)\Windows Kits\10\Include\10.0.28000.0\um\DirectXMath.h(584,12):
      'DirectX::XMFLOAT2' 선언을 참조하십시오.
  
C:\Users\kkth3\OneDrive\문서\GitHub\250531\Client\Engine\public\Engine_Struct.h(171,13): warning C4251: 'Engine::tagVertex_Position_Normal_Texcoord::vPosition': 'DirectX::XMFLOAT3'에서는 'Engine::tagVertex_Position_Normal_Texcoord'의 클라이언트에서 DLL 인터페이스를 사용하도록 지정해야 함
  (소스 파일 '../private/Renderer.cpp'을(를) 컴파일하는 중)
      C:\Program Files (x86)\Windows Kits\10\Include\10.0.28000.0\um\DirectXMath.h(661,12):
      'DirectX::XMFLOAT3' 선언을 참조하십시오.
  
C:\Users\kkth3\OneDrive\문서\GitHub\250531\Client\Engine\public\Engine_Struct.h(172,13): warning C4251: 'Engine::tagVertex_Position_Normal_Texcoord::vNormal': 'DirectX::XMFLOAT3'에서는 'Engine::tagVertex_Position_Normal_Texcoord'의 클라이언트에서 DLL 인터페이스를 사용하도록 지정해야 함
  (소스 파일 '../private/Renderer.cpp'을(를) 컴파일하는 중)
      C:\Program Files (x86)\Windows Kits\10\Include\10.0.28000.0\um\DirectXMath.h(661,12):
      'DirectX::XMFLOAT3' 선언을 참조하십시오.
  
C:\Users\kkth3\OneDrive\문서\GitHub\250531\Client\Engine\public\Engine_Struct.h(173,13): warning C4251: 'Engine::tagVertex_Position_Normal_Texcoord::vTexcoord': 'DirectX::XMFLOAT2'에서는 'Engine::tagVertex_Position_Normal_Texcoord'의 클라이언트에서 DLL 인터페이스를 사용하도록 지정해야 함
  (소스 파일 '../private/Renderer.cpp'을(를) 컴파일하는 중)
      C:\Program Files (x86)\Windows Kits\10\Include\10.0.28000.0\um\DirectXMath.h(584,12):
      'DirectX::XMFLOAT2' 선언을 참조하십시오.
  
C:\Users\kkth3\OneDrive\문서\GitHub\250531\Client\Engine\public\Engine_Struct.h(182,13): warning C4251: 'Engine::tagVertex_Position_Cube_Texcoord::vPosition': 'DirectX::XMFLOAT3'에서는 'Engine::tagVertex_Position_Cube_Texcoord'의 클라이언트에서 DLL 인터페이스를 사용하도록 지정해야 함
  (소스 파일 '../private/Renderer.cpp'을(를) 컴파일하는 중)
      C:\Program Files (x86)\Windows Kits\10\Include\10.0.28000.0\um\DirectXMath.h(661,12):
      'DirectX::XMFLOAT3' 선언을 참조하십시오.
  
C:\Users\kkth3\OneDrive\문서\GitHub\250531\Client\Engine\public\Engine_Struct.h(183,13): warning C4251: 'Engine::tagVertex_Position_Cube_Texcoord::vTexcoord': 'DirectX::XMFLOAT3'에서는 'Engine::tagVertex_Position_Cube_Texcoord'의 클라이언트에서 DLL 인터페이스를 사용하도록 지정해야 함
  (소스 파일 '../private/Renderer.cpp'을(를) 컴파일하는 중)
      C:\Program Files (x86)\Windows Kits\10\Include\10.0.28000.0\um\DirectXMath.h(661,12):
      'DirectX::XMFLOAT3' 선언을 참조하십시오.
  
C:\Users\kkth3\OneDrive\문서\GitHub\250531\Client\Engine\public\Engine_Struct.h(192,13): warning C4251: 'Engine::tagVertex_Mesh::vPosition': 'DirectX::XMFLOAT3'에서는 'Engine::tagVertex_Mesh'의 클라이언트에서 DLL 인터페이스를 사용하도록 지정해야 함
  (소스 파일 '../private/Renderer.cpp'을(를) 컴파일하는 중)
      C:\Program Files (x86)\Windows Kits\10\Include\10.0.28000.0\um\DirectXMath.h(661,12):
      'DirectX::XMFLOAT3' 선언을 참조하십시오.
  
C:\Users\kkth3\OneDrive\문서\GitHub\250531\Client\Engine\public\Engine_Struct.h(193,13): warning C4251: 'Engine::tagVertex_Mesh::vNormal': 'DirectX::XMFLOAT3'에서는 'Engine::tagVertex_Mesh'의 클라이언트에서 DLL 인터페이스를 사용하도록 지정해야 함
  (소스 파일 '../private/Renderer.cpp'을(를) 컴파일하는 중)
      C:\Program Files (x86)\Windows Kits\10\Include\10.0.28000.0\um\DirectXMath.h(661,12):
      'DirectX::XMFLOAT3' 선언을 참조하십시오.
  
C:\Users\kkth3\OneDrive\문서\GitHub\250531\Client\Engine\public\Engine_Struct.h(194,13): warning C4251: 'Engine::tagVertex_Mesh::vTexcoord': 'DirectX::XMFLOAT2'에서는 'Engine::tagVertex_Mesh'의 클라이언트에서 DLL 인터페이스를 사용하도록 지정해야 함
  (소스 파일 '../private/Renderer.cpp'을(를) 컴파일하는 중)
      C:\Program Files (x86)\Windows Kits\10\Include\10.0.28000.0\um\DirectXMath.h(584,12):
      'DirectX::XMFLOAT2' 선언을 참조하십시오.
  
C:\Users\kkth3\OneDrive\문서\GitHub\250531\Client\Engine\public\Engine_Struct.h(195,13): warning C4251: 'Engine::tagVertex_Mesh::vTangent': 'DirectX::XMFLOAT3'에서는 'Engine::tagVertex_Mesh'의 클라이언트에서 DLL 인터페이스를 사용하도록 지정해야 함
  (소스 파일 '../private/Renderer.cpp'을(를) 컴파일하는 중)
      C:\Program Files (x86)\Windows Kits\10\Include\10.0.28000.0\um\DirectXMath.h(661,12):
      'DirectX::XMFLOAT3' 선언을 참조하십시오.
  
C:\Users\kkth3\OneDrive\문서\GitHub\250531\Client\Engine\public\Engine_Struct.h(204,13): warning C4251: 'Engine::tagVertex_Anim_Mesh::vPosition': 'DirectX::XMFLOAT3'에서는 'Engine::tagVertex_Anim_Mesh'의 클라이언트에서 DLL 인터페이스를 사용하도록 지정해야 함
  (소스 파일 '../private/Renderer.cpp'을(를) 컴파일하는 중)
      C:\Program Files (x86)\Windows Kits\10\Include\10.0.28000.0\um\DirectXMath.h(661,12):
      'DirectX::XMFLOAT3' 선언을 참조하십시오.
  
C:\Users\kkth3\OneDrive\문서\GitHub\250531\Client\Engine\public\Engine_Struct.h(205,13): warning C4251: 'Engine::tagVertex_Anim_Mesh::vNormal': 'DirectX::XMFLOAT3'에서는 'Engine::tagVertex_Anim_Mesh'의 클라이언트에서 DLL 인터페이스를 사용하도록 지정해야 함
  (소스 파일 '../private/Renderer.cpp'을(를) 컴파일하는 중)
      C:\Program Files (x86)\Windows Kits\10\Include\10.0.28000.0\um\DirectXMath.h(661,12):
      'DirectX::XMFLOAT3' 선언을 참조하십시오.
  
C:\Users\kkth3\OneDrive\문서\GitHub\250531\Client\Engine\public\Engine_Struct.h(206,13): warning C4251: 'Engine::tagVertex_Anim_Mesh::vTexcoord': 'DirectX::XMFLOAT2'에서는 'Engine::tagVertex_Anim_Mesh'의 클라이언트에서 DLL 인터페이스를 사용하도록 지정해야 함
  (소스 파일 '../private/Renderer.cpp'을(를) 컴파일하는 중)
      C:\Program Files (x86)\Windows Kits\10\Include\10.0.28000.0\um\DirectXMath.h(584,12):
      'DirectX::XMFLOAT2' 선언을 참조하십시오.
  
C:\Users\kkth3\OneDrive\문서\GitHub\250531\Client\Engine\public\Engine_Struct.h(207,13): warning C4251: 'Engine::tagVertex_Anim_Mesh::vTangent': 'DirectX::XMFLOAT3'에서는 'Engine::tagVertex_Anim_Mesh'의 클라이언트에서 DLL 인터페이스를 사용하도록 지정해야 함
  (소스 파일 '../private/Renderer.cpp'을(를) 컴파일하는 중)
      C:\Program Files (x86)\Windows Kits\10\Include\10.0.28000.0\um\DirectXMath.h(661,12):
      'DirectX::XMFLOAT3' 선언을 참조하십시오.
  
C:\Users\kkth3\OneDrive\문서\GitHub\250531\Client\Engine\public\Engine_Struct.h(209,13): warning C4251: 'Engine::tagVertex_Anim_Mesh::vBlendIndices': 'DirectX::XMUINT4'에서는 'Engine::tagVertex_Anim_Mesh'의 클라이언트에서 DLL 인터페이스를 사용하도록 지정해야 함
  (소스 파일 '../private/Renderer.cpp'을(를) 컴파일하는 중)
      C:\Program Files (x86)\Windows Kits\10\Include\10.0.28000.0\um\DirectXMath.h(793,12):
      'DirectX::XMUINT4' 선언을 참조하십시오.
  
C:\Users\kkth3\OneDrive\문서\GitHub\250531\Client\Engine\public\Engine_Struct.h(210,13): warning C4251: 'Engine::tagVertex_Anim_Mesh::vBlendWeights': 'DirectX::XMFLOAT4'에서는 'Engine::tagVertex_Anim_Mesh'의 클라이언트에서 DLL 인터페이스를 사용하도록 지정해야 함
  (소스 파일 '../private/Renderer.cpp'을(를) 컴파일하는 중)
      C:\Program Files (x86)\Windows Kits\10\Include\10.0.28000.0\um\DirectXMath.h(736,12):
      'DirectX::XMFLOAT4' 선언을 참조하십시오.
  
C:\Users\kkth3\OneDrive\문서\GitHub\250531\Client\Engine\public\Renderer.h(34,25): warning C4251: 'Engine::CRenderer::m_vRenderObjects': 'std::vector<Engine::CRenderObject *,std::allocator<Engine::CRenderObject *>>'에서는 'Engine::CRenderer'의 클라이언트에서 DLL 인터페이스를 사용하도록 지정해야 함
  (소스 파일 '../private/Renderer.cpp'을(를) 컴파일하는 중)
      C:\Program Files\Microsoft Visual Studio\2022\Community\VC\Tools\MSVC\14.44.35207\include\vector(442,7):
      'std::vector<Engine::CRenderObject *,std::allocator<Engine::CRenderObject *>>' 선언을 참조하십시오.
  
C:\Users\kkth3\OneDrive\문서\GitHub\250531\Client\Engine\public\Transform.h(106,13): warning C4251: 'Engine::CTransform::m_WorldMatrix': 'DirectX::XMFLOAT4X4'에서는 'Engine::CTransform'의 클라이언트에서 DLL 인터페이스를 사용하도록 지정해야 함
  (소스 파일 '../private/Renderer.cpp'을(를) 컴파일하는 중)
      C:\Program Files (x86)\Windows Kits\10\Include\10.0.28000.0\um\DirectXMath.h(964,12):
      'DirectX::XMFLOAT4X4' 선언을 참조하십시오.
  
C:\Users\kkth3\OneDrive\문서\GitHub\250531\Client\Engine\public\GameObject.h(39,43): warning C4251: 'Engine::CGameObject::m_Components': 'std::unordered_map<std::string,Engine::CComponent *,std::hash<std::string>,std::equal_to<std::string>,std::allocator<std::pair<const std::string,Engine::CComponent *>>>'에서는 'Engine::CGameObject'의 클라이언트에서 DLL 인터페이스를 사용하도록 지정해야 함
  (소스 파일 '../private/Renderer.cpp'을(를) 컴파일하는 중)
      C:\Program Files\Microsoft Visual Studio\2022\Community\VC\Tools\MSVC\14.44.35207\include\unordered_map(61,7):
      'std::unordered_map<std::string,Engine::CComponent *,std::hash<std::string>,std::equal_to<std::string>,std::allocator<std::pair<const std::string,Engine::CComponent *>>>' 선언을 참조하십시오.
  
C:\Users\kkth3\OneDrive\문서\GitHub\250531\Client\Engine\public\VIBuffer_Geos.h(24,50): warning C4251: 'Engine::CVIBuffer_Geos::m_SubMeshInfos': 'std::unordered_map<Engine::CVIBuffer_Geos::BASIC_SUBMESHES,SubmeshGeometry,std::hash<Engine::CVIBuffer_Geos::BASIC_SUBMESHES>,std::equal_to<Engine::CVIBuffer_Geos::BASIC_SUBMESHES>,std::allocator<std::pair<const Engine::CVIBuffer_Geos::BASIC_SUBMESHES,SubmeshGeometry>>>'에서는 'Engine::CVIBuffer_Geos'의 클라이언트에서 DLL 인터페이스를 사용하도록 지정해야 함
  (소스 파일 '../private/Renderer.cpp'을(를) 컴파일하는 중)
      C:\Program Files\Microsoft Visual Studio\2022\Community\VC\Tools\MSVC\14.44.35207\include\unordered_map(61,7):
      'std::unordered_map<Engine::CVIBuffer_Geos::BASIC_SUBMESHES,SubmeshGeometry,std::hash<Engine::CVIBuffer_Geos::BASIC_SUBMESHES>,std::equal_to<Engine::CVIBuffer_Geos::BASIC_SUBMESHES>,std::allocator<std::pair<const Engine::CVIBuffer_Geos::BASIC_SUBMESHES,SubmeshGeometry>>>' 선언을 참조하십시오.
  
C:\Users\kkth3\OneDrive\문서\GitHub\250531\Client\Engine\public\Model.h(62,16): warning C4251: 'Engine::CModel::m_PivotMatrix': 'DirectX::XMFLOAT4X4'에서는 'Engine::CModel'의 클라이언트에서 DLL 인터페이스를 사용하도록 지정해야 함
  (소스 파일 '../private/Renderer.cpp'을(를) 컴파일하는 중)
      C:\Program Files (x86)\Windows Kits\10\Include\10.0.28000.0\um\DirectXMath.h(964,12):
      'DirectX::XMFLOAT4X4' 선언을 참조하십시오.
  
C:\Users\kkth3\OneDrive\문서\GitHub\250531\Client\Engine\public\Model.h(66,26): warning C4251: 'Engine::CModel::m_Meshes': 'std::vector<Engine::CMesh *,std::allocator<Engine::CMesh *>>'에서는 'Engine::CModel'의 클라이언트에서 DLL 인터페이스를 사용하도록 지정해야 함
  (소스 파일 '../private/Renderer.cpp'을(를) 컴파일하는 중)
      C:\Program Files\Microsoft Visual Studio\2022\Community\VC\Tools\MSVC\14.44.35207\include\vector(442,7):
      'std::vector<Engine::CMesh *,std::allocator<Engine::CMesh *>>' 선언을 참조하십시오.
  
C:\Users\kkth3\OneDrive\문서\GitHub\250531\Client\Engine\public\Model.h(68,26): warning C4251: 'Engine::CModel::m_Bones': 'std::vector<Engine::CBone *,std::allocator<Engine::CBone *>>'에서는 'Engine::CModel'의 클라이언트에서 DLL 인터페이스를 사용하도록 지정해야 함
  (소스 파일 '../private/Renderer.cpp'을(를) 컴파일하는 중)
      C:\Program Files\Microsoft Visual Studio\2022\Community\VC\Tools\MSVC\14.44.35207\include\vector(442,7):
      'std::vector<Engine::CBone *,std::allocator<Engine::CBone *>>' 선언을 참조하십시오.
  
C:\Users\kkth3\OneDrive\문서\GitHub\250531\Client\Engine\public\VIBuffer_Terrain.h(72,41): warning C4251: 'Engine::CVIBuffer_Terrain::m_pHeightMap': 'std::shared_ptr<std::vector<float,std::allocator<float>>>'에서는 'Engine::CVIBuffer_Terrain'의 클라이언트에서 DLL 인터페이스를 사용하도록 지정해야 함
  (소스 파일 '../private/Renderer.cpp'을(를) 컴파일하는 중)
      C:\Program Files\Microsoft Visual Studio\2022\Community\VC\Tools\MSVC\14.44.35207\include\memory(1565,7):
      'std::shared_ptr<std::vector<float,std::allocator<float>>>' 선언을 참조하십시오.
  
C:\Users\kkth3\OneDrive\문서\GitHub\250531\Client\Engine\public\VIBuffer_Terrain.h(74,33): warning C4251: 'Engine::CVIBuffer_Terrain::m_Chunks': 'std::vector<Engine::CVIBuffer_Terrain::TERRAINCHUNK,std::allocator<Engine::CVIBuffer_Terrain::TERRAINCHUNK>>'에서는 'Engine::CVIBuffer_Terrain'의 클라이언트에서 DLL 인터페이스를 사용하도록 지정해야 함
  (소스 파일 '../private/Renderer.cpp'을(를) 컴파일하는 중)
      C:\Program Files\Microsoft Visual Studio\2022\Community\VC\Tools\MSVC\14.44.35207\include\vector(442,7):
      'std::vector<Engine::CVIBuffer_Terrain::TERRAINCHUNK,std::allocator<Engine::CVIBuffer_Terrain::TERRAINCHUNK>>' 선언을 참조하십시오.
  
C:\Users\kkth3\OneDrive\문서\GitHub\250531\Client\Engine\public\VIBuffer_Terrain.h(87,33): warning C4251: 'Engine::CVIBuffer_Terrain::m_ChunkLODs': 'std::vector<GeometryGenerator::uint32,std::allocator<GeometryGenerator::uint32>>'에서는 'Engine::CVIBuffer_Terrain'의 클라이언트에서 DLL 인터페이스를 사용하도록 지정해야 함
  (소스 파일 '../private/Renderer.cpp'을(를) 컴파일하는 중)
      C:\Program Files\Microsoft Visual Studio\2022\Community\VC\Tools\MSVC\14.44.35207\include\vector(442,7):
      'std::vector<GeometryGenerator::uint32,std::allocator<GeometryGenerator::uint32>>' 선언을 참조하십시오.
  
C:\Users\kkth3\OneDrive\문서\GitHub\250531\Client\Engine\public\VIBuffer_Terrain.h(89,33): warning C4251: 'Engine::CVIBuffer_Terrain::m_FrustumPlanes': 'DirectX::XMFLOAT4'에서는 'Engine::CVIBuffer_Terrain'의 클라이언트에서 DLL 인터페이스를 사용하도록 지정해야 함
  (소스 파일 '../private/Renderer.cpp'을(를) 컴파일하는 중)
      C:\Program Files (x86)\Windows Kits\10\Include\10.0.28000.0\um\DirectXMath.h(736,12):
      'DirectX::XMFLOAT4' 선언을 참조하십시오.
  
C:\Users\kkth3\OneDrive\문서\GitHub\250531\Client\Engine\public\CBBinding.h(26,54): warning C4244: '=': 'Engine::_uint'에서 'float'(으)로 변환하면서 데이터가 손실될 수 있습니다.
  (소스 파일 '../private/Renderer.cpp'을(를) 컴파일하는 중)
  
C:\Users\kkth3\OneDrive\문서\GitHub\250531\Client\Engine\public\MeshModel.h(33,35): warning C4251: 'Engine::CMeshModel::m_Meshes': 'std::vector<Engine::CVIBuffer_Mesh *,std::allocator<Engine::CVIBuffer_Mesh *>>'에서는 'Engine::CMeshModel'의 클라이언트에서 DLL 인터페이스를 사용하도록 지정해야 함
  (소스 파일 '../private/Renderer.cpp'을(를) 컴파일하는 중)
      C:\Program Files\Microsoft Visual Studio\2022\Community\VC\Tools\MSVC\14.44.35207\include\vector(442,7):
      'std::vector<Engine::CVIBuffer_Mesh *,std::allocator<Engine::CVIBuffer_Mesh *>>' 선언을 참조하십시오.
  
C:\Users\kkth3\OneDrive\문서\GitHub\250531\Client\Engine\public\RootSignatureMgr.h(29,54): warning C4251: 'Engine::CRootSignatureMgr::mRootSignatures': 'std::unordered_map<std::string,Engine::CRootSignature *,std::hash<std::string>,std::equal_to<std::string>,std::allocator<std::pair<const std::string,Engine::CRootSignature *>>>'에서는 'Engine::CRootSignatureMgr'의 클라이언트에서 DLL 인터페이스를 사용하도록 지정해야 함
  (소스 파일 '../private/Renderer.cpp'을(를) 컴파일하는 중)
      C:\Program Files\Microsoft Visual Studio\2022\Community\VC\Tools\MSVC\14.44.35207\include\unordered_map(61,7):
      'std::unordered_map<std::string,Engine::CRootSignature *,std::hash<std::string>,std::equal_to<std::string>,std::allocator<std::pair<const std::string,Engine::CRootSignature *>>>' 선언을 참조하십시오.
  
C:\Users\kkth3\OneDrive\문서\GitHub\250531\Client\Engine\public\ObjectMgr.h(53,34): warning C4251: 'Engine::CObjectMgr::m_Layers': 'std::unordered_map<std::string,Engine::CObjectMgr::Layer,std::hash<std::string>,std::equal_to<std::string>,std::allocator<std::pair<const std::string,Engine::CObjectMgr::Layer>>>'에서는 'Engine::CObjectMgr'의 클라이언트에서 DLL 인터페이스를 사용하도록 지정해야 함
  (소스 파일 '../private/Renderer.cpp'을(를) 컴파일하는 중)
      C:\Program Files\Microsoft Visual Studio\2022\Community\VC\Tools\MSVC\14.44.35207\include\unordered_map(61,7):
      'std::unordered_map<std::string,Engine::CObjectMgr::Layer,std::hash<std::string>,std::equal_to<std::string>,std::allocator<std::pair<const std::string,Engine::CObjectMgr::Layer>>>' 선언을 참조하십시오.
  
C:\Users\kkth3\OneDrive\문서\GitHub\250531\Client\Engine\public\ObjectMgr.h(54,41): warning C4251: 'Engine::CObjectMgr::m_Prototypes': 'std::unordered_map<std::string,Engine::CGameObject *,std::hash<std::string>,std::equal_to<std::string>,std::allocator<std::pair<const std::string,Engine::CGameObject *>>>'에서는 'Engine::CObjectMgr'의 클라이언트에서 DLL 인터페이스를 사용하도록 지정해야 함
  (소스 파일 '../private/Renderer.cpp'을(를) 컴파일하는 중)
      C:\Program Files\Microsoft Visual Studio\2022\Community\VC\Tools\MSVC\14.44.35207\include\unordered_map(61,7):
      'std::unordered_map<std::string,Engine::CGameObject *,std::hash<std::string>,std::equal_to<std::string>,std::allocator<std::pair<const std::string,Engine::CGameObject *>>>' 선언을 참조하십시오.
  
C:\Users\kkth3\OneDrive\문서\GitHub\250531\Client\Engine\public\TextureMgr.h(74,32): warning C4251: 'Engine::CTextureMgr::hDescriptor': 'CD3DX12_CPU_DESCRIPTOR_HANDLE'에서는 'Engine::CTextureMgr'의 클라이언트에서 DLL 인터페이스를 사용하도록 지정해야 함
  (소스 파일 '../private/Renderer.cpp'을(를) 컴파일하는 중)
      C:\Users\kkth3\OneDrive\문서\GitHub\250531\Client\Engine\public\d3dx12.h(1471,8):
      'CD3DX12_CPU_DESCRIPTOR_HANDLE' 선언을 참조하십시오.
  
C:\Users\kkth3\OneDrive\문서\GitHub\250531\Client\Engine\public\TextureMgr.h(78,34): warning C4251: 'Engine::CTextureMgr::m_Textures': 'std::vector<std::pair<std::string,Engine::CTexture *>,std::allocator<std::pair<std::string,Engine::CTexture *>>>'에서는 'Engine::CTextureMgr'의 클라이언트에서 DLL 인터페이스를 사용하도록 지정해야 함
  (소스 파일 '../private/Renderer.cpp'을(를) 컴파일하는 중)
      C:\Program Files\Microsoft Visual Studio\2022\Community\VC\Tools\MSVC\14.44.35207\include\vector(442,7):
      'std::vector<std::pair<std::string,Engine::CTexture *>,std::allocator<std::pair<std::string,Engine::CTexture *>>>' 선언을 참조하십시오.
  
C:\Users\kkth3\OneDrive\문서\GitHub\250531\Client\Engine\public\GameInstance.h(143,12): warning C4251: 'Engine::CGameInstance::m_CameraViewProj': 'DirectX::XMFLOAT4X4'에서는 'Engine::CGameInstance'의 클라이언트에서 DLL 인터페이스를 사용하도록 지정해야 함
  (소스 파일 '../private/Renderer.cpp'을(를) 컴파일하는 중)
      C:\Program Files (x86)\Windows Kits\10\Include\10.0.28000.0\um\DirectXMath.h(964,12):
      'DirectX::XMFLOAT4X4' 선언을 참조하십시오.
  
C:\Users\kkth3\OneDrive\문서\GitHub\250531\Client\Engine\public\GameInstance.h(144,12): warning C4251: 'Engine::CGameInstance::m_ShadowViewProj': 'DirectX::XMFLOAT4X4'에서는 'Engine::CGameInstance'의 클라이언트에서 DLL 인터페이스를 사용하도록 지정해야 함
  (소스 파일 '../private/Renderer.cpp'을(를) 컴파일하는 중)
      C:\Program Files (x86)\Windows Kits\10\Include\10.0.28000.0\um\DirectXMath.h(964,12):
      'DirectX::XMFLOAT4X4' 선언을 참조하십시오.
  
C:\Users\kkth3\OneDrive\문서\GitHub\250531\Client\Engine\public\GameInstance.h(145,11): warning C4251: 'Engine::CGameInstance::m_CameraEye': 'DirectX::XMFLOAT3'에서는 'Engine::CGameInstance'의 클라이언트에서 DLL 인터페이스를 사용하도록 지정해야 함
  (소스 파일 '../private/Renderer.cpp'을(를) 컴파일하는 중)
      C:\Program Files (x86)\Windows Kits\10\Include\10.0.28000.0\um\DirectXMath.h(661,12):
      'DirectX::XMFLOAT3' 선언을 참조하십시오.
  
  RenderObject.cpp
C:\Users\kkth3\OneDrive\문서\GitHub\250531\Client\Engine\public\Engine_Struct.h(21,14): warning C4251: 'Engine::ObjectConstants::World': 'DirectX::XMFLOAT4X4'에서는 'Engine::ObjectConstants'의 클라이언트에서 DLL 인터페이스를 사용하도록 지정해야 함
  (소스 파일 '../private/RenderObject.cpp'을(를) 컴파일하는 중)
      C:\Program Files (x86)\Windows Kits\10\Include\10.0.28000.0\um\DirectXMath.h(964,12):
      'DirectX::XMFLOAT4X4' 선언을 참조하십시오.
  
C:\Users\kkth3\OneDrive\문서\GitHub\250531\Client\Engine\public\Engine_Struct.h(22,14): warning C4251: 'Engine::ObjectConstants::TexTransform': 'DirectX::XMFLOAT4X4'에서는 'Engine::ObjectConstants'의 클라이언트에서 DLL 인터페이스를 사용하도록 지정해야 함
  (소스 파일 '../private/RenderObject.cpp'을(를) 컴파일하는 중)
      C:\Program Files (x86)\Windows Kits\10\Include\10.0.28000.0\um\DirectXMath.h(964,12):
      'DirectX::XMFLOAT4X4' 선언을 참조하십시오.
  
C:\Users\kkth3\OneDrive\문서\GitHub\250531\Client\Engine\public\Engine_Struct.h(31,21): warning C4251: 'Engine::Light::Strength': 'DirectX::XMFLOAT3'에서는 'Engine::Light'의 클라이언트에서 DLL 인터페이스를 사용하도록 지정해야 함
  (소스 파일 '../private/RenderObject.cpp'을(를) 컴파일하는 중)
      C:\Program Files (x86)\Windows Kits\10\Include\10.0.28000.0\um\DirectXMath.h(661,12):
      'DirectX::XMFLOAT3' 선언을 참조하십시오.
  
C:\Users\kkth3\OneDrive\문서\GitHub\250531\Client\Engine\public\Engine_Struct.h(33,21): warning C4251: 'Engine::Light::Direction': 'DirectX::XMFLOAT3'에서는 'Engine::Light'의 클라이언트에서 DLL 인터페이스를 사용하도록 지정해야 함
  (소스 파일 '../private/RenderObject.cpp'을(를) 컴파일하는 중)
      C:\Program Files (x86)\Windows Kits\10\Include\10.0.28000.0\um\DirectXMath.h(661,12):
      'DirectX::XMFLOAT3' 선언을 참조하십시오.
  
C:\Users\kkth3\OneDrive\문서\GitHub\250531\Client\Engine\public\Engine_Struct.h(35,21): warning C4251: 'Engine::Light::Position': 'DirectX::XMFLOAT3'에서는 'Engine::Light'의 클라이언트에서 DLL 인터페이스를 사용하도록 지정해야 함
  (소스 파일 '../private/RenderObject.cpp'을(를) 컴파일하는 중)
      C:\Program Files (x86)\Windows Kits\10\Include\10.0.28000.0\um\DirectXMath.h(661,12):
      'DirectX::XMFLOAT3' 선언을 참조하십시오.
  
C:\Users\kkth3\OneDrive\문서\GitHub\250531\Client\Engine\public\Engine_Struct.h(41,23): warning C4251: 'Engine::PassConstants::View': 'DirectX::XMFLOAT4X4'에서는 'Engine::PassConstants'의 클라이언트에서 DLL 인터페이스를 사용하도록 지정해야 함
  (소스 파일 '../private/RenderObject.cpp'을(를) 컴파일하는 중)
      C:\Program Files (x86)\Windows Kits\10\Include\10.0.28000.0\um\DirectXMath.h(964,12):
      'DirectX::XMFLOAT4X4' 선언을 참조하십시오.
  
C:\Users\kkth3\OneDrive\문서\GitHub\250531\Client\Engine\public\Engine_Struct.h(42,23): warning C4251: 'Engine::PassConstants::InvView': 'DirectX::XMFLOAT4X4'에서는 'Engine::PassConstants'의 클라이언트에서 DLL 인터페이스를 사용하도록 지정해야 함
  (소스 파일 '../private/RenderObject.cpp'을(를) 컴파일하는 중)
      C:\Program Files (x86)\Windows Kits\10\Include\10.0.28000.0\um\DirectXMath.h(964,12):
      'DirectX::XMFLOAT4X4' 선언을 참조하십시오.
  
C:\Users\kkth3\OneDrive\문서\GitHub\250531\Client\Engine\public\Engine_Struct.h(43,23): warning C4251: 'Engine::PassConstants::Proj': 'DirectX::XMFLOAT4X4'에서는 'Engine::PassConstants'의 클라이언트에서 DLL 인터페이스를 사용하도록 지정해야 함
  (소스 파일 '../private/RenderObject.cpp'을(를) 컴파일하는 중)
      C:\Program Files (x86)\Windows Kits\10\Include\10.0.28000.0\um\DirectXMath.h(964,12):
      'DirectX::XMFLOAT4X4' 선언을 참조하십시오.
  
C:\Users\kkth3\OneDrive\문서\GitHub\250531\Client\Engine\public\Engine_Struct.h(44,23): warning C4251: 'Engine::PassConstants::InvProj': 'DirectX::XMFLOAT4X4'에서는 'Engine::PassConstants'의 클라이언트에서 DLL 인터페이스를 사용하도록 지정해야 함
  (소스 파일 '../private/RenderObject.cpp'을(를) 컴파일하는 중)
      C:\Program Files (x86)\Windows Kits\10\Include\10.0.28000.0\um\DirectXMath.h(964,12):
      'DirectX::XMFLOAT4X4' 선언을 참조하십시오.
  
C:\Users\kkth3\OneDrive\문서\GitHub\250531\Client\Engine\public\Engine_Struct.h(45,23): warning C4251: 'Engine::PassConstants::ViewProj': 'DirectX::XMFLOAT4X4'에서는 'Engine::PassConstants'의 클라이언트에서 DLL 인터페이스를 사용하도록 지정해야 함
  (소스 파일 '../private/RenderObject.cpp'을(를) 컴파일하는 중)
      C:\Program Files (x86)\Windows Kits\10\Include\10.0.28000.0\um\DirectXMath.h(964,12):
      'DirectX::XMFLOAT4X4' 선언을 참조하십시오.
  
C:\Users\kkth3\OneDrive\문서\GitHub\250531\Client\Engine\public\Engine_Struct.h(46,23): warning C4251: 'Engine::PassConstants::InvViewProj': 'DirectX::XMFLOAT4X4'에서는 'Engine::PassConstants'의 클라이언트에서 DLL 인터페이스를 사용하도록 지정해야 함
  (소스 파일 '../private/RenderObject.cpp'을(를) 컴파일하는 중)
      C:\Program Files (x86)\Windows Kits\10\Include\10.0.28000.0\um\DirectXMath.h(964,12):
      'DirectX::XMFLOAT4X4' 선언을 참조하십시오.
  
C:\Users\kkth3\OneDrive\문서\GitHub\250531\Client\Engine\public\Engine_Struct.h(47,23): warning C4251: 'Engine::PassConstants::ShadowTransform': 'DirectX::XMFLOAT4X4'에서는 'Engine::PassConstants'의 클라이언트에서 DLL 인터페이스를 사용하도록 지정해야 함
  (소스 파일 '../private/RenderObject.cpp'을(를) 컴파일하는 중)
      C:\Program Files (x86)\Windows Kits\10\Include\10.0.28000.0\um\DirectXMath.h(964,12):
      'DirectX::XMFLOAT4X4' 선언을 참조하십시오.
  
C:\Users\kkth3\OneDrive\문서\GitHub\250531\Client\Engine\public\Engine_Struct.h(48,21): warning C4251: 'Engine::PassConstants::EyePosW': 'DirectX::XMFLOAT3'에서는 'Engine::PassConstants'의 클라이언트에서 DLL 인터페이스를 사용하도록 지정해야 함
  (소스 파일 '../private/RenderObject.cpp'을(를) 컴파일하는 중)
      C:\Program Files (x86)\Windows Kits\10\Include\10.0.28000.0\um\DirectXMath.h(661,12):
      'DirectX::XMFLOAT3' 선언을 참조하십시오.
  
C:\Users\kkth3\OneDrive\문서\GitHub\250531\Client\Engine\public\Engine_Struct.h(50,21): warning C4251: 'Engine::PassConstants::RenderTargetSize': 'DirectX::XMFLOAT2'에서는 'Engine::PassConstants'의 클라이언트에서 DLL 인터페이스를 사용하도록 지정해야 함
  (소스 파일 '../private/RenderObject.cpp'을(를) 컴파일하는 중)
      C:\Program Files (x86)\Windows Kits\10\Include\10.0.28000.0\um\DirectXMath.h(584,12):
      'DirectX::XMFLOAT2' 선언을 참조하십시오.
  
C:\Users\kkth3\OneDrive\문서\GitHub\250531\Client\Engine\public\Engine_Struct.h(51,21): warning C4251: 'Engine::PassConstants::InvRenderTargetSize': 'DirectX::XMFLOAT2'에서는 'Engine::PassConstants'의 클라이언트에서 DLL 인터페이스를 사용하도록 지정해야 함
  (소스 파일 '../private/RenderObject.cpp'을(를) 컴파일하는 중)
      C:\Program Files (x86)\Windows Kits\10\Include\10.0.28000.0\um\DirectXMath.h(584,12):
      'DirectX::XMFLOAT2' 선언을 참조하십시오.
  
C:\Users\kkth3\OneDrive\문서\GitHub\250531\Client\Engine\public\Engine_Struct.h(57,21): warning C4251: 'Engine::PassConstants::AmbientLight': 'DirectX::XMFLOAT4'에서는 'Engine::PassConstants'의 클라이언트에서 DLL 인터페이스를 사용하도록 지정해야 함
  (소스 파일 '../private/RenderObject.cpp'을(를) 컴파일하는 중)
      C:\Program Files (x86)\Windows Kits\10\Include\10.0.28000.0\um\DirectXMath.h(736,12):
      'DirectX::XMFLOAT4' 선언을 참조하십시오.
  
C:\Users\kkth3\OneDrive\문서\GitHub\250531\Client\Engine\public\Engine_Struct.h(86,21): warning C4251: 'Engine::MaterialConstants::DiffuseAlbedo': 'DirectX::XMFLOAT4'에서는 'Engine::MaterialConstants'의 클라이언트에서 DLL 인터페이스를 사용하도록 지정해야 함
  (소스 파일 '../private/RenderObject.cpp'을(를) 컴파일하는 중)
      C:\Program Files (x86)\Windows Kits\10\Include\10.0.28000.0\um\DirectXMath.h(736,12):
      'DirectX::XMFLOAT4' 선언을 참조하십시오.
  
C:\Users\kkth3\OneDrive\문서\GitHub\250531\Client\Engine\public\Engine_Struct.h(87,21): warning C4251: 'Engine::MaterialConstants::FresnelR0': 'DirectX::XMFLOAT3'에서는 'Engine::MaterialConstants'의 클라이언트에서 DLL 인터페이스를 사용하도록 지정해야 함
  (소스 파일 '../private/RenderObject.cpp'을(를) 컴파일하는 중)
      C:\Program Files (x86)\Windows Kits\10\Include\10.0.28000.0\um\DirectXMath.h(661,12):
      'DirectX::XMFLOAT3' 선언을 참조하십시오.
  
C:\Users\kkth3\OneDrive\문서\GitHub\250531\Client\Engine\public\Engine_Struct.h(89,23): warning C4251: 'Engine::MaterialConstants::MatTransform': 'DirectX::XMFLOAT4X4'에서는 'Engine::MaterialConstants'의 클라이언트에서 DLL 인터페이스를 사용하도록 지정해야 함
  (소스 파일 '../private/RenderObject.cpp'을(를) 컴파일하는 중)
      C:\Program Files (x86)\Windows Kits\10\Include\10.0.28000.0\um\DirectXMath.h(964,12):
      'DirectX::XMFLOAT4X4' 선언을 참조하십시오.
  
C:\Users\kkth3\OneDrive\문서\GitHub\250531\Client\Engine\public\Engine_Struct.h(94,21): warning C4251: 'Engine::MaterialData::DiffuseAlbedo': 'DirectX::XMFLOAT4'에서는 'Engine::MaterialData'의 클라이언트에서 DLL 인터페이스를 사용하도록 지정해야 함
  (소스 파일 '../private/RenderObject.cpp'을(를) 컴파일하는 중)
      C:\Program Files (x86)\Windows Kits\10\Include\10.0.28000.0\um\DirectXMath.h(736,12):
      'DirectX::XMFLOAT4' 선언을 참조하십시오.
  
C:\Users\kkth3\OneDrive\문서\GitHub\250531\Client\Engine\public\Engine_Struct.h(95,21): warning C4251: 'Engine::MaterialData::FresnelR0': 'DirectX::XMFLOAT3'에서는 'Engine::MaterialData'의 클라이언트에서 DLL 인터페이스를 사용하도록 지정해야 함
  (소스 파일 '../private/RenderObject.cpp'을(를) 컴파일하는 중)
      C:\Program Files (x86)\Windows Kits\10\Include\10.0.28000.0\um\DirectXMath.h(661,12):
      'DirectX::XMFLOAT3' 선언을 참조하십시오.
  
C:\Users\kkth3\OneDrive\문서\GitHub\250531\Client\Engine\public\Engine_Struct.h(99,23): warning C4251: 'Engine::MaterialData::MatTransform': 'DirectX::XMFLOAT4X4'에서는 'Engine::MaterialData'의 클라이언트에서 DLL 인터페이스를 사용하도록 지정해야 함
  (소스 파일 '../private/RenderObject.cpp'을(를) 컴파일하는 중)
      C:\Program Files (x86)\Windows Kits\10\Include\10.0.28000.0\um\DirectXMath.h(964,12):
      'DirectX::XMFLOAT4X4' 선언을 참조하십시오.
  
C:\Users\kkth3\OneDrive\문서\GitHub\250531\Client\Engine\public\Engine_Struct.h(113,14): warning C4251: 'Engine::InstanceData::World': 'DirectX::XMFLOAT4X4'에서는 'Engine::InstanceData'의 클라이언트에서 DLL 인터페이스를 사용하도록 지정해야 함
  (소스 파일 '../private/RenderObject.cpp'을(를) 컴파일하는 중)
      C:\Program Files (x86)\Windows Kits\10\Include\10.0.28000.0\um\DirectXMath.h(964,12):
      'DirectX::XMFLOAT4X4' 선언을 참조하십시오.
  
C:\Users\kkth3\OneDrive\문서\GitHub\250531\Client\Engine\public\Engine_Struct.h(142,13): warning C4251: 'Engine::tagVertex_Position::vPosition': 'DirectX::XMFLOAT3'에서는 'Engine::tagVertex_Position'의 클라이언트에서 DLL 인터페이스를 사용하도록 지정해야 함
  (소스 파일 '../private/RenderObject.cpp'을(를) 컴파일하는 중)
      C:\Program Files (x86)\Windows Kits\10\Include\10.0.28000.0\um\DirectXMath.h(661,12):
      'DirectX::XMFLOAT3' 선언을 참조하십시오.
  
C:\Users\kkth3\OneDrive\문서\GitHub\250531\Client\Engine\public\Engine_Struct.h(151,13): warning C4251: 'Engine::tagVertex_Position_Normal::vPosition': 'DirectX::XMFLOAT3'에서는 'Engine::tagVertex_Position_Normal'의 클라이언트에서 DLL 인터페이스를 사용하도록 지정해야 함
  (소스 파일 '../private/RenderObject.cpp'을(를) 컴파일하는 중)
      C:\Program Files (x86)\Windows Kits\10\Include\10.0.28000.0\um\DirectXMath.h(661,12):
      'DirectX::XMFLOAT3' 선언을 참조하십시오.
  
C:\Users\kkth3\OneDrive\문서\GitHub\250531\Client\Engine\public\Engine_Struct.h(152,13): warning C4251: 'Engine::tagVertex_Position_Normal::vNormal': 'DirectX::XMFLOAT3'에서는 'Engine::tagVertex_Position_Normal'의 클라이언트에서 DLL 인터페이스를 사용하도록 지정해야 함
  (소스 파일 '../private/RenderObject.cpp'을(를) 컴파일하는 중)
      C:\Program Files (x86)\Windows Kits\10\Include\10.0.28000.0\um\DirectXMath.h(661,12):
      'DirectX::XMFLOAT3' 선언을 참조하십시오.
  
C:\Users\kkth3\OneDrive\문서\GitHub\250531\Client\Engine\public\Engine_Struct.h(161,13): warning C4251: 'Engine::tagVertex_Position_Texcoord::vPosition': 'DirectX::XMFLOAT3'에서는 'Engine::tagVertex_Position_Texcoord'의 클라이언트에서 DLL 인터페이스를 사용하도록 지정해야 함
  (소스 파일 '../private/RenderObject.cpp'을(를) 컴파일하는 중)
      C:\Program Files (x86)\Windows Kits\10\Include\10.0.28000.0\um\DirectXMath.h(661,12):
      'DirectX::XMFLOAT3' 선언을 참조하십시오.
  
C:\Users\kkth3\OneDrive\문서\GitHub\250531\Client\Engine\public\Engine_Struct.h(162,13): warning C4251: 'Engine::tagVertex_Position_Texcoord::vTexcoord': 'DirectX::XMFLOAT2'에서는 'Engine::tagVertex_Position_Texcoord'의 클라이언트에서 DLL 인터페이스를 사용하도록 지정해야 함
  (소스 파일 '../private/RenderObject.cpp'을(를) 컴파일하는 중)
      C:\Program Files (x86)\Windows Kits\10\Include\10.0.28000.0\um\DirectXMath.h(584,12):
      'DirectX::XMFLOAT2' 선언을 참조하십시오.
  
C:\Users\kkth3\OneDrive\문서\GitHub\250531\Client\Engine\public\Engine_Struct.h(171,13): warning C4251: 'Engine::tagVertex_Position_Normal_Texcoord::vPosition': 'DirectX::XMFLOAT3'에서는 'Engine::tagVertex_Position_Normal_Texcoord'의 클라이언트에서 DLL 인터페이스를 사용하도록 지정해야 함
  (소스 파일 '../private/RenderObject.cpp'을(를) 컴파일하는 중)
      C:\Program Files (x86)\Windows Kits\10\Include\10.0.28000.0\um\DirectXMath.h(661,12):
      'DirectX::XMFLOAT3' 선언을 참조하십시오.
  
C:\Users\kkth3\OneDrive\문서\GitHub\250531\Client\Engine\public\Engine_Struct.h(172,13): warning C4251: 'Engine::tagVertex_Position_Normal_Texcoord::vNormal': 'DirectX::XMFLOAT3'에서는 'Engine::tagVertex_Position_Normal_Texcoord'의 클라이언트에서 DLL 인터페이스를 사용하도록 지정해야 함
  (소스 파일 '../private/RenderObject.cpp'을(를) 컴파일하는 중)
      C:\Program Files (x86)\Windows Kits\10\Include\10.0.28000.0\um\DirectXMath.h(661,12):
      'DirectX::XMFLOAT3' 선언을 참조하십시오.
  
C:\Users\kkth3\OneDrive\문서\GitHub\250531\Client\Engine\public\Engine_Struct.h(173,13): warning C4251: 'Engine::tagVertex_Position_Normal_Texcoord::vTexcoord': 'DirectX::XMFLOAT2'에서는 'Engine::tagVertex_Position_Normal_Texcoord'의 클라이언트에서 DLL 인터페이스를 사용하도록 지정해야 함
  (소스 파일 '../private/RenderObject.cpp'을(를) 컴파일하는 중)
      C:\Program Files (x86)\Windows Kits\10\Include\10.0.28000.0\um\DirectXMath.h(584,12):
      'DirectX::XMFLOAT2' 선언을 참조하십시오.
  
C:\Users\kkth3\OneDrive\문서\GitHub\250531\Client\Engine\public\Engine_Struct.h(182,13): warning C4251: 'Engine::tagVertex_Position_Cube_Texcoord::vPosition': 'DirectX::XMFLOAT3'에서는 'Engine::tagVertex_Position_Cube_Texcoord'의 클라이언트에서 DLL 인터페이스를 사용하도록 지정해야 함
  (소스 파일 '../private/RenderObject.cpp'을(를) 컴파일하는 중)
      C:\Program Files (x86)\Windows Kits\10\Include\10.0.28000.0\um\DirectXMath.h(661,12):
      'DirectX::XMFLOAT3' 선언을 참조하십시오.
  
C:\Users\kkth3\OneDrive\문서\GitHub\250531\Client\Engine\public\Engine_Struct.h(183,13): warning C4251: 'Engine::tagVertex_Position_Cube_Texcoord::vTexcoord': 'DirectX::XMFLOAT3'에서는 'Engine::tagVertex_Position_Cube_Texcoord'의 클라이언트에서 DLL 인터페이스를 사용하도록 지정해야 함
  (소스 파일 '../private/RenderObject.cpp'을(를) 컴파일하는 중)
      C:\Program Files (x86)\Windows Kits\10\Include\10.0.28000.0\um\DirectXMath.h(661,12):
      'DirectX::XMFLOAT3' 선언을 참조하십시오.
  
C:\Users\kkth3\OneDrive\문서\GitHub\250531\Client\Engine\public\Engine_Struct.h(192,13): warning C4251: 'Engine::tagVertex_Mesh::vPosition': 'DirectX::XMFLOAT3'에서는 'Engine::tagVertex_Mesh'의 클라이언트에서 DLL 인터페이스를 사용하도록 지정해야 함
  (소스 파일 '../private/RenderObject.cpp'을(를) 컴파일하는 중)
      C:\Program Files (x86)\Windows Kits\10\Include\10.0.28000.0\um\DirectXMath.h(661,12):
      'DirectX::XMFLOAT3' 선언을 참조하십시오.
  
C:\Users\kkth3\OneDrive\문서\GitHub\250531\Client\Engine\public\Engine_Struct.h(193,13): warning C4251: 'Engine::tagVertex_Mesh::vNormal': 'DirectX::XMFLOAT3'에서는 'Engine::tagVertex_Mesh'의 클라이언트에서 DLL 인터페이스를 사용하도록 지정해야 함
  (소스 파일 '../private/RenderObject.cpp'을(를) 컴파일하는 중)
      C:\Program Files (x86)\Windows Kits\10\Include\10.0.28000.0\um\DirectXMath.h(661,12):
      'DirectX::XMFLOAT3' 선언을 참조하십시오.
  
C:\Users\kkth3\OneDrive\문서\GitHub\250531\Client\Engine\public\Engine_Struct.h(194,13): warning C4251: 'Engine::tagVertex_Mesh::vTexcoord': 'DirectX::XMFLOAT2'에서는 'Engine::tagVertex_Mesh'의 클라이언트에서 DLL 인터페이스를 사용하도록 지정해야 함
  (소스 파일 '../private/RenderObject.cpp'을(를) 컴파일하는 중)
      C:\Program Files (x86)\Windows Kits\10\Include\10.0.28000.0\um\DirectXMath.h(584,12):
      'DirectX::XMFLOAT2' 선언을 참조하십시오.
  
C:\Users\kkth3\OneDrive\문서\GitHub\250531\Client\Engine\public\Engine_Struct.h(195,13): warning C4251: 'Engine::tagVertex_Mesh::vTangent': 'DirectX::XMFLOAT3'에서는 'Engine::tagVertex_Mesh'의 클라이언트에서 DLL 인터페이스를 사용하도록 지정해야 함
  (소스 파일 '../private/RenderObject.cpp'을(를) 컴파일하는 중)
      C:\Program Files (x86)\Windows Kits\10\Include\10.0.28000.0\um\DirectXMath.h(661,12):
      'DirectX::XMFLOAT3' 선언을 참조하십시오.
  
C:\Users\kkth3\OneDrive\문서\GitHub\250531\Client\Engine\public\Engine_Struct.h(204,13): warning C4251: 'Engine::tagVertex_Anim_Mesh::vPosition': 'DirectX::XMFLOAT3'에서는 'Engine::tagVertex_Anim_Mesh'의 클라이언트에서 DLL 인터페이스를 사용하도록 지정해야 함
  (소스 파일 '../private/RenderObject.cpp'을(를) 컴파일하는 중)
      C:\Program Files (x86)\Windows Kits\10\Include\10.0.28000.0\um\DirectXMath.h(661,12):
      'DirectX::XMFLOAT3' 선언을 참조하십시오.
  
C:\Users\kkth3\OneDrive\문서\GitHub\250531\Client\Engine\public\Engine_Struct.h(205,13): warning C4251: 'Engine::tagVertex_Anim_Mesh::vNormal': 'DirectX::XMFLOAT3'에서는 'Engine::tagVertex_Anim_Mesh'의 클라이언트에서 DLL 인터페이스를 사용하도록 지정해야 함
  (소스 파일 '../private/RenderObject.cpp'을(를) 컴파일하는 중)
      C:\Program Files (x86)\Windows Kits\10\Include\10.0.28000.0\um\DirectXMath.h(661,12):
      'DirectX::XMFLOAT3' 선언을 참조하십시오.
  
C:\Users\kkth3\OneDrive\문서\GitHub\250531\Client\Engine\public\Engine_Struct.h(206,13): warning C4251: 'Engine::tagVertex_Anim_Mesh::vTexcoord': 'DirectX::XMFLOAT2'에서는 'Engine::tagVertex_Anim_Mesh'의 클라이언트에서 DLL 인터페이스를 사용하도록 지정해야 함
  (소스 파일 '../private/RenderObject.cpp'을(를) 컴파일하는 중)
      C:\Program Files (x86)\Windows Kits\10\Include\10.0.28000.0\um\DirectXMath.h(584,12):
      'DirectX::XMFLOAT2' 선언을 참조하십시오.
  
C:\Users\kkth3\OneDrive\문서\GitHub\250531\Client\Engine\public\Engine_Struct.h(207,13): warning C4251: 'Engine::tagVertex_Anim_Mesh::vTangent': 'DirectX::XMFLOAT3'에서는 'Engine::tagVertex_Anim_Mesh'의 클라이언트에서 DLL 인터페이스를 사용하도록 지정해야 함
  (소스 파일 '../private/RenderObject.cpp'을(를) 컴파일하는 중)
      C:\Program Files (x86)\Windows Kits\10\Include\10.0.28000.0\um\DirectXMath.h(661,12):
      'DirectX::XMFLOAT3' 선언을 참조하십시오.
  
C:\Users\kkth3\OneDrive\문서\GitHub\250531\Client\Engine\public\Engine_Struct.h(209,13): warning C4251: 'Engine::tagVertex_Anim_Mesh::vBlendIndices': 'DirectX::XMUINT4'에서는 'Engine::tagVertex_Anim_Mesh'의 클라이언트에서 DLL 인터페이스를 사용하도록 지정해야 함
  (소스 파일 '../private/RenderObject.cpp'을(를) 컴파일하는 중)
      C:\Program Files (x86)\Windows Kits\10\Include\10.0.28000.0\um\DirectXMath.h(793,12):
      'DirectX::XMUINT4' 선언을 참조하십시오.
  
C:\Users\kkth3\OneDrive\문서\GitHub\250531\Client\Engine\public\Engine_Struct.h(210,13): warning C4251: 'Engine::tagVertex_Anim_Mesh::vBlendWeights': 'DirectX::XMFLOAT4'에서는 'Engine::tagVertex_Anim_Mesh'의 클라이언트에서 DLL 인터페이스를 사용하도록 지정해야 함
  (소스 파일 '../private/RenderObject.cpp'을(를) 컴파일하는 중)
      C:\Program Files (x86)\Windows Kits\10\Include\10.0.28000.0\um\DirectXMath.h(736,12):
      'DirectX::XMFLOAT4' 선언을 참조하십시오.
  
C:\Users\kkth3\OneDrive\문서\GitHub\250531\Client\Engine\public\Transform.h(106,13): warning C4251: 'Engine::CTransform::m_WorldMatrix': 'DirectX::XMFLOAT4X4'에서는 'Engine::CTransform'의 클라이언트에서 DLL 인터페이스를 사용하도록 지정해야 함
  (소스 파일 '../private/RenderObject.cpp'을(를) 컴파일하는 중)
      C:\Program Files (x86)\Windows Kits\10\Include\10.0.28000.0\um\DirectXMath.h(964,12):
      'DirectX::XMFLOAT4X4' 선언을 참조하십시오.
  
C:\Users\kkth3\OneDrive\문서\GitHub\250531\Client\Engine\public\GameObject.h(39,43): warning C4251: 'Engine::CGameObject::m_Components': 'std::unordered_map<std::string,Engine::CComponent *,std::hash<std::string>,std::equal_to<std::string>,std::allocator<std::pair<const std::string,Engine::CComponent *>>>'에서는 'Engine::CGameObject'의 클라이언트에서 DLL 인터페이스를 사용하도록 지정해야 함
  (소스 파일 '../private/RenderObject.cpp'을(를) 컴파일하는 중)
      C:\Program Files\Microsoft Visual Studio\2022\Community\VC\Tools\MSVC\14.44.35207\include\unordered_map(61,7):
      'std::unordered_map<std::string,Engine::CComponent *,std::hash<std::string>,std::equal_to<std::string>,std::allocator<std::pair<const std::string,Engine::CComponent *>>>' 선언을 참조하십시오.
  
C:\Users\kkth3\OneDrive\문서\GitHub\250531\Client\Engine\public\Renderer.h(34,25): warning C4251: 'Engine::CRenderer::m_vRenderObjects': 'std::vector<Engine::CRenderObject *,std::allocator<Engine::CRenderObject *>>'에서는 'Engine::CRenderer'의 클라이언트에서 DLL 인터페이스를 사용하도록 지정해야 함
  (소스 파일 '../private/RenderObject.cpp'을(를) 컴파일하는 중)
      C:\Program Files\Microsoft Visual Studio\2022\Community\VC\Tools\MSVC\14.44.35207\include\vector(442,7):
      'std::vector<Engine::CRenderObject *,std::allocator<Engine::CRenderObject *>>' 선언을 참조하십시오.
  
C:\Users\kkth3\OneDrive\문서\GitHub\250531\Client\Engine\public\VIBuffer_Geos.h(24,50): warning C4251: 'Engine::CVIBuffer_Geos::m_SubMeshInfos': 'std::unordered_map<Engine::CVIBuffer_Geos::BASIC_SUBMESHES,SubmeshGeometry,std::hash<Engine::CVIBuffer_Geos::BASIC_SUBMESHES>,std::equal_to<Engine::CVIBuffer_Geos::BASIC_SUBMESHES>,std::allocator<std::pair<const Engine::CVIBuffer_Geos::BASIC_SUBMESHES,SubmeshGeometry>>>'에서는 'Engine::CVIBuffer_Geos'의 클라이언트에서 DLL 인터페이스를 사용하도록 지정해야 함
  (소스 파일 '../private/RenderObject.cpp'을(를) 컴파일하는 중)
      C:\Program Files\Microsoft Visual Studio\2022\Community\VC\Tools\MSVC\14.44.35207\include\unordered_map(61,7):
      'std::unordered_map<Engine::CVIBuffer_Geos::BASIC_SUBMESHES,SubmeshGeometry,std::hash<Engine::CVIBuffer_Geos::BASIC_SUBMESHES>,std::equal_to<Engine::CVIBuffer_Geos::BASIC_SUBMESHES>,std::allocator<std::pair<const Engine::CVIBuffer_Geos::BASIC_SUBMESHES,SubmeshGeometry>>>' 선언을 참조하십시오.
  
C:\Users\kkth3\OneDrive\문서\GitHub\250531\Client\Engine\public\Model.h(62,16): warning C4251: 'Engine::CModel::m_PivotMatrix': 'DirectX::XMFLOAT4X4'에서는 'Engine::CModel'의 클라이언트에서 DLL 인터페이스를 사용하도록 지정해야 함
  (소스 파일 '../private/RenderObject.cpp'을(를) 컴파일하는 중)
      C:\Program Files (x86)\Windows Kits\10\Include\10.0.28000.0\um\DirectXMath.h(964,12):
      'DirectX::XMFLOAT4X4' 선언을 참조하십시오.
  
C:\Users\kkth3\OneDrive\문서\GitHub\250531\Client\Engine\public\Model.h(66,26): warning C4251: 'Engine::CModel::m_Meshes': 'std::vector<Engine::CMesh *,std::allocator<Engine::CMesh *>>'에서는 'Engine::CModel'의 클라이언트에서 DLL 인터페이스를 사용하도록 지정해야 함
  (소스 파일 '../private/RenderObject.cpp'을(를) 컴파일하는 중)
      C:\Program Files\Microsoft Visual Studio\2022\Community\VC\Tools\MSVC\14.44.35207\include\vector(442,7):
      'std::vector<Engine::CMesh *,std::allocator<Engine::CMesh *>>' 선언을 참조하십시오.
  
C:\Users\kkth3\OneDrive\문서\GitHub\250531\Client\Engine\public\Model.h(68,26): warning C4251: 'Engine::CModel::m_Bones': 'std::vector<Engine::CBone *,std::allocator<Engine::CBone *>>'에서는 'Engine::CModel'의 클라이언트에서 DLL 인터페이스를 사용하도록 지정해야 함
  (소스 파일 '../private/RenderObject.cpp'을(를) 컴파일하는 중)
      C:\Program Files\Microsoft Visual Studio\2022\Community\VC\Tools\MSVC\14.44.35207\include\vector(442,7):
      'std::vector<Engine::CBone *,std::allocator<Engine::CBone *>>' 선언을 참조하십시오.
  
C:\Users\kkth3\OneDrive\문서\GitHub\250531\Client\Engine\public\VIBuffer_Terrain.h(72,41): warning C4251: 'Engine::CVIBuffer_Terrain::m_pHeightMap': 'std::shared_ptr<std::vector<float,std::allocator<float>>>'에서는 'Engine::CVIBuffer_Terrain'의 클라이언트에서 DLL 인터페이스를 사용하도록 지정해야 함
  (소스 파일 '../private/RenderObject.cpp'을(를) 컴파일하는 중)
      C:\Program Files\Microsoft Visual Studio\2022\Community\VC\Tools\MSVC\14.44.35207\include\memory(1565,7):
      'std::shared_ptr<std::vector<float,std::allocator<float>>>' 선언을 참조하십시오.
  
C:\Users\kkth3\OneDrive\문서\GitHub\250531\Client\Engine\public\VIBuffer_Terrain.h(74,33): warning C4251: 'Engine::CVIBuffer_Terrain::m_Chunks': 'std::vector<Engine::CVIBuffer_Terrain::TERRAINCHUNK,std::allocator<Engine::CVIBuffer_Terrain::TERRAINCHUNK>>'에서는 'Engine::CVIBuffer_Terrain'의 클라이언트에서 DLL 인터페이스를 사용하도록 지정해야 함
  (소스 파일 '../private/RenderObject.cpp'을(를) 컴파일하는 중)
      C:\Program Files\Microsoft Visual Studio\2022\Community\VC\Tools\MSVC\14.44.35207\include\vector(442,7):
      'std::vector<Engine::CVIBuffer_Terrain::TERRAINCHUNK,std::allocator<Engine::CVIBuffer_Terrain::TERRAINCHUNK>>' 선언을 참조하십시오.
  
C:\Users\kkth3\OneDrive\문서\GitHub\250531\Client\Engine\public\VIBuffer_Terrain.h(87,33): warning C4251: 'Engine::CVIBuffer_Terrain::m_ChunkLODs': 'std::vector<GeometryGenerator::uint32,std::allocator<GeometryGenerator::uint32>>'에서는 'Engine::CVIBuffer_Terrain'의 클라이언트에서 DLL 인터페이스를 사용하도록 지정해야 함
  (소스 파일 '../private/RenderObject.cpp'을(를) 컴파일하는 중)
      C:\Program Files\Microsoft Visual Studio\2022\Community\VC\Tools\MSVC\14.44.35207\include\vector(442,7):
      'std::vector<GeometryGenerator::uint32,std::allocator<GeometryGenerator::uint32>>' 선언을 참조하십시오.
  
C:\Users\kkth3\OneDrive\문서\GitHub\250531\Client\Engine\public\VIBuffer_Terrain.h(89,33): warning C4251: 'Engine::CVIBuffer_Terrain::m_FrustumPlanes': 'DirectX::XMFLOAT4'에서는 'Engine::CVIBuffer_Terrain'의 클라이언트에서 DLL 인터페이스를 사용하도록 지정해야 함
  (소스 파일 '../private/RenderObject.cpp'을(를) 컴파일하는 중)
      C:\Program Files (x86)\Windows Kits\10\Include\10.0.28000.0\um\DirectXMath.h(736,12):
      'DirectX::XMFLOAT4' 선언을 참조하십시오.
  
C:\Users\kkth3\OneDrive\문서\GitHub\250531\Client\Engine\public\CBBinding.h(26,54): warning C4244: '=': 'Engine::_uint'에서 'float'(으)로 변환하면서 데이터가 손실될 수 있습니다.
  (소스 파일 '../private/RenderObject.cpp'을(를) 컴파일하는 중)
  
C:\Users\kkth3\OneDrive\문서\GitHub\250531\Client\Engine\public\MeshModel.h(33,35): warning C4251: 'Engine::CMeshModel::m_Meshes': 'std::vector<Engine::CVIBuffer_Mesh *,std::allocator<Engine::CVIBuffer_Mesh *>>'에서는 'Engine::CMeshModel'의 클라이언트에서 DLL 인터페이스를 사용하도록 지정해야 함
  (소스 파일 '../private/RenderObject.cpp'을(를) 컴파일하는 중)
      C:\Program Files\Microsoft Visual Studio\2022\Community\VC\Tools\MSVC\14.44.35207\include\vector(442,7):
      'std::vector<Engine::CVIBuffer_Mesh *,std::allocator<Engine::CVIBuffer_Mesh *>>' 선언을 참조하십시오.
  
C:\Users\kkth3\OneDrive\문서\GitHub\250531\Client\Engine\public\RootSignatureMgr.h(29,54): warning C4251: 'Engine::CRootSignatureMgr::mRootSignatures': 'std::unordered_map<std::string,Engine::CRootSignature *,std::hash<std::string>,std::equal_to<std::string>,std::allocator<std::pair<const std::string,Engine::CRootSignature *>>>'에서는 'Engine::CRootSignatureMgr'의 클라이언트에서 DLL 인터페이스를 사용하도록 지정해야 함
  (소스 파일 '../private/RenderObject.cpp'을(를) 컴파일하는 중)
      C:\Program Files\Microsoft Visual Studio\2022\Community\VC\Tools\MSVC\14.44.35207\include\unordered_map(61,7):
      'std::unordered_map<std::string,Engine::CRootSignature *,std::hash<std::string>,std::equal_to<std::string>,std::allocator<std::pair<const std::string,Engine::CRootSignature *>>>' 선언을 참조하십시오.
  
C:\Users\kkth3\OneDrive\문서\GitHub\250531\Client\Engine\public\ObjectMgr.h(53,34): warning C4251: 'Engine::CObjectMgr::m_Layers': 'std::unordered_map<std::string,Engine::CObjectMgr::Layer,std::hash<std::string>,std::equal_to<std::string>,std::allocator<std::pair<const std::string,Engine::CObjectMgr::Layer>>>'에서는 'Engine::CObjectMgr'의 클라이언트에서 DLL 인터페이스를 사용하도록 지정해야 함
  (소스 파일 '../private/RenderObject.cpp'을(를) 컴파일하는 중)
      C:\Program Files\Microsoft Visual Studio\2022\Community\VC\Tools\MSVC\14.44.35207\include\unordered_map(61,7):
      'std::unordered_map<std::string,Engine::CObjectMgr::Layer,std::hash<std::string>,std::equal_to<std::string>,std::allocator<std::pair<const std::string,Engine::CObjectMgr::Layer>>>' 선언을 참조하십시오.
  
C:\Users\kkth3\OneDrive\문서\GitHub\250531\Client\Engine\public\ObjectMgr.h(54,41): warning C4251: 'Engine::CObjectMgr::m_Prototypes': 'std::unordered_map<std::string,Engine::CGameObject *,std::hash<std::string>,std::equal_to<std::string>,std::allocator<std::pair<const std::string,Engine::CGameObject *>>>'에서는 'Engine::CObjectMgr'의 클라이언트에서 DLL 인터페이스를 사용하도록 지정해야 함
  (소스 파일 '../private/RenderObject.cpp'을(를) 컴파일하는 중)
      C:\Program Files\Microsoft Visual Studio\2022\Community\VC\Tools\MSVC\14.44.35207\include\unordered_map(61,7):
      'std::unordered_map<std::string,Engine::CGameObject *,std::hash<std::string>,std::equal_to<std::string>,std::allocator<std::pair<const std::string,Engine::CGameObject *>>>' 선언을 참조하십시오.
  
C:\Users\kkth3\OneDrive\문서\GitHub\250531\Client\Engine\public\TextureMgr.h(74,32): warning C4251: 'Engine::CTextureMgr::hDescriptor': 'CD3DX12_CPU_DESCRIPTOR_HANDLE'에서는 'Engine::CTextureMgr'의 클라이언트에서 DLL 인터페이스를 사용하도록 지정해야 함
  (소스 파일 '../private/RenderObject.cpp'을(를) 컴파일하는 중)
      C:\Users\kkth3\OneDrive\문서\GitHub\250531\Client\Engine\public\d3dx12.h(1471,8):
      'CD3DX12_CPU_DESCRIPTOR_HANDLE' 선언을 참조하십시오.
  
C:\Users\kkth3\OneDrive\문서\GitHub\250531\Client\Engine\public\TextureMgr.h(78,34): warning C4251: 'Engine::CTextureMgr::m_Textures': 'std::vector<std::pair<std::string,Engine::CTexture *>,std::allocator<std::pair<std::string,Engine::CTexture *>>>'에서는 'Engine::CTextureMgr'의 클라이언트에서 DLL 인터페이스를 사용하도록 지정해야 함
  (소스 파일 '../private/RenderObject.cpp'을(를) 컴파일하는 중)
      C:\Program Files\Microsoft Visual Studio\2022\Community\VC\Tools\MSVC\14.44.35207\include\vector(442,7):
      'std::vector<std::pair<std::string,Engine::CTexture *>,std::allocator<std::pair<std::string,Engine::CTexture *>>>' 선언을 참조하십시오.
  
C:\Users\kkth3\OneDrive\문서\GitHub\250531\Client\Engine\public\GameInstance.h(143,12): warning C4251: 'Engine::CGameInstance::m_CameraViewProj': 'DirectX::XMFLOAT4X4'에서는 'Engine::CGameInstance'의 클라이언트에서 DLL 인터페이스를 사용하도록 지정해야 함
  (소스 파일 '../private/RenderObject.cpp'을(를) 컴파일하는 중)
      C:\Program Files (x86)\Windows Kits\10\Include\10.0.28000.0\um\DirectXMath.h(964,12):
      'DirectX::XMFLOAT4X4' 선언을 참조하십시오.
  
C:\Users\kkth3\OneDrive\문서\GitHub\250531\Client\Engine\public\GameInstance.h(144,12): warning C4251: 'Engine::CGameInstance::m_ShadowViewProj': 'DirectX::XMFLOAT4X4'에서는 'Engine::CGameInstance'의 클라이언트에서 DLL 인터페이스를 사용하도록 지정해야 함
  (소스 파일 '../private/RenderObject.cpp'을(를) 컴파일하는 중)
      C:\Program Files (x86)\Windows Kits\10\Include\10.0.28000.0\um\DirectXMath.h(964,12):
      'DirectX::XMFLOAT4X4' 선언을 참조하십시오.
  
C:\Users\kkth3\OneDrive\문서\GitHub\250531\Client\Engine\public\GameInstance.h(145,11): warning C4251: 'Engine::CGameInstance::m_CameraEye': 'DirectX::XMFLOAT3'에서는 'Engine::CGameInstance'의 클라이언트에서 DLL 인터페이스를 사용하도록 지정해야 함
  (소스 파일 '../private/RenderObject.cpp'을(를) 컴파일하는 중)
      C:\Program Files (x86)\Windows Kits\10\Include\10.0.28000.0\um\DirectXMath.h(661,12):
      'DirectX::XMFLOAT3' 선언을 참조하십시오.
  
  RootSignature.cpp
C:\Users\kkth3\OneDrive\문서\GitHub\250531\Client\Engine\public\Engine_Struct.h(21,14): warning C4251: 'Engine::ObjectConstants::World': 'DirectX::XMFLOAT4X4'에서는 'Engine::ObjectConstants'의 클라이언트에서 DLL 인터페이스를 사용하도록 지정해야 함
  (소스 파일 '../private/RootSignature.cpp'을(를) 컴파일하는 중)
      C:\Program Files (x86)\Windows Kits\10\Include\10.0.28000.0\um\DirectXMath.h(964,12):
      'DirectX::XMFLOAT4X4' 선언을 참조하십시오.
  
C:\Users\kkth3\OneDrive\문서\GitHub\250531\Client\Engine\public\Engine_Struct.h(22,14): warning C4251: 'Engine::ObjectConstants::TexTransform': 'DirectX::XMFLOAT4X4'에서는 'Engine::ObjectConstants'의 클라이언트에서 DLL 인터페이스를 사용하도록 지정해야 함
  (소스 파일 '../private/RootSignature.cpp'을(를) 컴파일하는 중)
      C:\Program Files (x86)\Windows Kits\10\Include\10.0.28000.0\um\DirectXMath.h(964,12):
      'DirectX::XMFLOAT4X4' 선언을 참조하십시오.
  
C:\Users\kkth3\OneDrive\문서\GitHub\250531\Client\Engine\public\Engine_Struct.h(31,21): warning C4251: 'Engine::Light::Strength': 'DirectX::XMFLOAT3'에서는 'Engine::Light'의 클라이언트에서 DLL 인터페이스를 사용하도록 지정해야 함
  (소스 파일 '../private/RootSignature.cpp'을(를) 컴파일하는 중)
      C:\Program Files (x86)\Windows Kits\10\Include\10.0.28000.0\um\DirectXMath.h(661,12):
      'DirectX::XMFLOAT3' 선언을 참조하십시오.
  
C:\Users\kkth3\OneDrive\문서\GitHub\250531\Client\Engine\public\Engine_Struct.h(33,21): warning C4251: 'Engine::Light::Direction': 'DirectX::XMFLOAT3'에서는 'Engine::Light'의 클라이언트에서 DLL 인터페이스를 사용하도록 지정해야 함
  (소스 파일 '../private/RootSignature.cpp'을(를) 컴파일하는 중)
      C:\Program Files (x86)\Windows Kits\10\Include\10.0.28000.0\um\DirectXMath.h(661,12):
      'DirectX::XMFLOAT3' 선언을 참조하십시오.
  
C:\Users\kkth3\OneDrive\문서\GitHub\250531\Client\Engine\public\Engine_Struct.h(35,21): warning C4251: 'Engine::Light::Position': 'DirectX::XMFLOAT3'에서는 'Engine::Light'의 클라이언트에서 DLL 인터페이스를 사용하도록 지정해야 함
  (소스 파일 '../private/RootSignature.cpp'을(를) 컴파일하는 중)
      C:\Program Files (x86)\Windows Kits\10\Include\10.0.28000.0\um\DirectXMath.h(661,12):
      'DirectX::XMFLOAT3' 선언을 참조하십시오.
  
C:\Users\kkth3\OneDrive\문서\GitHub\250531\Client\Engine\public\Engine_Struct.h(41,23): warning C4251: 'Engine::PassConstants::View': 'DirectX::XMFLOAT4X4'에서는 'Engine::PassConstants'의 클라이언트에서 DLL 인터페이스를 사용하도록 지정해야 함
  (소스 파일 '../private/RootSignature.cpp'을(를) 컴파일하는 중)
      C:\Program Files (x86)\Windows Kits\10\Include\10.0.28000.0\um\DirectXMath.h(964,12):
      'DirectX::XMFLOAT4X4' 선언을 참조하십시오.
  
C:\Users\kkth3\OneDrive\문서\GitHub\250531\Client\Engine\public\Engine_Struct.h(42,23): warning C4251: 'Engine::PassConstants::InvView': 'DirectX::XMFLOAT4X4'에서는 'Engine::PassConstants'의 클라이언트에서 DLL 인터페이스를 사용하도록 지정해야 함
  (소스 파일 '../private/RootSignature.cpp'을(를) 컴파일하는 중)
      C:\Program Files (x86)\Windows Kits\10\Include\10.0.28000.0\um\DirectXMath.h(964,12):
      'DirectX::XMFLOAT4X4' 선언을 참조하십시오.
  
C:\Users\kkth3\OneDrive\문서\GitHub\250531\Client\Engine\public\Engine_Struct.h(43,23): warning C4251: 'Engine::PassConstants::Proj': 'DirectX::XMFLOAT4X4'에서는 'Engine::PassConstants'의 클라이언트에서 DLL 인터페이스를 사용하도록 지정해야 함
  (소스 파일 '../private/RootSignature.cpp'을(를) 컴파일하는 중)
      C:\Program Files (x86)\Windows Kits\10\Include\10.0.28000.0\um\DirectXMath.h(964,12):
      'DirectX::XMFLOAT4X4' 선언을 참조하십시오.
  
C:\Users\kkth3\OneDrive\문서\GitHub\250531\Client\Engine\public\Engine_Struct.h(44,23): warning C4251: 'Engine::PassConstants::InvProj': 'DirectX::XMFLOAT4X4'에서는 'Engine::PassConstants'의 클라이언트에서 DLL 인터페이스를 사용하도록 지정해야 함
  (소스 파일 '../private/RootSignature.cpp'을(를) 컴파일하는 중)
      C:\Program Files (x86)\Windows Kits\10\Include\10.0.28000.0\um\DirectXMath.h(964,12):
      'DirectX::XMFLOAT4X4' 선언을 참조하십시오.
  
C:\Users\kkth3\OneDrive\문서\GitHub\250531\Client\Engine\public\Engine_Struct.h(45,23): warning C4251: 'Engine::PassConstants::ViewProj': 'DirectX::XMFLOAT4X4'에서는 'Engine::PassConstants'의 클라이언트에서 DLL 인터페이스를 사용하도록 지정해야 함
  (소스 파일 '../private/RootSignature.cpp'을(를) 컴파일하는 중)
      C:\Program Files (x86)\Windows Kits\10\Include\10.0.28000.0\um\DirectXMath.h(964,12):
      'DirectX::XMFLOAT4X4' 선언을 참조하십시오.
  
C:\Users\kkth3\OneDrive\문서\GitHub\250531\Client\Engine\public\Engine_Struct.h(46,23): warning C4251: 'Engine::PassConstants::InvViewProj': 'DirectX::XMFLOAT4X4'에서는 'Engine::PassConstants'의 클라이언트에서 DLL 인터페이스를 사용하도록 지정해야 함
  (소스 파일 '../private/RootSignature.cpp'을(를) 컴파일하는 중)
      C:\Program Files (x86)\Windows Kits\10\Include\10.0.28000.0\um\DirectXMath.h(964,12):
      'DirectX::XMFLOAT4X4' 선언을 참조하십시오.
  
C:\Users\kkth3\OneDrive\문서\GitHub\250531\Client\Engine\public\Engine_Struct.h(47,23): warning C4251: 'Engine::PassConstants::ShadowTransform': 'DirectX::XMFLOAT4X4'에서는 'Engine::PassConstants'의 클라이언트에서 DLL 인터페이스를 사용하도록 지정해야 함
  (소스 파일 '../private/RootSignature.cpp'을(를) 컴파일하는 중)
      C:\Program Files (x86)\Windows Kits\10\Include\10.0.28000.0\um\DirectXMath.h(964,12):
      'DirectX::XMFLOAT4X4' 선언을 참조하십시오.
  
C:\Users\kkth3\OneDrive\문서\GitHub\250531\Client\Engine\public\Engine_Struct.h(48,21): warning C4251: 'Engine::PassConstants::EyePosW': 'DirectX::XMFLOAT3'에서는 'Engine::PassConstants'의 클라이언트에서 DLL 인터페이스를 사용하도록 지정해야 함
  (소스 파일 '../private/RootSignature.cpp'을(를) 컴파일하는 중)
      C:\Program Files (x86)\Windows Kits\10\Include\10.0.28000.0\um\DirectXMath.h(661,12):
      'DirectX::XMFLOAT3' 선언을 참조하십시오.
  
C:\Users\kkth3\OneDrive\문서\GitHub\250531\Client\Engine\public\Engine_Struct.h(50,21): warning C4251: 'Engine::PassConstants::RenderTargetSize': 'DirectX::XMFLOAT2'에서는 'Engine::PassConstants'의 클라이언트에서 DLL 인터페이스를 사용하도록 지정해야 함
  (소스 파일 '../private/RootSignature.cpp'을(를) 컴파일하는 중)
      C:\Program Files (x86)\Windows Kits\10\Include\10.0.28000.0\um\DirectXMath.h(584,12):
      'DirectX::XMFLOAT2' 선언을 참조하십시오.
  
C:\Users\kkth3\OneDrive\문서\GitHub\250531\Client\Engine\public\Engine_Struct.h(51,21): warning C4251: 'Engine::PassConstants::InvRenderTargetSize': 'DirectX::XMFLOAT2'에서는 'Engine::PassConstants'의 클라이언트에서 DLL 인터페이스를 사용하도록 지정해야 함
  (소스 파일 '../private/RootSignature.cpp'을(를) 컴파일하는 중)
      C:\Program Files (x86)\Windows Kits\10\Include\10.0.28000.0\um\DirectXMath.h(584,12):
      'DirectX::XMFLOAT2' 선언을 참조하십시오.
  
C:\Users\kkth3\OneDrive\문서\GitHub\250531\Client\Engine\public\Engine_Struct.h(57,21): warning C4251: 'Engine::PassConstants::AmbientLight': 'DirectX::XMFLOAT4'에서는 'Engine::PassConstants'의 클라이언트에서 DLL 인터페이스를 사용하도록 지정해야 함
  (소스 파일 '../private/RootSignature.cpp'을(를) 컴파일하는 중)
      C:\Program Files (x86)\Windows Kits\10\Include\10.0.28000.0\um\DirectXMath.h(736,12):
      'DirectX::XMFLOAT4' 선언을 참조하십시오.
  
C:\Users\kkth3\OneDrive\문서\GitHub\250531\Client\Engine\public\Engine_Struct.h(86,21): warning C4251: 'Engine::MaterialConstants::DiffuseAlbedo': 'DirectX::XMFLOAT4'에서는 'Engine::MaterialConstants'의 클라이언트에서 DLL 인터페이스를 사용하도록 지정해야 함
  (소스 파일 '../private/RootSignature.cpp'을(를) 컴파일하는 중)
      C:\Program Files (x86)\Windows Kits\10\Include\10.0.28000.0\um\DirectXMath.h(736,12):
      'DirectX::XMFLOAT4' 선언을 참조하십시오.
  
C:\Users\kkth3\OneDrive\문서\GitHub\250531\Client\Engine\public\Engine_Struct.h(87,21): warning C4251: 'Engine::MaterialConstants::FresnelR0': 'DirectX::XMFLOAT3'에서는 'Engine::MaterialConstants'의 클라이언트에서 DLL 인터페이스를 사용하도록 지정해야 함
  (소스 파일 '../private/RootSignature.cpp'을(를) 컴파일하는 중)
      C:\Program Files (x86)\Windows Kits\10\Include\10.0.28000.0\um\DirectXMath.h(661,12):
      'DirectX::XMFLOAT3' 선언을 참조하십시오.
  
C:\Users\kkth3\OneDrive\문서\GitHub\250531\Client\Engine\public\Engine_Struct.h(89,23): warning C4251: 'Engine::MaterialConstants::MatTransform': 'DirectX::XMFLOAT4X4'에서는 'Engine::MaterialConstants'의 클라이언트에서 DLL 인터페이스를 사용하도록 지정해야 함
  (소스 파일 '../private/RootSignature.cpp'을(를) 컴파일하는 중)
      C:\Program Files (x86)\Windows Kits\10\Include\10.0.28000.0\um\DirectXMath.h(964,12):
      'DirectX::XMFLOAT4X4' 선언을 참조하십시오.
  
C:\Users\kkth3\OneDrive\문서\GitHub\250531\Client\Engine\public\Engine_Struct.h(94,21): warning C4251: 'Engine::MaterialData::DiffuseAlbedo': 'DirectX::XMFLOAT4'에서는 'Engine::MaterialData'의 클라이언트에서 DLL 인터페이스를 사용하도록 지정해야 함
  (소스 파일 '../private/RootSignature.cpp'을(를) 컴파일하는 중)
      C:\Program Files (x86)\Windows Kits\10\Include\10.0.28000.0\um\DirectXMath.h(736,12):
      'DirectX::XMFLOAT4' 선언을 참조하십시오.
  
C:\Users\kkth3\OneDrive\문서\GitHub\250531\Client\Engine\public\Engine_Struct.h(95,21): warning C4251: 'Engine::MaterialData::FresnelR0': 'DirectX::XMFLOAT3'에서는 'Engine::MaterialData'의 클라이언트에서 DLL 인터페이스를 사용하도록 지정해야 함
  (소스 파일 '../private/RootSignature.cpp'을(를) 컴파일하는 중)
      C:\Program Files (x86)\Windows Kits\10\Include\10.0.28000.0\um\DirectXMath.h(661,12):
      'DirectX::XMFLOAT3' 선언을 참조하십시오.
  
C:\Users\kkth3\OneDrive\문서\GitHub\250531\Client\Engine\public\Engine_Struct.h(99,23): warning C4251: 'Engine::MaterialData::MatTransform': 'DirectX::XMFLOAT4X4'에서는 'Engine::MaterialData'의 클라이언트에서 DLL 인터페이스를 사용하도록 지정해야 함
  (소스 파일 '../private/RootSignature.cpp'을(를) 컴파일하는 중)
      C:\Program Files (x86)\Windows Kits\10\Include\10.0.28000.0\um\DirectXMath.h(964,12):
      'DirectX::XMFLOAT4X4' 선언을 참조하십시오.
  
C:\Users\kkth3\OneDrive\문서\GitHub\250531\Client\Engine\public\Engine_Struct.h(113,14): warning C4251: 'Engine::InstanceData::World': 'DirectX::XMFLOAT4X4'에서는 'Engine::InstanceData'의 클라이언트에서 DLL 인터페이스를 사용하도록 지정해야 함
  (소스 파일 '../private/RootSignature.cpp'을(를) 컴파일하는 중)
      C:\Program Files (x86)\Windows Kits\10\Include\10.0.28000.0\um\DirectXMath.h(964,12):
      'DirectX::XMFLOAT4X4' 선언을 참조하십시오.
  
C:\Users\kkth3\OneDrive\문서\GitHub\250531\Client\Engine\public\Engine_Struct.h(142,13): warning C4251: 'Engine::tagVertex_Position::vPosition': 'DirectX::XMFLOAT3'에서는 'Engine::tagVertex_Position'의 클라이언트에서 DLL 인터페이스를 사용하도록 지정해야 함
  (소스 파일 '../private/RootSignature.cpp'을(를) 컴파일하는 중)
      C:\Program Files (x86)\Windows Kits\10\Include\10.0.28000.0\um\DirectXMath.h(661,12):
      'DirectX::XMFLOAT3' 선언을 참조하십시오.
  
C:\Users\kkth3\OneDrive\문서\GitHub\250531\Client\Engine\public\Engine_Struct.h(151,13): warning C4251: 'Engine::tagVertex_Position_Normal::vPosition': 'DirectX::XMFLOAT3'에서는 'Engine::tagVertex_Position_Normal'의 클라이언트에서 DLL 인터페이스를 사용하도록 지정해야 함
  (소스 파일 '../private/RootSignature.cpp'을(를) 컴파일하는 중)
      C:\Program Files (x86)\Windows Kits\10\Include\10.0.28000.0\um\DirectXMath.h(661,12):
      'DirectX::XMFLOAT3' 선언을 참조하십시오.
  
C:\Users\kkth3\OneDrive\문서\GitHub\250531\Client\Engine\public\Engine_Struct.h(152,13): warning C4251: 'Engine::tagVertex_Position_Normal::vNormal': 'DirectX::XMFLOAT3'에서는 'Engine::tagVertex_Position_Normal'의 클라이언트에서 DLL 인터페이스를 사용하도록 지정해야 함
  (소스 파일 '../private/RootSignature.cpp'을(를) 컴파일하는 중)
      C:\Program Files (x86)\Windows Kits\10\Include\10.0.28000.0\um\DirectXMath.h(661,12):
      'DirectX::XMFLOAT3' 선언을 참조하십시오.
  
C:\Users\kkth3\OneDrive\문서\GitHub\250531\Client\Engine\public\Engine_Struct.h(161,13): warning C4251: 'Engine::tagVertex_Position_Texcoord::vPosition': 'DirectX::XMFLOAT3'에서는 'Engine::tagVertex_Position_Texcoord'의 클라이언트에서 DLL 인터페이스를 사용하도록 지정해야 함
  (소스 파일 '../private/RootSignature.cpp'을(를) 컴파일하는 중)
      C:\Program Files (x86)\Windows Kits\10\Include\10.0.28000.0\um\DirectXMath.h(661,12):
      'DirectX::XMFLOAT3' 선언을 참조하십시오.
  
C:\Users\kkth3\OneDrive\문서\GitHub\250531\Client\Engine\public\Engine_Struct.h(162,13): warning C4251: 'Engine::tagVertex_Position_Texcoord::vTexcoord': 'DirectX::XMFLOAT2'에서는 'Engine::tagVertex_Position_Texcoord'의 클라이언트에서 DLL 인터페이스를 사용하도록 지정해야 함
  (소스 파일 '../private/RootSignature.cpp'을(를) 컴파일하는 중)
      C:\Program Files (x86)\Windows Kits\10\Include\10.0.28000.0\um\DirectXMath.h(584,12):
      'DirectX::XMFLOAT2' 선언을 참조하십시오.
  
C:\Users\kkth3\OneDrive\문서\GitHub\250531\Client\Engine\public\Engine_Struct.h(171,13): warning C4251: 'Engine::tagVertex_Position_Normal_Texcoord::vPosition': 'DirectX::XMFLOAT3'에서는 'Engine::tagVertex_Position_Normal_Texcoord'의 클라이언트에서 DLL 인터페이스를 사용하도록 지정해야 함
  (소스 파일 '../private/RootSignature.cpp'을(를) 컴파일하는 중)
      C:\Program Files (x86)\Windows Kits\10\Include\10.0.28000.0\um\DirectXMath.h(661,12):
      'DirectX::XMFLOAT3' 선언을 참조하십시오.
  
C:\Users\kkth3\OneDrive\문서\GitHub\250531\Client\Engine\public\Engine_Struct.h(172,13): warning C4251: 'Engine::tagVertex_Position_Normal_Texcoord::vNormal': 'DirectX::XMFLOAT3'에서는 'Engine::tagVertex_Position_Normal_Texcoord'의 클라이언트에서 DLL 인터페이스를 사용하도록 지정해야 함
  (소스 파일 '../private/RootSignature.cpp'을(를) 컴파일하는 중)
      C:\Program Files (x86)\Windows Kits\10\Include\10.0.28000.0\um\DirectXMath.h(661,12):
      'DirectX::XMFLOAT3' 선언을 참조하십시오.
  
C:\Users\kkth3\OneDrive\문서\GitHub\250531\Client\Engine\public\Engine_Struct.h(173,13): warning C4251: 'Engine::tagVertex_Position_Normal_Texcoord::vTexcoord': 'DirectX::XMFLOAT2'에서는 'Engine::tagVertex_Position_Normal_Texcoord'의 클라이언트에서 DLL 인터페이스를 사용하도록 지정해야 함
  (소스 파일 '../private/RootSignature.cpp'을(를) 컴파일하는 중)
      C:\Program Files (x86)\Windows Kits\10\Include\10.0.28000.0\um\DirectXMath.h(584,12):
      'DirectX::XMFLOAT2' 선언을 참조하십시오.
  
C:\Users\kkth3\OneDrive\문서\GitHub\250531\Client\Engine\public\Engine_Struct.h(182,13): warning C4251: 'Engine::tagVertex_Position_Cube_Texcoord::vPosition': 'DirectX::XMFLOAT3'에서는 'Engine::tagVertex_Position_Cube_Texcoord'의 클라이언트에서 DLL 인터페이스를 사용하도록 지정해야 함
  (소스 파일 '../private/RootSignature.cpp'을(를) 컴파일하는 중)
      C:\Program Files (x86)\Windows Kits\10\Include\10.0.28000.0\um\DirectXMath.h(661,12):
      'DirectX::XMFLOAT3' 선언을 참조하십시오.
  
C:\Users\kkth3\OneDrive\문서\GitHub\250531\Client\Engine\public\Engine_Struct.h(183,13): warning C4251: 'Engine::tagVertex_Position_Cube_Texcoord::vTexcoord': 'DirectX::XMFLOAT3'에서는 'Engine::tagVertex_Position_Cube_Texcoord'의 클라이언트에서 DLL 인터페이스를 사용하도록 지정해야 함
  (소스 파일 '../private/RootSignature.cpp'을(를) 컴파일하는 중)
      C:\Program Files (x86)\Windows Kits\10\Include\10.0.28000.0\um\DirectXMath.h(661,12):
      'DirectX::XMFLOAT3' 선언을 참조하십시오.
  
C:\Users\kkth3\OneDrive\문서\GitHub\250531\Client\Engine\public\Engine_Struct.h(192,13): warning C4251: 'Engine::tagVertex_Mesh::vPosition': 'DirectX::XMFLOAT3'에서는 'Engine::tagVertex_Mesh'의 클라이언트에서 DLL 인터페이스를 사용하도록 지정해야 함
  (소스 파일 '../private/RootSignature.cpp'을(를) 컴파일하는 중)
      C:\Program Files (x86)\Windows Kits\10\Include\10.0.28000.0\um\DirectXMath.h(661,12):
      'DirectX::XMFLOAT3' 선언을 참조하십시오.
  
C:\Users\kkth3\OneDrive\문서\GitHub\250531\Client\Engine\public\Engine_Struct.h(193,13): warning C4251: 'Engine::tagVertex_Mesh::vNormal': 'DirectX::XMFLOAT3'에서는 'Engine::tagVertex_Mesh'의 클라이언트에서 DLL 인터페이스를 사용하도록 지정해야 함
  (소스 파일 '../private/RootSignature.cpp'을(를) 컴파일하는 중)
      C:\Program Files (x86)\Windows Kits\10\Include\10.0.28000.0\um\DirectXMath.h(661,12):
      'DirectX::XMFLOAT3' 선언을 참조하십시오.
  
C:\Users\kkth3\OneDrive\문서\GitHub\250531\Client\Engine\public\Engine_Struct.h(194,13): warning C4251: 'Engine::tagVertex_Mesh::vTexcoord': 'DirectX::XMFLOAT2'에서는 'Engine::tagVertex_Mesh'의 클라이언트에서 DLL 인터페이스를 사용하도록 지정해야 함
  (소스 파일 '../private/RootSignature.cpp'을(를) 컴파일하는 중)
      C:\Program Files (x86)\Windows Kits\10\Include\10.0.28000.0\um\DirectXMath.h(584,12):
      'DirectX::XMFLOAT2' 선언을 참조하십시오.
  
C:\Users\kkth3\OneDrive\문서\GitHub\250531\Client\Engine\public\Engine_Struct.h(195,13): warning C4251: 'Engine::tagVertex_Mesh::vTangent': 'DirectX::XMFLOAT3'에서는 'Engine::tagVertex_Mesh'의 클라이언트에서 DLL 인터페이스를 사용하도록 지정해야 함
  (소스 파일 '../private/RootSignature.cpp'을(를) 컴파일하는 중)
      C:\Program Files (x86)\Windows Kits\10\Include\10.0.28000.0\um\DirectXMath.h(661,12):
      'DirectX::XMFLOAT3' 선언을 참조하십시오.
  
C:\Users\kkth3\OneDrive\문서\GitHub\250531\Client\Engine\public\Engine_Struct.h(204,13): warning C4251: 'Engine::tagVertex_Anim_Mesh::vPosition': 'DirectX::XMFLOAT3'에서는 'Engine::tagVertex_Anim_Mesh'의 클라이언트에서 DLL 인터페이스를 사용하도록 지정해야 함
  (소스 파일 '../private/RootSignature.cpp'을(를) 컴파일하는 중)
      C:\Program Files (x86)\Windows Kits\10\Include\10.0.28000.0\um\DirectXMath.h(661,12):
      'DirectX::XMFLOAT3' 선언을 참조하십시오.
  
C:\Users\kkth3\OneDrive\문서\GitHub\250531\Client\Engine\public\Engine_Struct.h(205,13): warning C4251: 'Engine::tagVertex_Anim_Mesh::vNormal': 'DirectX::XMFLOAT3'에서는 'Engine::tagVertex_Anim_Mesh'의 클라이언트에서 DLL 인터페이스를 사용하도록 지정해야 함
  (소스 파일 '../private/RootSignature.cpp'을(를) 컴파일하는 중)
      C:\Program Files (x86)\Windows Kits\10\Include\10.0.28000.0\um\DirectXMath.h(661,12):
      'DirectX::XMFLOAT3' 선언을 참조하십시오.
  
C:\Users\kkth3\OneDrive\문서\GitHub\250531\Client\Engine\public\Engine_Struct.h(206,13): warning C4251: 'Engine::tagVertex_Anim_Mesh::vTexcoord': 'DirectX::XMFLOAT2'에서는 'Engine::tagVertex_Anim_Mesh'의 클라이언트에서 DLL 인터페이스를 사용하도록 지정해야 함
  (소스 파일 '../private/RootSignature.cpp'을(를) 컴파일하는 중)
      C:\Program Files (x86)\Windows Kits\10\Include\10.0.28000.0\um\DirectXMath.h(584,12):
      'DirectX::XMFLOAT2' 선언을 참조하십시오.
  
C:\Users\kkth3\OneDrive\문서\GitHub\250531\Client\Engine\public\Engine_Struct.h(207,13): warning C4251: 'Engine::tagVertex_Anim_Mesh::vTangent': 'DirectX::XMFLOAT3'에서는 'Engine::tagVertex_Anim_Mesh'의 클라이언트에서 DLL 인터페이스를 사용하도록 지정해야 함
  (소스 파일 '../private/RootSignature.cpp'을(를) 컴파일하는 중)
      C:\Program Files (x86)\Windows Kits\10\Include\10.0.28000.0\um\DirectXMath.h(661,12):
      'DirectX::XMFLOAT3' 선언을 참조하십시오.
  
C:\Users\kkth3\OneDrive\문서\GitHub\250531\Client\Engine\public\Engine_Struct.h(209,13): warning C4251: 'Engine::tagVertex_Anim_Mesh::vBlendIndices': 'DirectX::XMUINT4'에서는 'Engine::tagVertex_Anim_Mesh'의 클라이언트에서 DLL 인터페이스를 사용하도록 지정해야 함
  (소스 파일 '../private/RootSignature.cpp'을(를) 컴파일하는 중)
      C:\Program Files (x86)\Windows Kits\10\Include\10.0.28000.0\um\DirectXMath.h(793,12):
      'DirectX::XMUINT4' 선언을 참조하십시오.
  
C:\Users\kkth3\OneDrive\문서\GitHub\250531\Client\Engine\public\Engine_Struct.h(210,13): warning C4251: 'Engine::tagVertex_Anim_Mesh::vBlendWeights': 'DirectX::XMFLOAT4'에서는 'Engine::tagVertex_Anim_Mesh'의 클라이언트에서 DLL 인터페이스를 사용하도록 지정해야 함
  (소스 파일 '../private/RootSignature.cpp'을(를) 컴파일하는 중)
      C:\Program Files (x86)\Windows Kits\10\Include\10.0.28000.0\um\DirectXMath.h(736,12):
      'DirectX::XMFLOAT4' 선언을 참조하십시오.
  
C:\Users\kkth3\OneDrive\문서\GitHub\250531\Client\Engine\public\Transform.h(106,13): warning C4251: 'Engine::CTransform::m_WorldMatrix': 'DirectX::XMFLOAT4X4'에서는 'Engine::CTransform'의 클라이언트에서 DLL 인터페이스를 사용하도록 지정해야 함
  (소스 파일 '../private/RootSignature.cpp'을(를) 컴파일하는 중)
      C:\Program Files (x86)\Windows Kits\10\Include\10.0.28000.0\um\DirectXMath.h(964,12):
      'DirectX::XMFLOAT4X4' 선언을 참조하십시오.
  
C:\Users\kkth3\OneDrive\문서\GitHub\250531\Client\Engine\public\GameObject.h(39,43): warning C4251: 'Engine::CGameObject::m_Components': 'std::unordered_map<std::string,Engine::CComponent *,std::hash<std::string>,std::equal_to<std::string>,std::allocator<std::pair<const std::string,Engine::CComponent *>>>'에서는 'Engine::CGameObject'의 클라이언트에서 DLL 인터페이스를 사용하도록 지정해야 함
  (소스 파일 '../private/RootSignature.cpp'을(를) 컴파일하는 중)
      C:\Program Files\Microsoft Visual Studio\2022\Community\VC\Tools\MSVC\14.44.35207\include\unordered_map(61,7):
      'std::unordered_map<std::string,Engine::CComponent *,std::hash<std::string>,std::equal_to<std::string>,std::allocator<std::pair<const std::string,Engine::CComponent *>>>' 선언을 참조하십시오.
  
C:\Users\kkth3\OneDrive\문서\GitHub\250531\Client\Engine\public\Renderer.h(34,25): warning C4251: 'Engine::CRenderer::m_vRenderObjects': 'std::vector<Engine::CRenderObject *,std::allocator<Engine::CRenderObject *>>'에서는 'Engine::CRenderer'의 클라이언트에서 DLL 인터페이스를 사용하도록 지정해야 함
  (소스 파일 '../private/RootSignature.cpp'을(를) 컴파일하는 중)
      C:\Program Files\Microsoft Visual Studio\2022\Community\VC\Tools\MSVC\14.44.35207\include\vector(442,7):
      'std::vector<Engine::CRenderObject *,std::allocator<Engine::CRenderObject *>>' 선언을 참조하십시오.
  
C:\Users\kkth3\OneDrive\문서\GitHub\250531\Client\Engine\public\VIBuffer_Geos.h(24,50): warning C4251: 'Engine::CVIBuffer_Geos::m_SubMeshInfos': 'std::unordered_map<Engine::CVIBuffer_Geos::BASIC_SUBMESHES,SubmeshGeometry,std::hash<Engine::CVIBuffer_Geos::BASIC_SUBMESHES>,std::equal_to<Engine::CVIBuffer_Geos::BASIC_SUBMESHES>,std::allocator<std::pair<const Engine::CVIBuffer_Geos::BASIC_SUBMESHES,SubmeshGeometry>>>'에서는 'Engine::CVIBuffer_Geos'의 클라이언트에서 DLL 인터페이스를 사용하도록 지정해야 함
  (소스 파일 '../private/RootSignature.cpp'을(를) 컴파일하는 중)
      C:\Program Files\Microsoft Visual Studio\2022\Community\VC\Tools\MSVC\14.44.35207\include\unordered_map(61,7):
      'std::unordered_map<Engine::CVIBuffer_Geos::BASIC_SUBMESHES,SubmeshGeometry,std::hash<Engine::CVIBuffer_Geos::BASIC_SUBMESHES>,std::equal_to<Engine::CVIBuffer_Geos::BASIC_SUBMESHES>,std::allocator<std::pair<const Engine::CVIBuffer_Geos::BASIC_SUBMESHES,SubmeshGeometry>>>' 선언을 참조하십시오.
  
C:\Users\kkth3\OneDrive\문서\GitHub\250531\Client\Engine\public\Model.h(62,16): warning C4251: 'Engine::CModel::m_PivotMatrix': 'DirectX::XMFLOAT4X4'에서는 'Engine::CModel'의 클라이언트에서 DLL 인터페이스를 사용하도록 지정해야 함
  (소스 파일 '../private/RootSignature.cpp'을(를) 컴파일하는 중)
      C:\Program Files (x86)\Windows Kits\10\Include\10.0.28000.0\um\DirectXMath.h(964,12):
      'DirectX::XMFLOAT4X4' 선언을 참조하십시오.
  
C:\Users\kkth3\OneDrive\문서\GitHub\250531\Client\Engine\public\Model.h(66,26): warning C4251: 'Engine::CModel::m_Meshes': 'std::vector<Engine::CMesh *,std::allocator<Engine::CMesh *>>'에서는 'Engine::CModel'의 클라이언트에서 DLL 인터페이스를 사용하도록 지정해야 함
  (소스 파일 '../private/RootSignature.cpp'을(를) 컴파일하는 중)
      C:\Program Files\Microsoft Visual Studio\2022\Community\VC\Tools\MSVC\14.44.35207\include\vector(442,7):
      'std::vector<Engine::CMesh *,std::allocator<Engine::CMesh *>>' 선언을 참조하십시오.
  
C:\Users\kkth3\OneDrive\문서\GitHub\250531\Client\Engine\public\Model.h(68,26): warning C4251: 'Engine::CModel::m_Bones': 'std::vector<Engine::CBone *,std::allocator<Engine::CBone *>>'에서는 'Engine::CModel'의 클라이언트에서 DLL 인터페이스를 사용하도록 지정해야 함
  (소스 파일 '../private/RootSignature.cpp'을(를) 컴파일하는 중)
      C:\Program Files\Microsoft Visual Studio\2022\Community\VC\Tools\MSVC\14.44.35207\include\vector(442,7):
      'std::vector<Engine::CBone *,std::allocator<Engine::CBone *>>' 선언을 참조하십시오.
  
C:\Users\kkth3\OneDrive\문서\GitHub\250531\Client\Engine\public\VIBuffer_Terrain.h(72,41): warning C4251: 'Engine::CVIBuffer_Terrain::m_pHeightMap': 'std::shared_ptr<std::vector<float,std::allocator<float>>>'에서는 'Engine::CVIBuffer_Terrain'의 클라이언트에서 DLL 인터페이스를 사용하도록 지정해야 함
  (소스 파일 '../private/RootSignature.cpp'을(를) 컴파일하는 중)
      C:\Program Files\Microsoft Visual Studio\2022\Community\VC\Tools\MSVC\14.44.35207\include\memory(1565,7):
      'std::shared_ptr<std::vector<float,std::allocator<float>>>' 선언을 참조하십시오.
  
C:\Users\kkth3\OneDrive\문서\GitHub\250531\Client\Engine\public\VIBuffer_Terrain.h(74,33): warning C4251: 'Engine::CVIBuffer_Terrain::m_Chunks': 'std::vector<Engine::CVIBuffer_Terrain::TERRAINCHUNK,std::allocator<Engine::CVIBuffer_Terrain::TERRAINCHUNK>>'에서는 'Engine::CVIBuffer_Terrain'의 클라이언트에서 DLL 인터페이스를 사용하도록 지정해야 함
  (소스 파일 '../private/RootSignature.cpp'을(를) 컴파일하는 중)
      C:\Program Files\Microsoft Visual Studio\2022\Community\VC\Tools\MSVC\14.44.35207\include\vector(442,7):
      'std::vector<Engine::CVIBuffer_Terrain::TERRAINCHUNK,std::allocator<Engine::CVIBuffer_Terrain::TERRAINCHUNK>>' 선언을 참조하십시오.
  
C:\Users\kkth3\OneDrive\문서\GitHub\250531\Client\Engine\public\VIBuffer_Terrain.h(87,33): warning C4251: 'Engine::CVIBuffer_Terrain::m_ChunkLODs': 'std::vector<GeometryGenerator::uint32,std::allocator<GeometryGenerator::uint32>>'에서는 'Engine::CVIBuffer_Terrain'의 클라이언트에서 DLL 인터페이스를 사용하도록 지정해야 함
  (소스 파일 '../private/RootSignature.cpp'을(를) 컴파일하는 중)
      C:\Program Files\Microsoft Visual Studio\2022\Community\VC\Tools\MSVC\14.44.35207\include\vector(442,7):
      'std::vector<GeometryGenerator::uint32,std::allocator<GeometryGenerator::uint32>>' 선언을 참조하십시오.
  
C:\Users\kkth3\OneDrive\문서\GitHub\250531\Client\Engine\public\VIBuffer_Terrain.h(89,33): warning C4251: 'Engine::CVIBuffer_Terrain::m_FrustumPlanes': 'DirectX::XMFLOAT4'에서는 'Engine::CVIBuffer_Terrain'의 클라이언트에서 DLL 인터페이스를 사용하도록 지정해야 함
  (소스 파일 '../private/RootSignature.cpp'을(를) 컴파일하는 중)
      C:\Program Files (x86)\Windows Kits\10\Include\10.0.28000.0\um\DirectXMath.h(736,12):
      'DirectX::XMFLOAT4' 선언을 참조하십시오.
  
C:\Users\kkth3\OneDrive\문서\GitHub\250531\Client\Engine\public\CBBinding.h(26,54): warning C4244: '=': 'Engine::_uint'에서 'float'(으)로 변환하면서 데이터가 손실될 수 있습니다.
  (소스 파일 '../private/RootSignature.cpp'을(를) 컴파일하는 중)
  
C:\Users\kkth3\OneDrive\문서\GitHub\250531\Client\Engine\public\MeshModel.h(33,35): warning C4251: 'Engine::CMeshModel::m_Meshes': 'std::vector<Engine::CVIBuffer_Mesh *,std::allocator<Engine::CVIBuffer_Mesh *>>'에서는 'Engine::CMeshModel'의 클라이언트에서 DLL 인터페이스를 사용하도록 지정해야 함
  (소스 파일 '../private/RootSignature.cpp'을(를) 컴파일하는 중)
      C:\Program Files\Microsoft Visual Studio\2022\Community\VC\Tools\MSVC\14.44.35207\include\vector(442,7):
      'std::vector<Engine::CVIBuffer_Mesh *,std::allocator<Engine::CVIBuffer_Mesh *>>' 선언을 참조하십시오.
  
C:\Users\kkth3\OneDrive\문서\GitHub\250531\Client\Engine\public\RootSignatureMgr.h(29,54): warning C4251: 'Engine::CRootSignatureMgr::mRootSignatures': 'std::unordered_map<std::string,Engine::CRootSignature *,std::hash<std::string>,std::equal_to<std::string>,std::allocator<std::pair<const std::string,Engine::CRootSignature *>>>'에서는 'Engine::CRootSignatureMgr'의 클라이언트에서 DLL 인터페이스를 사용하도록 지정해야 함
  (소스 파일 '../private/RootSignature.cpp'을(를) 컴파일하는 중)
      C:\Program Files\Microsoft Visual Studio\2022\Community\VC\Tools\MSVC\14.44.35207\include\unordered_map(61,7):
      'std::unordered_map<std::string,Engine::CRootSignature *,std::hash<std::string>,std::equal_to<std::string>,std::allocator<std::pair<const std::string,Engine::CRootSignature *>>>' 선언을 참조하십시오.
  
C:\Users\kkth3\OneDrive\문서\GitHub\250531\Client\Engine\public\ObjectMgr.h(53,34): warning C4251: 'Engine::CObjectMgr::m_Layers': 'std::unordered_map<std::string,Engine::CObjectMgr::Layer,std::hash<std::string>,std::equal_to<std::string>,std::allocator<std::pair<const std::string,Engine::CObjectMgr::Layer>>>'에서는 'Engine::CObjectMgr'의 클라이언트에서 DLL 인터페이스를 사용하도록 지정해야 함
  (소스 파일 '../private/RootSignature.cpp'을(를) 컴파일하는 중)
      C:\Program Files\Microsoft Visual Studio\2022\Community\VC\Tools\MSVC\14.44.35207\include\unordered_map(61,7):
      'std::unordered_map<std::string,Engine::CObjectMgr::Layer,std::hash<std::string>,std::equal_to<std::string>,std::allocator<std::pair<const std::string,Engine::CObjectMgr::Layer>>>' 선언을 참조하십시오.
  
C:\Users\kkth3\OneDrive\문서\GitHub\250531\Client\Engine\public\ObjectMgr.h(54,41): warning C4251: 'Engine::CObjectMgr::m_Prototypes': 'std::unordered_map<std::string,Engine::CGameObject *,std::hash<std::string>,std::equal_to<std::string>,std::allocator<std::pair<const std::string,Engine::CGameObject *>>>'에서는 'Engine::CObjectMgr'의 클라이언트에서 DLL 인터페이스를 사용하도록 지정해야 함
  (소스 파일 '../private/RootSignature.cpp'을(를) 컴파일하는 중)
      C:\Program Files\Microsoft Visual Studio\2022\Community\VC\Tools\MSVC\14.44.35207\include\unordered_map(61,7):
      'std::unordered_map<std::string,Engine::CGameObject *,std::hash<std::string>,std::equal_to<std::string>,std::allocator<std::pair<const std::string,Engine::CGameObject *>>>' 선언을 참조하십시오.
  
C:\Users\kkth3\OneDrive\문서\GitHub\250531\Client\Engine\public\TextureMgr.h(74,32): warning C4251: 'Engine::CTextureMgr::hDescriptor': 'CD3DX12_CPU_DESCRIPTOR_HANDLE'에서는 'Engine::CTextureMgr'의 클라이언트에서 DLL 인터페이스를 사용하도록 지정해야 함
  (소스 파일 '../private/RootSignature.cpp'을(를) 컴파일하는 중)
      C:\Users\kkth3\OneDrive\문서\GitHub\250531\Client\Engine\public\d3dx12.h(1471,8):
      'CD3DX12_CPU_DESCRIPTOR_HANDLE' 선언을 참조하십시오.
  
C:\Users\kkth3\OneDrive\문서\GitHub\250531\Client\Engine\public\TextureMgr.h(78,34): warning C4251: 'Engine::CTextureMgr::m_Textures': 'std::vector<std::pair<std::string,Engine::CTexture *>,std::allocator<std::pair<std::string,Engine::CTexture *>>>'에서는 'Engine::CTextureMgr'의 클라이언트에서 DLL 인터페이스를 사용하도록 지정해야 함
  (소스 파일 '../private/RootSignature.cpp'을(를) 컴파일하는 중)
      C:\Program Files\Microsoft Visual Studio\2022\Community\VC\Tools\MSVC\14.44.35207\include\vector(442,7):
      'std::vector<std::pair<std::string,Engine::CTexture *>,std::allocator<std::pair<std::string,Engine::CTexture *>>>' 선언을 참조하십시오.
  
C:\Users\kkth3\OneDrive\문서\GitHub\250531\Client\Engine\public\GameInstance.h(143,12): warning C4251: 'Engine::CGameInstance::m_CameraViewProj': 'DirectX::XMFLOAT4X4'에서는 'Engine::CGameInstance'의 클라이언트에서 DLL 인터페이스를 사용하도록 지정해야 함
  (소스 파일 '../private/RootSignature.cpp'을(를) 컴파일하는 중)
      C:\Program Files (x86)\Windows Kits\10\Include\10.0.28000.0\um\DirectXMath.h(964,12):
      'DirectX::XMFLOAT4X4' 선언을 참조하십시오.
  
C:\Users\kkth3\OneDrive\문서\GitHub\250531\Client\Engine\public\GameInstance.h(144,12): warning C4251: 'Engine::CGameInstance::m_ShadowViewProj': 'DirectX::XMFLOAT4X4'에서는 'Engine::CGameInstance'의 클라이언트에서 DLL 인터페이스를 사용하도록 지정해야 함
  (소스 파일 '../private/RootSignature.cpp'을(를) 컴파일하는 중)
      C:\Program Files (x86)\Windows Kits\10\Include\10.0.28000.0\um\DirectXMath.h(964,12):
      'DirectX::XMFLOAT4X4' 선언을 참조하십시오.
  
C:\Users\kkth3\OneDrive\문서\GitHub\250531\Client\Engine\public\GameInstance.h(145,11): warning C4251: 'Engine::CGameInstance::m_CameraEye': 'DirectX::XMFLOAT3'에서는 'Engine::CGameInstance'의 클라이언트에서 DLL 인터페이스를 사용하도록 지정해야 함
  (소스 파일 '../private/RootSignature.cpp'을(를) 컴파일하는 중)
      C:\Program Files (x86)\Windows Kits\10\Include\10.0.28000.0\um\DirectXMath.h(661,12):
      'DirectX::XMFLOAT3' 선언을 참조하십시오.
  
C:\Users\kkth3\OneDrive\문서\GitHub\250531\Client\Engine\private\RootSignature.cpp(64,48): warning C4267: '=': 'size_t'에서 'UINT'(으)로 변환하면서 데이터가 손실될 수 있습니다.
C:\Users\kkth3\OneDrive\문서\GitHub\250531\Client\Engine\private\RootSignature.cpp(112,49): warning C4267: '=': 'size_t'에서 'UINT'(으)로 변환하면서 데이터가 손실될 수 있습니다.
C:\Users\kkth3\OneDrive\문서\GitHub\250531\Client\Engine\private\RootSignature.cpp(114,59): warning C4267: '=': 'size_t'에서 'UINT'(으)로 변환하면서 데이터가 손실될 수 있습니다.
  RootSignatureMgr.cpp
C:\Users\kkth3\OneDrive\문서\GitHub\250531\Client\Engine\public\Engine_Struct.h(21,14): warning C4251: 'Engine::ObjectConstants::World': 'DirectX::XMFLOAT4X4'에서는 'Engine::ObjectConstants'의 클라이언트에서 DLL 인터페이스를 사용하도록 지정해야 함
  (소스 파일 '../private/RootSignatureMgr.cpp'을(를) 컴파일하는 중)
      C:\Program Files (x86)\Windows Kits\10\Include\10.0.28000.0\um\DirectXMath.h(964,12):
      'DirectX::XMFLOAT4X4' 선언을 참조하십시오.
  
C:\Users\kkth3\OneDrive\문서\GitHub\250531\Client\Engine\public\Engine_Struct.h(22,14): warning C4251: 'Engine::ObjectConstants::TexTransform': 'DirectX::XMFLOAT4X4'에서는 'Engine::ObjectConstants'의 클라이언트에서 DLL 인터페이스를 사용하도록 지정해야 함
  (소스 파일 '../private/RootSignatureMgr.cpp'을(를) 컴파일하는 중)
      C:\Program Files (x86)\Windows Kits\10\Include\10.0.28000.0\um\DirectXMath.h(964,12):
      'DirectX::XMFLOAT4X4' 선언을 참조하십시오.
  
C:\Users\kkth3\OneDrive\문서\GitHub\250531\Client\Engine\public\Engine_Struct.h(31,21): warning C4251: 'Engine::Light::Strength': 'DirectX::XMFLOAT3'에서는 'Engine::Light'의 클라이언트에서 DLL 인터페이스를 사용하도록 지정해야 함
  (소스 파일 '../private/RootSignatureMgr.cpp'을(를) 컴파일하는 중)
      C:\Program Files (x86)\Windows Kits\10\Include\10.0.28000.0\um\DirectXMath.h(661,12):
      'DirectX::XMFLOAT3' 선언을 참조하십시오.
  
C:\Users\kkth3\OneDrive\문서\GitHub\250531\Client\Engine\public\Engine_Struct.h(33,21): warning C4251: 'Engine::Light::Direction': 'DirectX::XMFLOAT3'에서는 'Engine::Light'의 클라이언트에서 DLL 인터페이스를 사용하도록 지정해야 함
  (소스 파일 '../private/RootSignatureMgr.cpp'을(를) 컴파일하는 중)
      C:\Program Files (x86)\Windows Kits\10\Include\10.0.28000.0\um\DirectXMath.h(661,12):
      'DirectX::XMFLOAT3' 선언을 참조하십시오.
  
C:\Users\kkth3\OneDrive\문서\GitHub\250531\Client\Engine\public\Engine_Struct.h(35,21): warning C4251: 'Engine::Light::Position': 'DirectX::XMFLOAT3'에서는 'Engine::Light'의 클라이언트에서 DLL 인터페이스를 사용하도록 지정해야 함
  (소스 파일 '../private/RootSignatureMgr.cpp'을(를) 컴파일하는 중)
      C:\Program Files (x86)\Windows Kits\10\Include\10.0.28000.0\um\DirectXMath.h(661,12):
      'DirectX::XMFLOAT3' 선언을 참조하십시오.
  
C:\Users\kkth3\OneDrive\문서\GitHub\250531\Client\Engine\public\Engine_Struct.h(41,23): warning C4251: 'Engine::PassConstants::View': 'DirectX::XMFLOAT4X4'에서는 'Engine::PassConstants'의 클라이언트에서 DLL 인터페이스를 사용하도록 지정해야 함
  (소스 파일 '../private/RootSignatureMgr.cpp'을(를) 컴파일하는 중)
      C:\Program Files (x86)\Windows Kits\10\Include\10.0.28000.0\um\DirectXMath.h(964,12):
      'DirectX::XMFLOAT4X4' 선언을 참조하십시오.
  
C:\Users\kkth3\OneDrive\문서\GitHub\250531\Client\Engine\public\Engine_Struct.h(42,23): warning C4251: 'Engine::PassConstants::InvView': 'DirectX::XMFLOAT4X4'에서는 'Engine::PassConstants'의 클라이언트에서 DLL 인터페이스를 사용하도록 지정해야 함
  (소스 파일 '../private/RootSignatureMgr.cpp'을(를) 컴파일하는 중)
      C:\Program Files (x86)\Windows Kits\10\Include\10.0.28000.0\um\DirectXMath.h(964,12):
      'DirectX::XMFLOAT4X4' 선언을 참조하십시오.
  
C:\Users\kkth3\OneDrive\문서\GitHub\250531\Client\Engine\public\Engine_Struct.h(43,23): warning C4251: 'Engine::PassConstants::Proj': 'DirectX::XMFLOAT4X4'에서는 'Engine::PassConstants'의 클라이언트에서 DLL 인터페이스를 사용하도록 지정해야 함
  (소스 파일 '../private/RootSignatureMgr.cpp'을(를) 컴파일하는 중)
      C:\Program Files (x86)\Windows Kits\10\Include\10.0.28000.0\um\DirectXMath.h(964,12):
      'DirectX::XMFLOAT4X4' 선언을 참조하십시오.
  
C:\Users\kkth3\OneDrive\문서\GitHub\250531\Client\Engine\public\Engine_Struct.h(44,23): warning C4251: 'Engine::PassConstants::InvProj': 'DirectX::XMFLOAT4X4'에서는 'Engine::PassConstants'의 클라이언트에서 DLL 인터페이스를 사용하도록 지정해야 함
  (소스 파일 '../private/RootSignatureMgr.cpp'을(를) 컴파일하는 중)
      C:\Program Files (x86)\Windows Kits\10\Include\10.0.28000.0\um\DirectXMath.h(964,12):
      'DirectX::XMFLOAT4X4' 선언을 참조하십시오.
  
C:\Users\kkth3\OneDrive\문서\GitHub\250531\Client\Engine\public\Engine_Struct.h(45,23): warning C4251: 'Engine::PassConstants::ViewProj': 'DirectX::XMFLOAT4X4'에서는 'Engine::PassConstants'의 클라이언트에서 DLL 인터페이스를 사용하도록 지정해야 함
  (소스 파일 '../private/RootSignatureMgr.cpp'을(를) 컴파일하는 중)
      C:\Program Files (x86)\Windows Kits\10\Include\10.0.28000.0\um\DirectXMath.h(964,12):
      'DirectX::XMFLOAT4X4' 선언을 참조하십시오.
  
C:\Users\kkth3\OneDrive\문서\GitHub\250531\Client\Engine\public\Engine_Struct.h(46,23): warning C4251: 'Engine::PassConstants::InvViewProj': 'DirectX::XMFLOAT4X4'에서는 'Engine::PassConstants'의 클라이언트에서 DLL 인터페이스를 사용하도록 지정해야 함
  (소스 파일 '../private/RootSignatureMgr.cpp'을(를) 컴파일하는 중)
      C:\Program Files (x86)\Windows Kits\10\Include\10.0.28000.0\um\DirectXMath.h(964,12):
      'DirectX::XMFLOAT4X4' 선언을 참조하십시오.
  
C:\Users\kkth3\OneDrive\문서\GitHub\250531\Client\Engine\public\Engine_Struct.h(47,23): warning C4251: 'Engine::PassConstants::ShadowTransform': 'DirectX::XMFLOAT4X4'에서는 'Engine::PassConstants'의 클라이언트에서 DLL 인터페이스를 사용하도록 지정해야 함
  (소스 파일 '../private/RootSignatureMgr.cpp'을(를) 컴파일하는 중)
      C:\Program Files (x86)\Windows Kits\10\Include\10.0.28000.0\um\DirectXMath.h(964,12):
      'DirectX::XMFLOAT4X4' 선언을 참조하십시오.
  
C:\Users\kkth3\OneDrive\문서\GitHub\250531\Client\Engine\public\Engine_Struct.h(48,21): warning C4251: 'Engine::PassConstants::EyePosW': 'DirectX::XMFLOAT3'에서는 'Engine::PassConstants'의 클라이언트에서 DLL 인터페이스를 사용하도록 지정해야 함
  (소스 파일 '../private/RootSignatureMgr.cpp'을(를) 컴파일하는 중)
      C:\Program Files (x86)\Windows Kits\10\Include\10.0.28000.0\um\DirectXMath.h(661,12):
      'DirectX::XMFLOAT3' 선언을 참조하십시오.
  
C:\Users\kkth3\OneDrive\문서\GitHub\250531\Client\Engine\public\Engine_Struct.h(50,21): warning C4251: 'Engine::PassConstants::RenderTargetSize': 'DirectX::XMFLOAT2'에서는 'Engine::PassConstants'의 클라이언트에서 DLL 인터페이스를 사용하도록 지정해야 함
  (소스 파일 '../private/RootSignatureMgr.cpp'을(를) 컴파일하는 중)
      C:\Program Files (x86)\Windows Kits\10\Include\10.0.28000.0\um\DirectXMath.h(584,12):
      'DirectX::XMFLOAT2' 선언을 참조하십시오.
  
C:\Users\kkth3\OneDrive\문서\GitHub\250531\Client\Engine\public\Engine_Struct.h(51,21): warning C4251: 'Engine::PassConstants::InvRenderTargetSize': 'DirectX::XMFLOAT2'에서는 'Engine::PassConstants'의 클라이언트에서 DLL 인터페이스를 사용하도록 지정해야 함
  (소스 파일 '../private/RootSignatureMgr.cpp'을(를) 컴파일하는 중)
      C:\Program Files (x86)\Windows Kits\10\Include\10.0.28000.0\um\DirectXMath.h(584,12):
      'DirectX::XMFLOAT2' 선언을 참조하십시오.
  
C:\Users\kkth3\OneDrive\문서\GitHub\250531\Client\Engine\public\Engine_Struct.h(57,21): warning C4251: 'Engine::PassConstants::AmbientLight': 'DirectX::XMFLOAT4'에서는 'Engine::PassConstants'의 클라이언트에서 DLL 인터페이스를 사용하도록 지정해야 함
  (소스 파일 '../private/RootSignatureMgr.cpp'을(를) 컴파일하는 중)
      C:\Program Files (x86)\Windows Kits\10\Include\10.0.28000.0\um\DirectXMath.h(736,12):
      'DirectX::XMFLOAT4' 선언을 참조하십시오.
  
C:\Users\kkth3\OneDrive\문서\GitHub\250531\Client\Engine\public\Engine_Struct.h(86,21): warning C4251: 'Engine::MaterialConstants::DiffuseAlbedo': 'DirectX::XMFLOAT4'에서는 'Engine::MaterialConstants'의 클라이언트에서 DLL 인터페이스를 사용하도록 지정해야 함
  (소스 파일 '../private/RootSignatureMgr.cpp'을(를) 컴파일하는 중)
      C:\Program Files (x86)\Windows Kits\10\Include\10.0.28000.0\um\DirectXMath.h(736,12):
      'DirectX::XMFLOAT4' 선언을 참조하십시오.
  
C:\Users\kkth3\OneDrive\문서\GitHub\250531\Client\Engine\public\Engine_Struct.h(87,21): warning C4251: 'Engine::MaterialConstants::FresnelR0': 'DirectX::XMFLOAT3'에서는 'Engine::MaterialConstants'의 클라이언트에서 DLL 인터페이스를 사용하도록 지정해야 함
  (소스 파일 '../private/RootSignatureMgr.cpp'을(를) 컴파일하는 중)
      C:\Program Files (x86)\Windows Kits\10\Include\10.0.28000.0\um\DirectXMath.h(661,12):
      'DirectX::XMFLOAT3' 선언을 참조하십시오.
  
C:\Users\kkth3\OneDrive\문서\GitHub\250531\Client\Engine\public\Engine_Struct.h(89,23): warning C4251: 'Engine::MaterialConstants::MatTransform': 'DirectX::XMFLOAT4X4'에서는 'Engine::MaterialConstants'의 클라이언트에서 DLL 인터페이스를 사용하도록 지정해야 함
  (소스 파일 '../private/RootSignatureMgr.cpp'을(를) 컴파일하는 중)
      C:\Program Files (x86)\Windows Kits\10\Include\10.0.28000.0\um\DirectXMath.h(964,12):
      'DirectX::XMFLOAT4X4' 선언을 참조하십시오.
  
C:\Users\kkth3\OneDrive\문서\GitHub\250531\Client\Engine\public\Engine_Struct.h(94,21): warning C4251: 'Engine::MaterialData::DiffuseAlbedo': 'DirectX::XMFLOAT4'에서는 'Engine::MaterialData'의 클라이언트에서 DLL 인터페이스를 사용하도록 지정해야 함
  (소스 파일 '../private/RootSignatureMgr.cpp'을(를) 컴파일하는 중)
      C:\Program Files (x86)\Windows Kits\10\Include\10.0.28000.0\um\DirectXMath.h(736,12):
      'DirectX::XMFLOAT4' 선언을 참조하십시오.
  
C:\Users\kkth3\OneDrive\문서\GitHub\250531\Client\Engine\public\Engine_Struct.h(95,21): warning C4251: 'Engine::MaterialData::FresnelR0': 'DirectX::XMFLOAT3'에서는 'Engine::MaterialData'의 클라이언트에서 DLL 인터페이스를 사용하도록 지정해야 함
  (소스 파일 '../private/RootSignatureMgr.cpp'을(를) 컴파일하는 중)
      C:\Program Files (x86)\Windows Kits\10\Include\10.0.28000.0\um\DirectXMath.h(661,12):
      'DirectX::XMFLOAT3' 선언을 참조하십시오.
  
C:\Users\kkth3\OneDrive\문서\GitHub\250531\Client\Engine\public\Engine_Struct.h(99,23): warning C4251: 'Engine::MaterialData::MatTransform': 'DirectX::XMFLOAT4X4'에서는 'Engine::MaterialData'의 클라이언트에서 DLL 인터페이스를 사용하도록 지정해야 함
  (소스 파일 '../private/RootSignatureMgr.cpp'을(를) 컴파일하는 중)
      C:\Program Files (x86)\Windows Kits\10\Include\10.0.28000.0\um\DirectXMath.h(964,12):
      'DirectX::XMFLOAT4X4' 선언을 참조하십시오.
  
C:\Users\kkth3\OneDrive\문서\GitHub\250531\Client\Engine\public\Engine_Struct.h(113,14): warning C4251: 'Engine::InstanceData::World': 'DirectX::XMFLOAT4X4'에서는 'Engine::InstanceData'의 클라이언트에서 DLL 인터페이스를 사용하도록 지정해야 함
  (소스 파일 '../private/RootSignatureMgr.cpp'을(를) 컴파일하는 중)
      C:\Program Files (x86)\Windows Kits\10\Include\10.0.28000.0\um\DirectXMath.h(964,12):
      'DirectX::XMFLOAT4X4' 선언을 참조하십시오.
  
C:\Users\kkth3\OneDrive\문서\GitHub\250531\Client\Engine\public\Engine_Struct.h(142,13): warning C4251: 'Engine::tagVertex_Position::vPosition': 'DirectX::XMFLOAT3'에서는 'Engine::tagVertex_Position'의 클라이언트에서 DLL 인터페이스를 사용하도록 지정해야 함
  (소스 파일 '../private/RootSignatureMgr.cpp'을(를) 컴파일하는 중)
      C:\Program Files (x86)\Windows Kits\10\Include\10.0.28000.0\um\DirectXMath.h(661,12):
      'DirectX::XMFLOAT3' 선언을 참조하십시오.
  
C:\Users\kkth3\OneDrive\문서\GitHub\250531\Client\Engine\public\Engine_Struct.h(151,13): warning C4251: 'Engine::tagVertex_Position_Normal::vPosition': 'DirectX::XMFLOAT3'에서는 'Engine::tagVertex_Position_Normal'의 클라이언트에서 DLL 인터페이스를 사용하도록 지정해야 함
  (소스 파일 '../private/RootSignatureMgr.cpp'을(를) 컴파일하는 중)
      C:\Program Files (x86)\Windows Kits\10\Include\10.0.28000.0\um\DirectXMath.h(661,12):
      'DirectX::XMFLOAT3' 선언을 참조하십시오.
  
C:\Users\kkth3\OneDrive\문서\GitHub\250531\Client\Engine\public\Engine_Struct.h(152,13): warning C4251: 'Engine::tagVertex_Position_Normal::vNormal': 'DirectX::XMFLOAT3'에서는 'Engine::tagVertex_Position_Normal'의 클라이언트에서 DLL 인터페이스를 사용하도록 지정해야 함
  (소스 파일 '../private/RootSignatureMgr.cpp'을(를) 컴파일하는 중)
      C:\Program Files (x86)\Windows Kits\10\Include\10.0.28000.0\um\DirectXMath.h(661,12):
      'DirectX::XMFLOAT3' 선언을 참조하십시오.
  
C:\Users\kkth3\OneDrive\문서\GitHub\250531\Client\Engine\public\Engine_Struct.h(161,13): warning C4251: 'Engine::tagVertex_Position_Texcoord::vPosition': 'DirectX::XMFLOAT3'에서는 'Engine::tagVertex_Position_Texcoord'의 클라이언트에서 DLL 인터페이스를 사용하도록 지정해야 함
  (소스 파일 '../private/RootSignatureMgr.cpp'을(를) 컴파일하는 중)
      C:\Program Files (x86)\Windows Kits\10\Include\10.0.28000.0\um\DirectXMath.h(661,12):
      'DirectX::XMFLOAT3' 선언을 참조하십시오.
  
C:\Users\kkth3\OneDrive\문서\GitHub\250531\Client\Engine\public\Engine_Struct.h(162,13): warning C4251: 'Engine::tagVertex_Position_Texcoord::vTexcoord': 'DirectX::XMFLOAT2'에서는 'Engine::tagVertex_Position_Texcoord'의 클라이언트에서 DLL 인터페이스를 사용하도록 지정해야 함
  (소스 파일 '../private/RootSignatureMgr.cpp'을(를) 컴파일하는 중)
      C:\Program Files (x86)\Windows Kits\10\Include\10.0.28000.0\um\DirectXMath.h(584,12):
      'DirectX::XMFLOAT2' 선언을 참조하십시오.
  
C:\Users\kkth3\OneDrive\문서\GitHub\250531\Client\Engine\public\Engine_Struct.h(171,13): warning C4251: 'Engine::tagVertex_Position_Normal_Texcoord::vPosition': 'DirectX::XMFLOAT3'에서는 'Engine::tagVertex_Position_Normal_Texcoord'의 클라이언트에서 DLL 인터페이스를 사용하도록 지정해야 함
  (소스 파일 '../private/RootSignatureMgr.cpp'을(를) 컴파일하는 중)
      C:\Program Files (x86)\Windows Kits\10\Include\10.0.28000.0\um\DirectXMath.h(661,12):
      'DirectX::XMFLOAT3' 선언을 참조하십시오.
  
C:\Users\kkth3\OneDrive\문서\GitHub\250531\Client\Engine\public\Engine_Struct.h(172,13): warning C4251: 'Engine::tagVertex_Position_Normal_Texcoord::vNormal': 'DirectX::XMFLOAT3'에서는 'Engine::tagVertex_Position_Normal_Texcoord'의 클라이언트에서 DLL 인터페이스를 사용하도록 지정해야 함
  (소스 파일 '../private/RootSignatureMgr.cpp'을(를) 컴파일하는 중)
      C:\Program Files (x86)\Windows Kits\10\Include\10.0.28000.0\um\DirectXMath.h(661,12):
      'DirectX::XMFLOAT3' 선언을 참조하십시오.
  
C:\Users\kkth3\OneDrive\문서\GitHub\250531\Client\Engine\public\Engine_Struct.h(173,13): warning C4251: 'Engine::tagVertex_Position_Normal_Texcoord::vTexcoord': 'DirectX::XMFLOAT2'에서는 'Engine::tagVertex_Position_Normal_Texcoord'의 클라이언트에서 DLL 인터페이스를 사용하도록 지정해야 함
  (소스 파일 '../private/RootSignatureMgr.cpp'을(를) 컴파일하는 중)
      C:\Program Files (x86)\Windows Kits\10\Include\10.0.28000.0\um\DirectXMath.h(584,12):
      'DirectX::XMFLOAT2' 선언을 참조하십시오.
  
C:\Users\kkth3\OneDrive\문서\GitHub\250531\Client\Engine\public\Engine_Struct.h(182,13): warning C4251: 'Engine::tagVertex_Position_Cube_Texcoord::vPosition': 'DirectX::XMFLOAT3'에서는 'Engine::tagVertex_Position_Cube_Texcoord'의 클라이언트에서 DLL 인터페이스를 사용하도록 지정해야 함
  (소스 파일 '../private/RootSignatureMgr.cpp'을(를) 컴파일하는 중)
      C:\Program Files (x86)\Windows Kits\10\Include\10.0.28000.0\um\DirectXMath.h(661,12):
      'DirectX::XMFLOAT3' 선언을 참조하십시오.
  
C:\Users\kkth3\OneDrive\문서\GitHub\250531\Client\Engine\public\Engine_Struct.h(183,13): warning C4251: 'Engine::tagVertex_Position_Cube_Texcoord::vTexcoord': 'DirectX::XMFLOAT3'에서는 'Engine::tagVertex_Position_Cube_Texcoord'의 클라이언트에서 DLL 인터페이스를 사용하도록 지정해야 함
  (소스 파일 '../private/RootSignatureMgr.cpp'을(를) 컴파일하는 중)
      C:\Program Files (x86)\Windows Kits\10\Include\10.0.28000.0\um\DirectXMath.h(661,12):
      'DirectX::XMFLOAT3' 선언을 참조하십시오.
  
C:\Users\kkth3\OneDrive\문서\GitHub\250531\Client\Engine\public\Engine_Struct.h(192,13): warning C4251: 'Engine::tagVertex_Mesh::vPosition': 'DirectX::XMFLOAT3'에서는 'Engine::tagVertex_Mesh'의 클라이언트에서 DLL 인터페이스를 사용하도록 지정해야 함
  (소스 파일 '../private/RootSignatureMgr.cpp'을(를) 컴파일하는 중)
      C:\Program Files (x86)\Windows Kits\10\Include\10.0.28000.0\um\DirectXMath.h(661,12):
      'DirectX::XMFLOAT3' 선언을 참조하십시오.
  
C:\Users\kkth3\OneDrive\문서\GitHub\250531\Client\Engine\public\Engine_Struct.h(193,13): warning C4251: 'Engine::tagVertex_Mesh::vNormal': 'DirectX::XMFLOAT3'에서는 'Engine::tagVertex_Mesh'의 클라이언트에서 DLL 인터페이스를 사용하도록 지정해야 함
  (소스 파일 '../private/RootSignatureMgr.cpp'을(를) 컴파일하는 중)
      C:\Program Files (x86)\Windows Kits\10\Include\10.0.28000.0\um\DirectXMath.h(661,12):
      'DirectX::XMFLOAT3' 선언을 참조하십시오.
  
C:\Users\kkth3\OneDrive\문서\GitHub\250531\Client\Engine\public\Engine_Struct.h(194,13): warning C4251: 'Engine::tagVertex_Mesh::vTexcoord': 'DirectX::XMFLOAT2'에서는 'Engine::tagVertex_Mesh'의 클라이언트에서 DLL 인터페이스를 사용하도록 지정해야 함
  (소스 파일 '../private/RootSignatureMgr.cpp'을(를) 컴파일하는 중)
      C:\Program Files (x86)\Windows Kits\10\Include\10.0.28000.0\um\DirectXMath.h(584,12):
      'DirectX::XMFLOAT2' 선언을 참조하십시오.
  
C:\Users\kkth3\OneDrive\문서\GitHub\250531\Client\Engine\public\Engine_Struct.h(195,13): warning C4251: 'Engine::tagVertex_Mesh::vTangent': 'DirectX::XMFLOAT3'에서는 'Engine::tagVertex_Mesh'의 클라이언트에서 DLL 인터페이스를 사용하도록 지정해야 함
  (소스 파일 '../private/RootSignatureMgr.cpp'을(를) 컴파일하는 중)
      C:\Program Files (x86)\Windows Kits\10\Include\10.0.28000.0\um\DirectXMath.h(661,12):
      'DirectX::XMFLOAT3' 선언을 참조하십시오.
  
C:\Users\kkth3\OneDrive\문서\GitHub\250531\Client\Engine\public\Engine_Struct.h(204,13): warning C4251: 'Engine::tagVertex_Anim_Mesh::vPosition': 'DirectX::XMFLOAT3'에서는 'Engine::tagVertex_Anim_Mesh'의 클라이언트에서 DLL 인터페이스를 사용하도록 지정해야 함
  (소스 파일 '../private/RootSignatureMgr.cpp'을(를) 컴파일하는 중)
      C:\Program Files (x86)\Windows Kits\10\Include\10.0.28000.0\um\DirectXMath.h(661,12):
      'DirectX::XMFLOAT3' 선언을 참조하십시오.
  
C:\Users\kkth3\OneDrive\문서\GitHub\250531\Client\Engine\public\Engine_Struct.h(205,13): warning C4251: 'Engine::tagVertex_Anim_Mesh::vNormal': 'DirectX::XMFLOAT3'에서는 'Engine::tagVertex_Anim_Mesh'의 클라이언트에서 DLL 인터페이스를 사용하도록 지정해야 함
  (소스 파일 '../private/RootSignatureMgr.cpp'을(를) 컴파일하는 중)
      C:\Program Files (x86)\Windows Kits\10\Include\10.0.28000.0\um\DirectXMath.h(661,12):
      'DirectX::XMFLOAT3' 선언을 참조하십시오.
  
C:\Users\kkth3\OneDrive\문서\GitHub\250531\Client\Engine\public\Engine_Struct.h(206,13): warning C4251: 'Engine::tagVertex_Anim_Mesh::vTexcoord': 'DirectX::XMFLOAT2'에서는 'Engine::tagVertex_Anim_Mesh'의 클라이언트에서 DLL 인터페이스를 사용하도록 지정해야 함
  (소스 파일 '../private/RootSignatureMgr.cpp'을(를) 컴파일하는 중)
      C:\Program Files (x86)\Windows Kits\10\Include\10.0.28000.0\um\DirectXMath.h(584,12):
      'DirectX::XMFLOAT2' 선언을 참조하십시오.
  
C:\Users\kkth3\OneDrive\문서\GitHub\250531\Client\Engine\public\Engine_Struct.h(207,13): warning C4251: 'Engine::tagVertex_Anim_Mesh::vTangent': 'DirectX::XMFLOAT3'에서는 'Engine::tagVertex_Anim_Mesh'의 클라이언트에서 DLL 인터페이스를 사용하도록 지정해야 함
  (소스 파일 '../private/RootSignatureMgr.cpp'을(를) 컴파일하는 중)
      C:\Program Files (x86)\Windows Kits\10\Include\10.0.28000.0\um\DirectXMath.h(661,12):
      'DirectX::XMFLOAT3' 선언을 참조하십시오.
  
C:\Users\kkth3\OneDrive\문서\GitHub\250531\Client\Engine\public\Engine_Struct.h(209,13): warning C4251: 'Engine::tagVertex_Anim_Mesh::vBlendIndices': 'DirectX::XMUINT4'에서는 'Engine::tagVertex_Anim_Mesh'의 클라이언트에서 DLL 인터페이스를 사용하도록 지정해야 함
  (소스 파일 '../private/RootSignatureMgr.cpp'을(를) 컴파일하는 중)
      C:\Program Files (x86)\Windows Kits\10\Include\10.0.28000.0\um\DirectXMath.h(793,12):
      'DirectX::XMUINT4' 선언을 참조하십시오.
  
C:\Users\kkth3\OneDrive\문서\GitHub\250531\Client\Engine\public\Engine_Struct.h(210,13): warning C4251: 'Engine::tagVertex_Anim_Mesh::vBlendWeights': 'DirectX::XMFLOAT4'에서는 'Engine::tagVertex_Anim_Mesh'의 클라이언트에서 DLL 인터페이스를 사용하도록 지정해야 함
  (소스 파일 '../private/RootSignatureMgr.cpp'을(를) 컴파일하는 중)
      C:\Program Files (x86)\Windows Kits\10\Include\10.0.28000.0\um\DirectXMath.h(736,12):
      'DirectX::XMFLOAT4' 선언을 참조하십시오.
  
C:\Users\kkth3\OneDrive\문서\GitHub\250531\Client\Engine\public\RootSignatureMgr.h(29,54): warning C4251: 'Engine::CRootSignatureMgr::mRootSignatures': 'std::unordered_map<std::string,Engine::CRootSignature *,std::hash<std::string>,std::equal_to<std::string>,std::allocator<std::pair<const std::string,Engine::CRootSignature *>>>'에서는 'Engine::CRootSignatureMgr'의 클라이언트에서 DLL 인터페이스를 사용하도록 지정해야 함
  (소스 파일 '../private/RootSignatureMgr.cpp'을(를) 컴파일하는 중)
      C:\Program Files\Microsoft Visual Studio\2022\Community\VC\Tools\MSVC\14.44.35207\include\unordered_map(61,7):
      'std::unordered_map<std::string,Engine::CRootSignature *,std::hash<std::string>,std::equal_to<std::string>,std::allocator<std::pair<const std::string,Engine::CRootSignature *>>>' 선언을 참조하십시오.
  
  Shader.cpp
C:\Users\kkth3\OneDrive\문서\GitHub\250531\Client\Engine\public\Engine_Struct.h(21,14): warning C4251: 'Engine::ObjectConstants::World': 'DirectX::XMFLOAT4X4'에서는 'Engine::ObjectConstants'의 클라이언트에서 DLL 인터페이스를 사용하도록 지정해야 함
  (소스 파일 '../private/Shader.cpp'을(를) 컴파일하는 중)
      C:\Program Files (x86)\Windows Kits\10\Include\10.0.28000.0\um\DirectXMath.h(964,12):
      'DirectX::XMFLOAT4X4' 선언을 참조하십시오.
  
C:\Users\kkth3\OneDrive\문서\GitHub\250531\Client\Engine\public\Engine_Struct.h(22,14): warning C4251: 'Engine::ObjectConstants::TexTransform': 'DirectX::XMFLOAT4X4'에서는 'Engine::ObjectConstants'의 클라이언트에서 DLL 인터페이스를 사용하도록 지정해야 함
  (소스 파일 '../private/Shader.cpp'을(를) 컴파일하는 중)
      C:\Program Files (x86)\Windows Kits\10\Include\10.0.28000.0\um\DirectXMath.h(964,12):
      'DirectX::XMFLOAT4X4' 선언을 참조하십시오.
  
C:\Users\kkth3\OneDrive\문서\GitHub\250531\Client\Engine\public\Engine_Struct.h(31,21): warning C4251: 'Engine::Light::Strength': 'DirectX::XMFLOAT3'에서는 'Engine::Light'의 클라이언트에서 DLL 인터페이스를 사용하도록 지정해야 함
  (소스 파일 '../private/Shader.cpp'을(를) 컴파일하는 중)
      C:\Program Files (x86)\Windows Kits\10\Include\10.0.28000.0\um\DirectXMath.h(661,12):
      'DirectX::XMFLOAT3' 선언을 참조하십시오.
  
C:\Users\kkth3\OneDrive\문서\GitHub\250531\Client\Engine\public\Engine_Struct.h(33,21): warning C4251: 'Engine::Light::Direction': 'DirectX::XMFLOAT3'에서는 'Engine::Light'의 클라이언트에서 DLL 인터페이스를 사용하도록 지정해야 함
  (소스 파일 '../private/Shader.cpp'을(를) 컴파일하는 중)
      C:\Program Files (x86)\Windows Kits\10\Include\10.0.28000.0\um\DirectXMath.h(661,12):
      'DirectX::XMFLOAT3' 선언을 참조하십시오.
  
C:\Users\kkth3\OneDrive\문서\GitHub\250531\Client\Engine\public\Engine_Struct.h(35,21): warning C4251: 'Engine::Light::Position': 'DirectX::XMFLOAT3'에서는 'Engine::Light'의 클라이언트에서 DLL 인터페이스를 사용하도록 지정해야 함
  (소스 파일 '../private/Shader.cpp'을(를) 컴파일하는 중)
      C:\Program Files (x86)\Windows Kits\10\Include\10.0.28000.0\um\DirectXMath.h(661,12):
      'DirectX::XMFLOAT3' 선언을 참조하십시오.
  
C:\Users\kkth3\OneDrive\문서\GitHub\250531\Client\Engine\public\Engine_Struct.h(41,23): warning C4251: 'Engine::PassConstants::View': 'DirectX::XMFLOAT4X4'에서는 'Engine::PassConstants'의 클라이언트에서 DLL 인터페이스를 사용하도록 지정해야 함
  (소스 파일 '../private/Shader.cpp'을(를) 컴파일하는 중)
      C:\Program Files (x86)\Windows Kits\10\Include\10.0.28000.0\um\DirectXMath.h(964,12):
      'DirectX::XMFLOAT4X4' 선언을 참조하십시오.
  
C:\Users\kkth3\OneDrive\문서\GitHub\250531\Client\Engine\public\Engine_Struct.h(42,23): warning C4251: 'Engine::PassConstants::InvView': 'DirectX::XMFLOAT4X4'에서는 'Engine::PassConstants'의 클라이언트에서 DLL 인터페이스를 사용하도록 지정해야 함
  (소스 파일 '../private/Shader.cpp'을(를) 컴파일하는 중)
      C:\Program Files (x86)\Windows Kits\10\Include\10.0.28000.0\um\DirectXMath.h(964,12):
      'DirectX::XMFLOAT4X4' 선언을 참조하십시오.
  
C:\Users\kkth3\OneDrive\문서\GitHub\250531\Client\Engine\public\Engine_Struct.h(43,23): warning C4251: 'Engine::PassConstants::Proj': 'DirectX::XMFLOAT4X4'에서는 'Engine::PassConstants'의 클라이언트에서 DLL 인터페이스를 사용하도록 지정해야 함
  (소스 파일 '../private/Shader.cpp'을(를) 컴파일하는 중)
      C:\Program Files (x86)\Windows Kits\10\Include\10.0.28000.0\um\DirectXMath.h(964,12):
      'DirectX::XMFLOAT4X4' 선언을 참조하십시오.
  
C:\Users\kkth3\OneDrive\문서\GitHub\250531\Client\Engine\public\Engine_Struct.h(44,23): warning C4251: 'Engine::PassConstants::InvProj': 'DirectX::XMFLOAT4X4'에서는 'Engine::PassConstants'의 클라이언트에서 DLL 인터페이스를 사용하도록 지정해야 함
  (소스 파일 '../private/Shader.cpp'을(를) 컴파일하는 중)
      C:\Program Files (x86)\Windows Kits\10\Include\10.0.28000.0\um\DirectXMath.h(964,12):
      'DirectX::XMFLOAT4X4' 선언을 참조하십시오.
  
C:\Users\kkth3\OneDrive\문서\GitHub\250531\Client\Engine\public\Engine_Struct.h(45,23): warning C4251: 'Engine::PassConstants::ViewProj': 'DirectX::XMFLOAT4X4'에서는 'Engine::PassConstants'의 클라이언트에서 DLL 인터페이스를 사용하도록 지정해야 함
  (소스 파일 '../private/Shader.cpp'을(를) 컴파일하는 중)
      C:\Program Files (x86)\Windows Kits\10\Include\10.0.28000.0\um\DirectXMath.h(964,12):
      'DirectX::XMFLOAT4X4' 선언을 참조하십시오.
  
C:\Users\kkth3\OneDrive\문서\GitHub\250531\Client\Engine\public\Engine_Struct.h(46,23): warning C4251: 'Engine::PassConstants::InvViewProj': 'DirectX::XMFLOAT4X4'에서는 'Engine::PassConstants'의 클라이언트에서 DLL 인터페이스를 사용하도록 지정해야 함
  (소스 파일 '../private/Shader.cpp'을(를) 컴파일하는 중)
      C:\Program Files (x86)\Windows Kits\10\Include\10.0.28000.0\um\DirectXMath.h(964,12):
      'DirectX::XMFLOAT4X4' 선언을 참조하십시오.
  
C:\Users\kkth3\OneDrive\문서\GitHub\250531\Client\Engine\public\Engine_Struct.h(47,23): warning C4251: 'Engine::PassConstants::ShadowTransform': 'DirectX::XMFLOAT4X4'에서는 'Engine::PassConstants'의 클라이언트에서 DLL 인터페이스를 사용하도록 지정해야 함
  (소스 파일 '../private/Shader.cpp'을(를) 컴파일하는 중)
      C:\Program Files (x86)\Windows Kits\10\Include\10.0.28000.0\um\DirectXMath.h(964,12):
      'DirectX::XMFLOAT4X4' 선언을 참조하십시오.
  
C:\Users\kkth3\OneDrive\문서\GitHub\250531\Client\Engine\public\Engine_Struct.h(48,21): warning C4251: 'Engine::PassConstants::EyePosW': 'DirectX::XMFLOAT3'에서는 'Engine::PassConstants'의 클라이언트에서 DLL 인터페이스를 사용하도록 지정해야 함
  (소스 파일 '../private/Shader.cpp'을(를) 컴파일하는 중)
      C:\Program Files (x86)\Windows Kits\10\Include\10.0.28000.0\um\DirectXMath.h(661,12):
      'DirectX::XMFLOAT3' 선언을 참조하십시오.
  
C:\Users\kkth3\OneDrive\문서\GitHub\250531\Client\Engine\public\Engine_Struct.h(50,21): warning C4251: 'Engine::PassConstants::RenderTargetSize': 'DirectX::XMFLOAT2'에서는 'Engine::PassConstants'의 클라이언트에서 DLL 인터페이스를 사용하도록 지정해야 함
  (소스 파일 '../private/Shader.cpp'을(를) 컴파일하는 중)
      C:\Program Files (x86)\Windows Kits\10\Include\10.0.28000.0\um\DirectXMath.h(584,12):
      'DirectX::XMFLOAT2' 선언을 참조하십시오.
  
C:\Users\kkth3\OneDrive\문서\GitHub\250531\Client\Engine\public\Engine_Struct.h(51,21): warning C4251: 'Engine::PassConstants::InvRenderTargetSize': 'DirectX::XMFLOAT2'에서는 'Engine::PassConstants'의 클라이언트에서 DLL 인터페이스를 사용하도록 지정해야 함
  (소스 파일 '../private/Shader.cpp'을(를) 컴파일하는 중)
      C:\Program Files (x86)\Windows Kits\10\Include\10.0.28000.0\um\DirectXMath.h(584,12):
      'DirectX::XMFLOAT2' 선언을 참조하십시오.
  
C:\Users\kkth3\OneDrive\문서\GitHub\250531\Client\Engine\public\Engine_Struct.h(57,21): warning C4251: 'Engine::PassConstants::AmbientLight': 'DirectX::XMFLOAT4'에서는 'Engine::PassConstants'의 클라이언트에서 DLL 인터페이스를 사용하도록 지정해야 함
  (소스 파일 '../private/Shader.cpp'을(를) 컴파일하는 중)
      C:\Program Files (x86)\Windows Kits\10\Include\10.0.28000.0\um\DirectXMath.h(736,12):
      'DirectX::XMFLOAT4' 선언을 참조하십시오.
  
C:\Users\kkth3\OneDrive\문서\GitHub\250531\Client\Engine\public\Engine_Struct.h(86,21): warning C4251: 'Engine::MaterialConstants::DiffuseAlbedo': 'DirectX::XMFLOAT4'에서는 'Engine::MaterialConstants'의 클라이언트에서 DLL 인터페이스를 사용하도록 지정해야 함
  (소스 파일 '../private/Shader.cpp'을(를) 컴파일하는 중)
      C:\Program Files (x86)\Windows Kits\10\Include\10.0.28000.0\um\DirectXMath.h(736,12):
      'DirectX::XMFLOAT4' 선언을 참조하십시오.
  
C:\Users\kkth3\OneDrive\문서\GitHub\250531\Client\Engine\public\Engine_Struct.h(87,21): warning C4251: 'Engine::MaterialConstants::FresnelR0': 'DirectX::XMFLOAT3'에서는 'Engine::MaterialConstants'의 클라이언트에서 DLL 인터페이스를 사용하도록 지정해야 함
  (소스 파일 '../private/Shader.cpp'을(를) 컴파일하는 중)
      C:\Program Files (x86)\Windows Kits\10\Include\10.0.28000.0\um\DirectXMath.h(661,12):
      'DirectX::XMFLOAT3' 선언을 참조하십시오.
  
C:\Users\kkth3\OneDrive\문서\GitHub\250531\Client\Engine\public\Engine_Struct.h(89,23): warning C4251: 'Engine::MaterialConstants::MatTransform': 'DirectX::XMFLOAT4X4'에서는 'Engine::MaterialConstants'의 클라이언트에서 DLL 인터페이스를 사용하도록 지정해야 함
  (소스 파일 '../private/Shader.cpp'을(를) 컴파일하는 중)
      C:\Program Files (x86)\Windows Kits\10\Include\10.0.28000.0\um\DirectXMath.h(964,12):
      'DirectX::XMFLOAT4X4' 선언을 참조하십시오.
  
C:\Users\kkth3\OneDrive\문서\GitHub\250531\Client\Engine\public\Engine_Struct.h(94,21): warning C4251: 'Engine::MaterialData::DiffuseAlbedo': 'DirectX::XMFLOAT4'에서는 'Engine::MaterialData'의 클라이언트에서 DLL 인터페이스를 사용하도록 지정해야 함
  (소스 파일 '../private/Shader.cpp'을(를) 컴파일하는 중)
      C:\Program Files (x86)\Windows Kits\10\Include\10.0.28000.0\um\DirectXMath.h(736,12):
      'DirectX::XMFLOAT4' 선언을 참조하십시오.
  
C:\Users\kkth3\OneDrive\문서\GitHub\250531\Client\Engine\public\Engine_Struct.h(95,21): warning C4251: 'Engine::MaterialData::FresnelR0': 'DirectX::XMFLOAT3'에서는 'Engine::MaterialData'의 클라이언트에서 DLL 인터페이스를 사용하도록 지정해야 함
  (소스 파일 '../private/Shader.cpp'을(를) 컴파일하는 중)
      C:\Program Files (x86)\Windows Kits\10\Include\10.0.28000.0\um\DirectXMath.h(661,12):
      'DirectX::XMFLOAT3' 선언을 참조하십시오.
  
C:\Users\kkth3\OneDrive\문서\GitHub\250531\Client\Engine\public\Engine_Struct.h(99,23): warning C4251: 'Engine::MaterialData::MatTransform': 'DirectX::XMFLOAT4X4'에서는 'Engine::MaterialData'의 클라이언트에서 DLL 인터페이스를 사용하도록 지정해야 함
  (소스 파일 '../private/Shader.cpp'을(를) 컴파일하는 중)
      C:\Program Files (x86)\Windows Kits\10\Include\10.0.28000.0\um\DirectXMath.h(964,12):
      'DirectX::XMFLOAT4X4' 선언을 참조하십시오.
  
C:\Users\kkth3\OneDrive\문서\GitHub\250531\Client\Engine\public\Engine_Struct.h(113,14): warning C4251: 'Engine::InstanceData::World': 'DirectX::XMFLOAT4X4'에서는 'Engine::InstanceData'의 클라이언트에서 DLL 인터페이스를 사용하도록 지정해야 함
  (소스 파일 '../private/Shader.cpp'을(를) 컴파일하는 중)
      C:\Program Files (x86)\Windows Kits\10\Include\10.0.28000.0\um\DirectXMath.h(964,12):
      'DirectX::XMFLOAT4X4' 선언을 참조하십시오.
  
C:\Users\kkth3\OneDrive\문서\GitHub\250531\Client\Engine\public\Engine_Struct.h(142,13): warning C4251: 'Engine::tagVertex_Position::vPosition': 'DirectX::XMFLOAT3'에서는 'Engine::tagVertex_Position'의 클라이언트에서 DLL 인터페이스를 사용하도록 지정해야 함
  (소스 파일 '../private/Shader.cpp'을(를) 컴파일하는 중)
      C:\Program Files (x86)\Windows Kits\10\Include\10.0.28000.0\um\DirectXMath.h(661,12):
      'DirectX::XMFLOAT3' 선언을 참조하십시오.
  
C:\Users\kkth3\OneDrive\문서\GitHub\250531\Client\Engine\public\Engine_Struct.h(151,13): warning C4251: 'Engine::tagVertex_Position_Normal::vPosition': 'DirectX::XMFLOAT3'에서는 'Engine::tagVertex_Position_Normal'의 클라이언트에서 DLL 인터페이스를 사용하도록 지정해야 함
  (소스 파일 '../private/Shader.cpp'을(를) 컴파일하는 중)
      C:\Program Files (x86)\Windows Kits\10\Include\10.0.28000.0\um\DirectXMath.h(661,12):
      'DirectX::XMFLOAT3' 선언을 참조하십시오.
  
C:\Users\kkth3\OneDrive\문서\GitHub\250531\Client\Engine\public\Engine_Struct.h(152,13): warning C4251: 'Engine::tagVertex_Position_Normal::vNormal': 'DirectX::XMFLOAT3'에서는 'Engine::tagVertex_Position_Normal'의 클라이언트에서 DLL 인터페이스를 사용하도록 지정해야 함
  (소스 파일 '../private/Shader.cpp'을(를) 컴파일하는 중)
      C:\Program Files (x86)\Windows Kits\10\Include\10.0.28000.0\um\DirectXMath.h(661,12):
      'DirectX::XMFLOAT3' 선언을 참조하십시오.
  
C:\Users\kkth3\OneDrive\문서\GitHub\250531\Client\Engine\public\Engine_Struct.h(161,13): warning C4251: 'Engine::tagVertex_Position_Texcoord::vPosition': 'DirectX::XMFLOAT3'에서는 'Engine::tagVertex_Position_Texcoord'의 클라이언트에서 DLL 인터페이스를 사용하도록 지정해야 함
  (소스 파일 '../private/Shader.cpp'을(를) 컴파일하는 중)
      C:\Program Files (x86)\Windows Kits\10\Include\10.0.28000.0\um\DirectXMath.h(661,12):
      'DirectX::XMFLOAT3' 선언을 참조하십시오.
  
C:\Users\kkth3\OneDrive\문서\GitHub\250531\Client\Engine\public\Engine_Struct.h(162,13): warning C4251: 'Engine::tagVertex_Position_Texcoord::vTexcoord': 'DirectX::XMFLOAT2'에서는 'Engine::tagVertex_Position_Texcoord'의 클라이언트에서 DLL 인터페이스를 사용하도록 지정해야 함
  (소스 파일 '../private/Shader.cpp'을(를) 컴파일하는 중)
      C:\Program Files (x86)\Windows Kits\10\Include\10.0.28000.0\um\DirectXMath.h(584,12):
      'DirectX::XMFLOAT2' 선언을 참조하십시오.
  
C:\Users\kkth3\OneDrive\문서\GitHub\250531\Client\Engine\public\Engine_Struct.h(171,13): warning C4251: 'Engine::tagVertex_Position_Normal_Texcoord::vPosition': 'DirectX::XMFLOAT3'에서는 'Engine::tagVertex_Position_Normal_Texcoord'의 클라이언트에서 DLL 인터페이스를 사용하도록 지정해야 함
  (소스 파일 '../private/Shader.cpp'을(를) 컴파일하는 중)
      C:\Program Files (x86)\Windows Kits\10\Include\10.0.28000.0\um\DirectXMath.h(661,12):
      'DirectX::XMFLOAT3' 선언을 참조하십시오.
  
C:\Users\kkth3\OneDrive\문서\GitHub\250531\Client\Engine\public\Engine_Struct.h(172,13): warning C4251: 'Engine::tagVertex_Position_Normal_Texcoord::vNormal': 'DirectX::XMFLOAT3'에서는 'Engine::tagVertex_Position_Normal_Texcoord'의 클라이언트에서 DLL 인터페이스를 사용하도록 지정해야 함
  (소스 파일 '../private/Shader.cpp'을(를) 컴파일하는 중)
      C:\Program Files (x86)\Windows Kits\10\Include\10.0.28000.0\um\DirectXMath.h(661,12):
      'DirectX::XMFLOAT3' 선언을 참조하십시오.
  
C:\Users\kkth3\OneDrive\문서\GitHub\250531\Client\Engine\public\Engine_Struct.h(173,13): warning C4251: 'Engine::tagVertex_Position_Normal_Texcoord::vTexcoord': 'DirectX::XMFLOAT2'에서는 'Engine::tagVertex_Position_Normal_Texcoord'의 클라이언트에서 DLL 인터페이스를 사용하도록 지정해야 함
  (소스 파일 '../private/Shader.cpp'을(를) 컴파일하는 중)
      C:\Program Files (x86)\Windows Kits\10\Include\10.0.28000.0\um\DirectXMath.h(584,12):
      'DirectX::XMFLOAT2' 선언을 참조하십시오.
  
C:\Users\kkth3\OneDrive\문서\GitHub\250531\Client\Engine\public\Engine_Struct.h(182,13): warning C4251: 'Engine::tagVertex_Position_Cube_Texcoord::vPosition': 'DirectX::XMFLOAT3'에서는 'Engine::tagVertex_Position_Cube_Texcoord'의 클라이언트에서 DLL 인터페이스를 사용하도록 지정해야 함
  (소스 파일 '../private/Shader.cpp'을(를) 컴파일하는 중)
      C:\Program Files (x86)\Windows Kits\10\Include\10.0.28000.0\um\DirectXMath.h(661,12):
      'DirectX::XMFLOAT3' 선언을 참조하십시오.
  
C:\Users\kkth3\OneDrive\문서\GitHub\250531\Client\Engine\public\Engine_Struct.h(183,13): warning C4251: 'Engine::tagVertex_Position_Cube_Texcoord::vTexcoord': 'DirectX::XMFLOAT3'에서는 'Engine::tagVertex_Position_Cube_Texcoord'의 클라이언트에서 DLL 인터페이스를 사용하도록 지정해야 함
  (소스 파일 '../private/Shader.cpp'을(를) 컴파일하는 중)
      C:\Program Files (x86)\Windows Kits\10\Include\10.0.28000.0\um\DirectXMath.h(661,12):
      'DirectX::XMFLOAT3' 선언을 참조하십시오.
  
C:\Users\kkth3\OneDrive\문서\GitHub\250531\Client\Engine\public\Engine_Struct.h(192,13): warning C4251: 'Engine::tagVertex_Mesh::vPosition': 'DirectX::XMFLOAT3'에서는 'Engine::tagVertex_Mesh'의 클라이언트에서 DLL 인터페이스를 사용하도록 지정해야 함
  (소스 파일 '../private/Shader.cpp'을(를) 컴파일하는 중)
      C:\Program Files (x86)\Windows Kits\10\Include\10.0.28000.0\um\DirectXMath.h(661,12):
      'DirectX::XMFLOAT3' 선언을 참조하십시오.
  
C:\Users\kkth3\OneDrive\문서\GitHub\250531\Client\Engine\public\Engine_Struct.h(193,13): warning C4251: 'Engine::tagVertex_Mesh::vNormal': 'DirectX::XMFLOAT3'에서는 'Engine::tagVertex_Mesh'의 클라이언트에서 DLL 인터페이스를 사용하도록 지정해야 함
  (소스 파일 '../private/Shader.cpp'을(를) 컴파일하는 중)
      C:\Program Files (x86)\Windows Kits\10\Include\10.0.28000.0\um\DirectXMath.h(661,12):
      'DirectX::XMFLOAT3' 선언을 참조하십시오.
  
C:\Users\kkth3\OneDrive\문서\GitHub\250531\Client\Engine\public\Engine_Struct.h(194,13): warning C4251: 'Engine::tagVertex_Mesh::vTexcoord': 'DirectX::XMFLOAT2'에서는 'Engine::tagVertex_Mesh'의 클라이언트에서 DLL 인터페이스를 사용하도록 지정해야 함
  (소스 파일 '../private/Shader.cpp'을(를) 컴파일하는 중)
      C:\Program Files (x86)\Windows Kits\10\Include\10.0.28000.0\um\DirectXMath.h(584,12):
      'DirectX::XMFLOAT2' 선언을 참조하십시오.
  
C:\Users\kkth3\OneDrive\문서\GitHub\250531\Client\Engine\public\Engine_Struct.h(195,13): warning C4251: 'Engine::tagVertex_Mesh::vTangent': 'DirectX::XMFLOAT3'에서는 'Engine::tagVertex_Mesh'의 클라이언트에서 DLL 인터페이스를 사용하도록 지정해야 함
  (소스 파일 '../private/Shader.cpp'을(를) 컴파일하는 중)
      C:\Program Files (x86)\Windows Kits\10\Include\10.0.28000.0\um\DirectXMath.h(661,12):
      'DirectX::XMFLOAT3' 선언을 참조하십시오.
  
C:\Users\kkth3\OneDrive\문서\GitHub\250531\Client\Engine\public\Engine_Struct.h(204,13): warning C4251: 'Engine::tagVertex_Anim_Mesh::vPosition': 'DirectX::XMFLOAT3'에서는 'Engine::tagVertex_Anim_Mesh'의 클라이언트에서 DLL 인터페이스를 사용하도록 지정해야 함
  (소스 파일 '../private/Shader.cpp'을(를) 컴파일하는 중)
      C:\Program Files (x86)\Windows Kits\10\Include\10.0.28000.0\um\DirectXMath.h(661,12):
      'DirectX::XMFLOAT3' 선언을 참조하십시오.
  
C:\Users\kkth3\OneDrive\문서\GitHub\250531\Client\Engine\public\Engine_Struct.h(205,13): warning C4251: 'Engine::tagVertex_Anim_Mesh::vNormal': 'DirectX::XMFLOAT3'에서는 'Engine::tagVertex_Anim_Mesh'의 클라이언트에서 DLL 인터페이스를 사용하도록 지정해야 함
  (소스 파일 '../private/Shader.cpp'을(를) 컴파일하는 중)
      C:\Program Files (x86)\Windows Kits\10\Include\10.0.28000.0\um\DirectXMath.h(661,12):
      'DirectX::XMFLOAT3' 선언을 참조하십시오.
  
C:\Users\kkth3\OneDrive\문서\GitHub\250531\Client\Engine\public\Engine_Struct.h(206,13): warning C4251: 'Engine::tagVertex_Anim_Mesh::vTexcoord': 'DirectX::XMFLOAT2'에서는 'Engine::tagVertex_Anim_Mesh'의 클라이언트에서 DLL 인터페이스를 사용하도록 지정해야 함
  (소스 파일 '../private/Shader.cpp'을(를) 컴파일하는 중)
      C:\Program Files (x86)\Windows Kits\10\Include\10.0.28000.0\um\DirectXMath.h(584,12):
      'DirectX::XMFLOAT2' 선언을 참조하십시오.
  
C:\Users\kkth3\OneDrive\문서\GitHub\250531\Client\Engine\public\Engine_Struct.h(207,13): warning C4251: 'Engine::tagVertex_Anim_Mesh::vTangent': 'DirectX::XMFLOAT3'에서는 'Engine::tagVertex_Anim_Mesh'의 클라이언트에서 DLL 인터페이스를 사용하도록 지정해야 함
  (소스 파일 '../private/Shader.cpp'을(를) 컴파일하는 중)
      C:\Program Files (x86)\Windows Kits\10\Include\10.0.28000.0\um\DirectXMath.h(661,12):
      'DirectX::XMFLOAT3' 선언을 참조하십시오.
  
C:\Users\kkth3\OneDrive\문서\GitHub\250531\Client\Engine\public\Engine_Struct.h(209,13): warning C4251: 'Engine::tagVertex_Anim_Mesh::vBlendIndices': 'DirectX::XMUINT4'에서는 'Engine::tagVertex_Anim_Mesh'의 클라이언트에서 DLL 인터페이스를 사용하도록 지정해야 함
  (소스 파일 '../private/Shader.cpp'을(를) 컴파일하는 중)
      C:\Program Files (x86)\Windows Kits\10\Include\10.0.28000.0\um\DirectXMath.h(793,12):
      'DirectX::XMUINT4' 선언을 참조하십시오.
  
C:\Users\kkth3\OneDrive\문서\GitHub\250531\Client\Engine\public\Engine_Struct.h(210,13): warning C4251: 'Engine::tagVertex_Anim_Mesh::vBlendWeights': 'DirectX::XMFLOAT4'에서는 'Engine::tagVertex_Anim_Mesh'의 클라이언트에서 DLL 인터페이스를 사용하도록 지정해야 함
  (소스 파일 '../private/Shader.cpp'을(를) 컴파일하는 중)
      C:\Program Files (x86)\Windows Kits\10\Include\10.0.28000.0\um\DirectXMath.h(736,12):
      'DirectX::XMFLOAT4' 선언을 참조하십시오.
  
  Shader_Mgr.cpp
C:\Users\kkth3\OneDrive\문서\GitHub\250531\Client\Engine\public\Engine_Struct.h(21,14): warning C4251: 'Engine::ObjectConstants::World': 'DirectX::XMFLOAT4X4'에서는 'Engine::ObjectConstants'의 클라이언트에서 DLL 인터페이스를 사용하도록 지정해야 함
  (소스 파일 '../private/Shader_Mgr.cpp'을(를) 컴파일하는 중)
      C:\Program Files (x86)\Windows Kits\10\Include\10.0.28000.0\um\DirectXMath.h(964,12):
      'DirectX::XMFLOAT4X4' 선언을 참조하십시오.
  
C:\Users\kkth3\OneDrive\문서\GitHub\250531\Client\Engine\public\Engine_Struct.h(22,14): warning C4251: 'Engine::ObjectConstants::TexTransform': 'DirectX::XMFLOAT4X4'에서는 'Engine::ObjectConstants'의 클라이언트에서 DLL 인터페이스를 사용하도록 지정해야 함
  (소스 파일 '../private/Shader_Mgr.cpp'을(를) 컴파일하는 중)
      C:\Program Files (x86)\Windows Kits\10\Include\10.0.28000.0\um\DirectXMath.h(964,12):
      'DirectX::XMFLOAT4X4' 선언을 참조하십시오.
  
C:\Users\kkth3\OneDrive\문서\GitHub\250531\Client\Engine\public\Engine_Struct.h(31,21): warning C4251: 'Engine::Light::Strength': 'DirectX::XMFLOAT3'에서는 'Engine::Light'의 클라이언트에서 DLL 인터페이스를 사용하도록 지정해야 함
  (소스 파일 '../private/Shader_Mgr.cpp'을(를) 컴파일하는 중)
      C:\Program Files (x86)\Windows Kits\10\Include\10.0.28000.0\um\DirectXMath.h(661,12):
      'DirectX::XMFLOAT3' 선언을 참조하십시오.
  
C:\Users\kkth3\OneDrive\문서\GitHub\250531\Client\Engine\public\Engine_Struct.h(33,21): warning C4251: 'Engine::Light::Direction': 'DirectX::XMFLOAT3'에서는 'Engine::Light'의 클라이언트에서 DLL 인터페이스를 사용하도록 지정해야 함
  (소스 파일 '../private/Shader_Mgr.cpp'을(를) 컴파일하는 중)
      C:\Program Files (x86)\Windows Kits\10\Include\10.0.28000.0\um\DirectXMath.h(661,12):
      'DirectX::XMFLOAT3' 선언을 참조하십시오.
  
C:\Users\kkth3\OneDrive\문서\GitHub\250531\Client\Engine\public\Engine_Struct.h(35,21): warning C4251: 'Engine::Light::Position': 'DirectX::XMFLOAT3'에서는 'Engine::Light'의 클라이언트에서 DLL 인터페이스를 사용하도록 지정해야 함
  (소스 파일 '../private/Shader_Mgr.cpp'을(를) 컴파일하는 중)
      C:\Program Files (x86)\Windows Kits\10\Include\10.0.28000.0\um\DirectXMath.h(661,12):
      'DirectX::XMFLOAT3' 선언을 참조하십시오.
  
C:\Users\kkth3\OneDrive\문서\GitHub\250531\Client\Engine\public\Engine_Struct.h(41,23): warning C4251: 'Engine::PassConstants::View': 'DirectX::XMFLOAT4X4'에서는 'Engine::PassConstants'의 클라이언트에서 DLL 인터페이스를 사용하도록 지정해야 함
  (소스 파일 '../private/Shader_Mgr.cpp'을(를) 컴파일하는 중)
      C:\Program Files (x86)\Windows Kits\10\Include\10.0.28000.0\um\DirectXMath.h(964,12):
      'DirectX::XMFLOAT4X4' 선언을 참조하십시오.
  
C:\Users\kkth3\OneDrive\문서\GitHub\250531\Client\Engine\public\Engine_Struct.h(42,23): warning C4251: 'Engine::PassConstants::InvView': 'DirectX::XMFLOAT4X4'에서는 'Engine::PassConstants'의 클라이언트에서 DLL 인터페이스를 사용하도록 지정해야 함
  (소스 파일 '../private/Shader_Mgr.cpp'을(를) 컴파일하는 중)
      C:\Program Files (x86)\Windows Kits\10\Include\10.0.28000.0\um\DirectXMath.h(964,12):
      'DirectX::XMFLOAT4X4' 선언을 참조하십시오.
  
C:\Users\kkth3\OneDrive\문서\GitHub\250531\Client\Engine\public\Engine_Struct.h(43,23): warning C4251: 'Engine::PassConstants::Proj': 'DirectX::XMFLOAT4X4'에서는 'Engine::PassConstants'의 클라이언트에서 DLL 인터페이스를 사용하도록 지정해야 함
  (소스 파일 '../private/Shader_Mgr.cpp'을(를) 컴파일하는 중)
      C:\Program Files (x86)\Windows Kits\10\Include\10.0.28000.0\um\DirectXMath.h(964,12):
      'DirectX::XMFLOAT4X4' 선언을 참조하십시오.
  
C:\Users\kkth3\OneDrive\문서\GitHub\250531\Client\Engine\public\Engine_Struct.h(44,23): warning C4251: 'Engine::PassConstants::InvProj': 'DirectX::XMFLOAT4X4'에서는 'Engine::PassConstants'의 클라이언트에서 DLL 인터페이스를 사용하도록 지정해야 함
  (소스 파일 '../private/Shader_Mgr.cpp'을(를) 컴파일하는 중)
      C:\Program Files (x86)\Windows Kits\10\Include\10.0.28000.0\um\DirectXMath.h(964,12):
      'DirectX::XMFLOAT4X4' 선언을 참조하십시오.
  
C:\Users\kkth3\OneDrive\문서\GitHub\250531\Client\Engine\public\Engine_Struct.h(45,23): warning C4251: 'Engine::PassConstants::ViewProj': 'DirectX::XMFLOAT4X4'에서는 'Engine::PassConstants'의 클라이언트에서 DLL 인터페이스를 사용하도록 지정해야 함
  (소스 파일 '../private/Shader_Mgr.cpp'을(를) 컴파일하는 중)
      C:\Program Files (x86)\Windows Kits\10\Include\10.0.28000.0\um\DirectXMath.h(964,12):
      'DirectX::XMFLOAT4X4' 선언을 참조하십시오.
  
C:\Users\kkth3\OneDrive\문서\GitHub\250531\Client\Engine\public\Engine_Struct.h(46,23): warning C4251: 'Engine::PassConstants::InvViewProj': 'DirectX::XMFLOAT4X4'에서는 'Engine::PassConstants'의 클라이언트에서 DLL 인터페이스를 사용하도록 지정해야 함
  (소스 파일 '../private/Shader_Mgr.cpp'을(를) 컴파일하는 중)
      C:\Program Files (x86)\Windows Kits\10\Include\10.0.28000.0\um\DirectXMath.h(964,12):
      'DirectX::XMFLOAT4X4' 선언을 참조하십시오.
  
C:\Users\kkth3\OneDrive\문서\GitHub\250531\Client\Engine\public\Engine_Struct.h(47,23): warning C4251: 'Engine::PassConstants::ShadowTransform': 'DirectX::XMFLOAT4X4'에서는 'Engine::PassConstants'의 클라이언트에서 DLL 인터페이스를 사용하도록 지정해야 함
  (소스 파일 '../private/Shader_Mgr.cpp'을(를) 컴파일하는 중)
      C:\Program Files (x86)\Windows Kits\10\Include\10.0.28000.0\um\DirectXMath.h(964,12):
      'DirectX::XMFLOAT4X4' 선언을 참조하십시오.
  
C:\Users\kkth3\OneDrive\문서\GitHub\250531\Client\Engine\public\Engine_Struct.h(48,21): warning C4251: 'Engine::PassConstants::EyePosW': 'DirectX::XMFLOAT3'에서는 'Engine::PassConstants'의 클라이언트에서 DLL 인터페이스를 사용하도록 지정해야 함
  (소스 파일 '../private/Shader_Mgr.cpp'을(를) 컴파일하는 중)
      C:\Program Files (x86)\Windows Kits\10\Include\10.0.28000.0\um\DirectXMath.h(661,12):
      'DirectX::XMFLOAT3' 선언을 참조하십시오.
  
C:\Users\kkth3\OneDrive\문서\GitHub\250531\Client\Engine\public\Engine_Struct.h(50,21): warning C4251: 'Engine::PassConstants::RenderTargetSize': 'DirectX::XMFLOAT2'에서는 'Engine::PassConstants'의 클라이언트에서 DLL 인터페이스를 사용하도록 지정해야 함
  (소스 파일 '../private/Shader_Mgr.cpp'을(를) 컴파일하는 중)
      C:\Program Files (x86)\Windows Kits\10\Include\10.0.28000.0\um\DirectXMath.h(584,12):
      'DirectX::XMFLOAT2' 선언을 참조하십시오.
  
C:\Users\kkth3\OneDrive\문서\GitHub\250531\Client\Engine\public\Engine_Struct.h(51,21): warning C4251: 'Engine::PassConstants::InvRenderTargetSize': 'DirectX::XMFLOAT2'에서는 'Engine::PassConstants'의 클라이언트에서 DLL 인터페이스를 사용하도록 지정해야 함
  (소스 파일 '../private/Shader_Mgr.cpp'을(를) 컴파일하는 중)
      C:\Program Files (x86)\Windows Kits\10\Include\10.0.28000.0\um\DirectXMath.h(584,12):
      'DirectX::XMFLOAT2' 선언을 참조하십시오.
  
C:\Users\kkth3\OneDrive\문서\GitHub\250531\Client\Engine\public\Engine_Struct.h(57,21): warning C4251: 'Engine::PassConstants::AmbientLight': 'DirectX::XMFLOAT4'에서는 'Engine::PassConstants'의 클라이언트에서 DLL 인터페이스를 사용하도록 지정해야 함
  (소스 파일 '../private/Shader_Mgr.cpp'을(를) 컴파일하는 중)
      C:\Program Files (x86)\Windows Kits\10\Include\10.0.28000.0\um\DirectXMath.h(736,12):
      'DirectX::XMFLOAT4' 선언을 참조하십시오.
  
C:\Users\kkth3\OneDrive\문서\GitHub\250531\Client\Engine\public\Engine_Struct.h(86,21): warning C4251: 'Engine::MaterialConstants::DiffuseAlbedo': 'DirectX::XMFLOAT4'에서는 'Engine::MaterialConstants'의 클라이언트에서 DLL 인터페이스를 사용하도록 지정해야 함
  (소스 파일 '../private/Shader_Mgr.cpp'을(를) 컴파일하는 중)
      C:\Program Files (x86)\Windows Kits\10\Include\10.0.28000.0\um\DirectXMath.h(736,12):
      'DirectX::XMFLOAT4' 선언을 참조하십시오.
  
C:\Users\kkth3\OneDrive\문서\GitHub\250531\Client\Engine\public\Engine_Struct.h(87,21): warning C4251: 'Engine::MaterialConstants::FresnelR0': 'DirectX::XMFLOAT3'에서는 'Engine::MaterialConstants'의 클라이언트에서 DLL 인터페이스를 사용하도록 지정해야 함
  (소스 파일 '../private/Shader_Mgr.cpp'을(를) 컴파일하는 중)
      C:\Program Files (x86)\Windows Kits\10\Include\10.0.28000.0\um\DirectXMath.h(661,12):
      'DirectX::XMFLOAT3' 선언을 참조하십시오.
  
C:\Users\kkth3\OneDrive\문서\GitHub\250531\Client\Engine\public\Engine_Struct.h(89,23): warning C4251: 'Engine::MaterialConstants::MatTransform': 'DirectX::XMFLOAT4X4'에서는 'Engine::MaterialConstants'의 클라이언트에서 DLL 인터페이스를 사용하도록 지정해야 함
  (소스 파일 '../private/Shader_Mgr.cpp'을(를) 컴파일하는 중)
      C:\Program Files (x86)\Windows Kits\10\Include\10.0.28000.0\um\DirectXMath.h(964,12):
      'DirectX::XMFLOAT4X4' 선언을 참조하십시오.
  
C:\Users\kkth3\OneDrive\문서\GitHub\250531\Client\Engine\public\Engine_Struct.h(94,21): warning C4251: 'Engine::MaterialData::DiffuseAlbedo': 'DirectX::XMFLOAT4'에서는 'Engine::MaterialData'의 클라이언트에서 DLL 인터페이스를 사용하도록 지정해야 함
  (소스 파일 '../private/Shader_Mgr.cpp'을(를) 컴파일하는 중)
      C:\Program Files (x86)\Windows Kits\10\Include\10.0.28000.0\um\DirectXMath.h(736,12):
      'DirectX::XMFLOAT4' 선언을 참조하십시오.
  
C:\Users\kkth3\OneDrive\문서\GitHub\250531\Client\Engine\public\Engine_Struct.h(95,21): warning C4251: 'Engine::MaterialData::FresnelR0': 'DirectX::XMFLOAT3'에서는 'Engine::MaterialData'의 클라이언트에서 DLL 인터페이스를 사용하도록 지정해야 함
  (소스 파일 '../private/Shader_Mgr.cpp'을(를) 컴파일하는 중)
      C:\Program Files (x86)\Windows Kits\10\Include\10.0.28000.0\um\DirectXMath.h(661,12):
      'DirectX::XMFLOAT3' 선언을 참조하십시오.
  
C:\Users\kkth3\OneDrive\문서\GitHub\250531\Client\Engine\public\Engine_Struct.h(99,23): warning C4251: 'Engine::MaterialData::MatTransform': 'DirectX::XMFLOAT4X4'에서는 'Engine::MaterialData'의 클라이언트에서 DLL 인터페이스를 사용하도록 지정해야 함
  (소스 파일 '../private/Shader_Mgr.cpp'을(를) 컴파일하는 중)
      C:\Program Files (x86)\Windows Kits\10\Include\10.0.28000.0\um\DirectXMath.h(964,12):
      'DirectX::XMFLOAT4X4' 선언을 참조하십시오.
  
C:\Users\kkth3\OneDrive\문서\GitHub\250531\Client\Engine\public\Engine_Struct.h(113,14): warning C4251: 'Engine::InstanceData::World': 'DirectX::XMFLOAT4X4'에서는 'Engine::InstanceData'의 클라이언트에서 DLL 인터페이스를 사용하도록 지정해야 함
  (소스 파일 '../private/Shader_Mgr.cpp'을(를) 컴파일하는 중)
      C:\Program Files (x86)\Windows Kits\10\Include\10.0.28000.0\um\DirectXMath.h(964,12):
      'DirectX::XMFLOAT4X4' 선언을 참조하십시오.
  
C:\Users\kkth3\OneDrive\문서\GitHub\250531\Client\Engine\public\Engine_Struct.h(142,13): warning C4251: 'Engine::tagVertex_Position::vPosition': 'DirectX::XMFLOAT3'에서는 'Engine::tagVertex_Position'의 클라이언트에서 DLL 인터페이스를 사용하도록 지정해야 함
  (소스 파일 '../private/Shader_Mgr.cpp'을(를) 컴파일하는 중)
      C:\Program Files (x86)\Windows Kits\10\Include\10.0.28000.0\um\DirectXMath.h(661,12):
      'DirectX::XMFLOAT3' 선언을 참조하십시오.
  
C:\Users\kkth3\OneDrive\문서\GitHub\250531\Client\Engine\public\Engine_Struct.h(151,13): warning C4251: 'Engine::tagVertex_Position_Normal::vPosition': 'DirectX::XMFLOAT3'에서는 'Engine::tagVertex_Position_Normal'의 클라이언트에서 DLL 인터페이스를 사용하도록 지정해야 함
  (소스 파일 '../private/Shader_Mgr.cpp'을(를) 컴파일하는 중)
      C:\Program Files (x86)\Windows Kits\10\Include\10.0.28000.0\um\DirectXMath.h(661,12):
      'DirectX::XMFLOAT3' 선언을 참조하십시오.
  
C:\Users\kkth3\OneDrive\문서\GitHub\250531\Client\Engine\public\Engine_Struct.h(152,13): warning C4251: 'Engine::tagVertex_Position_Normal::vNormal': 'DirectX::XMFLOAT3'에서는 'Engine::tagVertex_Position_Normal'의 클라이언트에서 DLL 인터페이스를 사용하도록 지정해야 함
  (소스 파일 '../private/Shader_Mgr.cpp'을(를) 컴파일하는 중)
      C:\Program Files (x86)\Windows Kits\10\Include\10.0.28000.0\um\DirectXMath.h(661,12):
      'DirectX::XMFLOAT3' 선언을 참조하십시오.
  
C:\Users\kkth3\OneDrive\문서\GitHub\250531\Client\Engine\public\Engine_Struct.h(161,13): warning C4251: 'Engine::tagVertex_Position_Texcoord::vPosition': 'DirectX::XMFLOAT3'에서는 'Engine::tagVertex_Position_Texcoord'의 클라이언트에서 DLL 인터페이스를 사용하도록 지정해야 함
  (소스 파일 '../private/Shader_Mgr.cpp'을(를) 컴파일하는 중)
      C:\Program Files (x86)\Windows Kits\10\Include\10.0.28000.0\um\DirectXMath.h(661,12):
      'DirectX::XMFLOAT3' 선언을 참조하십시오.
  
C:\Users\kkth3\OneDrive\문서\GitHub\250531\Client\Engine\public\Engine_Struct.h(162,13): warning C4251: 'Engine::tagVertex_Position_Texcoord::vTexcoord': 'DirectX::XMFLOAT2'에서는 'Engine::tagVertex_Position_Texcoord'의 클라이언트에서 DLL 인터페이스를 사용하도록 지정해야 함
  (소스 파일 '../private/Shader_Mgr.cpp'을(를) 컴파일하는 중)
      C:\Program Files (x86)\Windows Kits\10\Include\10.0.28000.0\um\DirectXMath.h(584,12):
      'DirectX::XMFLOAT2' 선언을 참조하십시오.
  
C:\Users\kkth3\OneDrive\문서\GitHub\250531\Client\Engine\public\Engine_Struct.h(171,13): warning C4251: 'Engine::tagVertex_Position_Normal_Texcoord::vPosition': 'DirectX::XMFLOAT3'에서는 'Engine::tagVertex_Position_Normal_Texcoord'의 클라이언트에서 DLL 인터페이스를 사용하도록 지정해야 함
  (소스 파일 '../private/Shader_Mgr.cpp'을(를) 컴파일하는 중)
      C:\Program Files (x86)\Windows Kits\10\Include\10.0.28000.0\um\DirectXMath.h(661,12):
      'DirectX::XMFLOAT3' 선언을 참조하십시오.
  
C:\Users\kkth3\OneDrive\문서\GitHub\250531\Client\Engine\public\Engine_Struct.h(172,13): warning C4251: 'Engine::tagVertex_Position_Normal_Texcoord::vNormal': 'DirectX::XMFLOAT3'에서는 'Engine::tagVertex_Position_Normal_Texcoord'의 클라이언트에서 DLL 인터페이스를 사용하도록 지정해야 함
  (소스 파일 '../private/Shader_Mgr.cpp'을(를) 컴파일하는 중)
      C:\Program Files (x86)\Windows Kits\10\Include\10.0.28000.0\um\DirectXMath.h(661,12):
      'DirectX::XMFLOAT3' 선언을 참조하십시오.
  
C:\Users\kkth3\OneDrive\문서\GitHub\250531\Client\Engine\public\Engine_Struct.h(173,13): warning C4251: 'Engine::tagVertex_Position_Normal_Texcoord::vTexcoord': 'DirectX::XMFLOAT2'에서는 'Engine::tagVertex_Position_Normal_Texcoord'의 클라이언트에서 DLL 인터페이스를 사용하도록 지정해야 함
  (소스 파일 '../private/Shader_Mgr.cpp'을(를) 컴파일하는 중)
      C:\Program Files (x86)\Windows Kits\10\Include\10.0.28000.0\um\DirectXMath.h(584,12):
      'DirectX::XMFLOAT2' 선언을 참조하십시오.
  
C:\Users\kkth3\OneDrive\문서\GitHub\250531\Client\Engine\public\Engine_Struct.h(182,13): warning C4251: 'Engine::tagVertex_Position_Cube_Texcoord::vPosition': 'DirectX::XMFLOAT3'에서는 'Engine::tagVertex_Position_Cube_Texcoord'의 클라이언트에서 DLL 인터페이스를 사용하도록 지정해야 함
  (소스 파일 '../private/Shader_Mgr.cpp'을(를) 컴파일하는 중)
      C:\Program Files (x86)\Windows Kits\10\Include\10.0.28000.0\um\DirectXMath.h(661,12):
      'DirectX::XMFLOAT3' 선언을 참조하십시오.
  
C:\Users\kkth3\OneDrive\문서\GitHub\250531\Client\Engine\public\Engine_Struct.h(183,13): warning C4251: 'Engine::tagVertex_Position_Cube_Texcoord::vTexcoord': 'DirectX::XMFLOAT3'에서는 'Engine::tagVertex_Position_Cube_Texcoord'의 클라이언트에서 DLL 인터페이스를 사용하도록 지정해야 함
  (소스 파일 '../private/Shader_Mgr.cpp'을(를) 컴파일하는 중)
      C:\Program Files (x86)\Windows Kits\10\Include\10.0.28000.0\um\DirectXMath.h(661,12):
      'DirectX::XMFLOAT3' 선언을 참조하십시오.
  
C:\Users\kkth3\OneDrive\문서\GitHub\250531\Client\Engine\public\Engine_Struct.h(192,13): warning C4251: 'Engine::tagVertex_Mesh::vPosition': 'DirectX::XMFLOAT3'에서는 'Engine::tagVertex_Mesh'의 클라이언트에서 DLL 인터페이스를 사용하도록 지정해야 함
  (소스 파일 '../private/Shader_Mgr.cpp'을(를) 컴파일하는 중)
      C:\Program Files (x86)\Windows Kits\10\Include\10.0.28000.0\um\DirectXMath.h(661,12):
      'DirectX::XMFLOAT3' 선언을 참조하십시오.
  
C:\Users\kkth3\OneDrive\문서\GitHub\250531\Client\Engine\public\Engine_Struct.h(193,13): warning C4251: 'Engine::tagVertex_Mesh::vNormal': 'DirectX::XMFLOAT3'에서는 'Engine::tagVertex_Mesh'의 클라이언트에서 DLL 인터페이스를 사용하도록 지정해야 함
  (소스 파일 '../private/Shader_Mgr.cpp'을(를) 컴파일하는 중)
      C:\Program Files (x86)\Windows Kits\10\Include\10.0.28000.0\um\DirectXMath.h(661,12):
      'DirectX::XMFLOAT3' 선언을 참조하십시오.
  
C:\Users\kkth3\OneDrive\문서\GitHub\250531\Client\Engine\public\Engine_Struct.h(194,13): warning C4251: 'Engine::tagVertex_Mesh::vTexcoord': 'DirectX::XMFLOAT2'에서는 'Engine::tagVertex_Mesh'의 클라이언트에서 DLL 인터페이스를 사용하도록 지정해야 함
  (소스 파일 '../private/Shader_Mgr.cpp'을(를) 컴파일하는 중)
      C:\Program Files (x86)\Windows Kits\10\Include\10.0.28000.0\um\DirectXMath.h(584,12):
      'DirectX::XMFLOAT2' 선언을 참조하십시오.
  
C:\Users\kkth3\OneDrive\문서\GitHub\250531\Client\Engine\public\Engine_Struct.h(195,13): warning C4251: 'Engine::tagVertex_Mesh::vTangent': 'DirectX::XMFLOAT3'에서는 'Engine::tagVertex_Mesh'의 클라이언트에서 DLL 인터페이스를 사용하도록 지정해야 함
  (소스 파일 '../private/Shader_Mgr.cpp'을(를) 컴파일하는 중)
      C:\Program Files (x86)\Windows Kits\10\Include\10.0.28000.0\um\DirectXMath.h(661,12):
      'DirectX::XMFLOAT3' 선언을 참조하십시오.
  
C:\Users\kkth3\OneDrive\문서\GitHub\250531\Client\Engine\public\Engine_Struct.h(204,13): warning C4251: 'Engine::tagVertex_Anim_Mesh::vPosition': 'DirectX::XMFLOAT3'에서는 'Engine::tagVertex_Anim_Mesh'의 클라이언트에서 DLL 인터페이스를 사용하도록 지정해야 함
  (소스 파일 '../private/Shader_Mgr.cpp'을(를) 컴파일하는 중)
      C:\Program Files (x86)\Windows Kits\10\Include\10.0.28000.0\um\DirectXMath.h(661,12):
      'DirectX::XMFLOAT3' 선언을 참조하십시오.
  
C:\Users\kkth3\OneDrive\문서\GitHub\250531\Client\Engine\public\Engine_Struct.h(205,13): warning C4251: 'Engine::tagVertex_Anim_Mesh::vNormal': 'DirectX::XMFLOAT3'에서는 'Engine::tagVertex_Anim_Mesh'의 클라이언트에서 DLL 인터페이스를 사용하도록 지정해야 함
  (소스 파일 '../private/Shader_Mgr.cpp'을(를) 컴파일하는 중)
      C:\Program Files (x86)\Windows Kits\10\Include\10.0.28000.0\um\DirectXMath.h(661,12):
      'DirectX::XMFLOAT3' 선언을 참조하십시오.
  
C:\Users\kkth3\OneDrive\문서\GitHub\250531\Client\Engine\public\Engine_Struct.h(206,13): warning C4251: 'Engine::tagVertex_Anim_Mesh::vTexcoord': 'DirectX::XMFLOAT2'에서는 'Engine::tagVertex_Anim_Mesh'의 클라이언트에서 DLL 인터페이스를 사용하도록 지정해야 함
  (소스 파일 '../private/Shader_Mgr.cpp'을(를) 컴파일하는 중)
      C:\Program Files (x86)\Windows Kits\10\Include\10.0.28000.0\um\DirectXMath.h(584,12):
      'DirectX::XMFLOAT2' 선언을 참조하십시오.
  
C:\Users\kkth3\OneDrive\문서\GitHub\250531\Client\Engine\public\Engine_Struct.h(207,13): warning C4251: 'Engine::tagVertex_Anim_Mesh::vTangent': 'DirectX::XMFLOAT3'에서는 'Engine::tagVertex_Anim_Mesh'의 클라이언트에서 DLL 인터페이스를 사용하도록 지정해야 함
  (소스 파일 '../private/Shader_Mgr.cpp'을(를) 컴파일하는 중)
      C:\Program Files (x86)\Windows Kits\10\Include\10.0.28000.0\um\DirectXMath.h(661,12):
      'DirectX::XMFLOAT3' 선언을 참조하십시오.
  
C:\Users\kkth3\OneDrive\문서\GitHub\250531\Client\Engine\public\Engine_Struct.h(209,13): warning C4251: 'Engine::tagVertex_Anim_Mesh::vBlendIndices': 'DirectX::XMUINT4'에서는 'Engine::tagVertex_Anim_Mesh'의 클라이언트에서 DLL 인터페이스를 사용하도록 지정해야 함
  (소스 파일 '../private/Shader_Mgr.cpp'을(를) 컴파일하는 중)
      C:\Program Files (x86)\Windows Kits\10\Include\10.0.28000.0\um\DirectXMath.h(793,12):
      'DirectX::XMUINT4' 선언을 참조하십시오.
  
C:\Users\kkth3\OneDrive\문서\GitHub\250531\Client\Engine\public\Engine_Struct.h(210,13): warning C4251: 'Engine::tagVertex_Anim_Mesh::vBlendWeights': 'DirectX::XMFLOAT4'에서는 'Engine::tagVertex_Anim_Mesh'의 클라이언트에서 DLL 인터페이스를 사용하도록 지정해야 함
  (소스 파일 '../private/Shader_Mgr.cpp'을(를) 컴파일하는 중)
      C:\Program Files (x86)\Windows Kits\10\Include\10.0.28000.0\um\DirectXMath.h(736,12):
      'DirectX::XMFLOAT4' 선언을 참조하십시오.
  
  ShadowMap.cpp
C:\Users\kkth3\OneDrive\문서\GitHub\250531\Client\Engine\public\Engine_Struct.h(21,14): warning C4251: 'Engine::ObjectConstants::World': 'DirectX::XMFLOAT4X4'에서는 'Engine::ObjectConstants'의 클라이언트에서 DLL 인터페이스를 사용하도록 지정해야 함
  (소스 파일 '../private/ShadowMap.cpp'을(를) 컴파일하는 중)
      C:\Program Files (x86)\Windows Kits\10\Include\10.0.28000.0\um\DirectXMath.h(964,12):
      'DirectX::XMFLOAT4X4' 선언을 참조하십시오.
  
C:\Users\kkth3\OneDrive\문서\GitHub\250531\Client\Engine\public\Engine_Struct.h(22,14): warning C4251: 'Engine::ObjectConstants::TexTransform': 'DirectX::XMFLOAT4X4'에서는 'Engine::ObjectConstants'의 클라이언트에서 DLL 인터페이스를 사용하도록 지정해야 함
  (소스 파일 '../private/ShadowMap.cpp'을(를) 컴파일하는 중)
      C:\Program Files (x86)\Windows Kits\10\Include\10.0.28000.0\um\DirectXMath.h(964,12):
      'DirectX::XMFLOAT4X4' 선언을 참조하십시오.
  
C:\Users\kkth3\OneDrive\문서\GitHub\250531\Client\Engine\public\Engine_Struct.h(31,21): warning C4251: 'Engine::Light::Strength': 'DirectX::XMFLOAT3'에서는 'Engine::Light'의 클라이언트에서 DLL 인터페이스를 사용하도록 지정해야 함
  (소스 파일 '../private/ShadowMap.cpp'을(를) 컴파일하는 중)
      C:\Program Files (x86)\Windows Kits\10\Include\10.0.28000.0\um\DirectXMath.h(661,12):
      'DirectX::XMFLOAT3' 선언을 참조하십시오.
  
C:\Users\kkth3\OneDrive\문서\GitHub\250531\Client\Engine\public\Engine_Struct.h(33,21): warning C4251: 'Engine::Light::Direction': 'DirectX::XMFLOAT3'에서는 'Engine::Light'의 클라이언트에서 DLL 인터페이스를 사용하도록 지정해야 함
  (소스 파일 '../private/ShadowMap.cpp'을(를) 컴파일하는 중)
      C:\Program Files (x86)\Windows Kits\10\Include\10.0.28000.0\um\DirectXMath.h(661,12):
      'DirectX::XMFLOAT3' 선언을 참조하십시오.
  
C:\Users\kkth3\OneDrive\문서\GitHub\250531\Client\Engine\public\Engine_Struct.h(35,21): warning C4251: 'Engine::Light::Position': 'DirectX::XMFLOAT3'에서는 'Engine::Light'의 클라이언트에서 DLL 인터페이스를 사용하도록 지정해야 함
  (소스 파일 '../private/ShadowMap.cpp'을(를) 컴파일하는 중)
      C:\Program Files (x86)\Windows Kits\10\Include\10.0.28000.0\um\DirectXMath.h(661,12):
      'DirectX::XMFLOAT3' 선언을 참조하십시오.
  
C:\Users\kkth3\OneDrive\문서\GitHub\250531\Client\Engine\public\Engine_Struct.h(41,23): warning C4251: 'Engine::PassConstants::View': 'DirectX::XMFLOAT4X4'에서는 'Engine::PassConstants'의 클라이언트에서 DLL 인터페이스를 사용하도록 지정해야 함
  (소스 파일 '../private/ShadowMap.cpp'을(를) 컴파일하는 중)
      C:\Program Files (x86)\Windows Kits\10\Include\10.0.28000.0\um\DirectXMath.h(964,12):
      'DirectX::XMFLOAT4X4' 선언을 참조하십시오.
  
C:\Users\kkth3\OneDrive\문서\GitHub\250531\Client\Engine\public\Engine_Struct.h(42,23): warning C4251: 'Engine::PassConstants::InvView': 'DirectX::XMFLOAT4X4'에서는 'Engine::PassConstants'의 클라이언트에서 DLL 인터페이스를 사용하도록 지정해야 함
  (소스 파일 '../private/ShadowMap.cpp'을(를) 컴파일하는 중)
      C:\Program Files (x86)\Windows Kits\10\Include\10.0.28000.0\um\DirectXMath.h(964,12):
      'DirectX::XMFLOAT4X4' 선언을 참조하십시오.
  
C:\Users\kkth3\OneDrive\문서\GitHub\250531\Client\Engine\public\Engine_Struct.h(43,23): warning C4251: 'Engine::PassConstants::Proj': 'DirectX::XMFLOAT4X4'에서는 'Engine::PassConstants'의 클라이언트에서 DLL 인터페이스를 사용하도록 지정해야 함
  (소스 파일 '../private/ShadowMap.cpp'을(를) 컴파일하는 중)
      C:\Program Files (x86)\Windows Kits\10\Include\10.0.28000.0\um\DirectXMath.h(964,12):
      'DirectX::XMFLOAT4X4' 선언을 참조하십시오.
  
C:\Users\kkth3\OneDrive\문서\GitHub\250531\Client\Engine\public\Engine_Struct.h(44,23): warning C4251: 'Engine::PassConstants::InvProj': 'DirectX::XMFLOAT4X4'에서는 'Engine::PassConstants'의 클라이언트에서 DLL 인터페이스를 사용하도록 지정해야 함
  (소스 파일 '../private/ShadowMap.cpp'을(를) 컴파일하는 중)
      C:\Program Files (x86)\Windows Kits\10\Include\10.0.28000.0\um\DirectXMath.h(964,12):
      'DirectX::XMFLOAT4X4' 선언을 참조하십시오.
  
C:\Users\kkth3\OneDrive\문서\GitHub\250531\Client\Engine\public\Engine_Struct.h(45,23): warning C4251: 'Engine::PassConstants::ViewProj': 'DirectX::XMFLOAT4X4'에서는 'Engine::PassConstants'의 클라이언트에서 DLL 인터페이스를 사용하도록 지정해야 함
  (소스 파일 '../private/ShadowMap.cpp'을(를) 컴파일하는 중)
      C:\Program Files (x86)\Windows Kits\10\Include\10.0.28000.0\um\DirectXMath.h(964,12):
      'DirectX::XMFLOAT4X4' 선언을 참조하십시오.
  
C:\Users\kkth3\OneDrive\문서\GitHub\250531\Client\Engine\public\Engine_Struct.h(46,23): warning C4251: 'Engine::PassConstants::InvViewProj': 'DirectX::XMFLOAT4X4'에서는 'Engine::PassConstants'의 클라이언트에서 DLL 인터페이스를 사용하도록 지정해야 함
  (소스 파일 '../private/ShadowMap.cpp'을(를) 컴파일하는 중)
      C:\Program Files (x86)\Windows Kits\10\Include\10.0.28000.0\um\DirectXMath.h(964,12):
      'DirectX::XMFLOAT4X4' 선언을 참조하십시오.
  
C:\Users\kkth3\OneDrive\문서\GitHub\250531\Client\Engine\public\Engine_Struct.h(47,23): warning C4251: 'Engine::PassConstants::ShadowTransform': 'DirectX::XMFLOAT4X4'에서는 'Engine::PassConstants'의 클라이언트에서 DLL 인터페이스를 사용하도록 지정해야 함
  (소스 파일 '../private/ShadowMap.cpp'을(를) 컴파일하는 중)
      C:\Program Files (x86)\Windows Kits\10\Include\10.0.28000.0\um\DirectXMath.h(964,12):
      'DirectX::XMFLOAT4X4' 선언을 참조하십시오.
  
C:\Users\kkth3\OneDrive\문서\GitHub\250531\Client\Engine\public\Engine_Struct.h(48,21): warning C4251: 'Engine::PassConstants::EyePosW': 'DirectX::XMFLOAT3'에서는 'Engine::PassConstants'의 클라이언트에서 DLL 인터페이스를 사용하도록 지정해야 함
  (소스 파일 '../private/ShadowMap.cpp'을(를) 컴파일하는 중)
      C:\Program Files (x86)\Windows Kits\10\Include\10.0.28000.0\um\DirectXMath.h(661,12):
      'DirectX::XMFLOAT3' 선언을 참조하십시오.
  
C:\Users\kkth3\OneDrive\문서\GitHub\250531\Client\Engine\public\Engine_Struct.h(50,21): warning C4251: 'Engine::PassConstants::RenderTargetSize': 'DirectX::XMFLOAT2'에서는 'Engine::PassConstants'의 클라이언트에서 DLL 인터페이스를 사용하도록 지정해야 함
  (소스 파일 '../private/ShadowMap.cpp'을(를) 컴파일하는 중)
      C:\Program Files (x86)\Windows Kits\10\Include\10.0.28000.0\um\DirectXMath.h(584,12):
      'DirectX::XMFLOAT2' 선언을 참조하십시오.
  
C:\Users\kkth3\OneDrive\문서\GitHub\250531\Client\Engine\public\Engine_Struct.h(51,21): warning C4251: 'Engine::PassConstants::InvRenderTargetSize': 'DirectX::XMFLOAT2'에서는 'Engine::PassConstants'의 클라이언트에서 DLL 인터페이스를 사용하도록 지정해야 함
  (소스 파일 '../private/ShadowMap.cpp'을(를) 컴파일하는 중)
      C:\Program Files (x86)\Windows Kits\10\Include\10.0.28000.0\um\DirectXMath.h(584,12):
      'DirectX::XMFLOAT2' 선언을 참조하십시오.
  
C:\Users\kkth3\OneDrive\문서\GitHub\250531\Client\Engine\public\Engine_Struct.h(57,21): warning C4251: 'Engine::PassConstants::AmbientLight': 'DirectX::XMFLOAT4'에서는 'Engine::PassConstants'의 클라이언트에서 DLL 인터페이스를 사용하도록 지정해야 함
  (소스 파일 '../private/ShadowMap.cpp'을(를) 컴파일하는 중)
      C:\Program Files (x86)\Windows Kits\10\Include\10.0.28000.0\um\DirectXMath.h(736,12):
      'DirectX::XMFLOAT4' 선언을 참조하십시오.
  
C:\Users\kkth3\OneDrive\문서\GitHub\250531\Client\Engine\public\Engine_Struct.h(86,21): warning C4251: 'Engine::MaterialConstants::DiffuseAlbedo': 'DirectX::XMFLOAT4'에서는 'Engine::MaterialConstants'의 클라이언트에서 DLL 인터페이스를 사용하도록 지정해야 함
  (소스 파일 '../private/ShadowMap.cpp'을(를) 컴파일하는 중)
      C:\Program Files (x86)\Windows Kits\10\Include\10.0.28000.0\um\DirectXMath.h(736,12):
      'DirectX::XMFLOAT4' 선언을 참조하십시오.
  
C:\Users\kkth3\OneDrive\문서\GitHub\250531\Client\Engine\public\Engine_Struct.h(87,21): warning C4251: 'Engine::MaterialConstants::FresnelR0': 'DirectX::XMFLOAT3'에서는 'Engine::MaterialConstants'의 클라이언트에서 DLL 인터페이스를 사용하도록 지정해야 함
  (소스 파일 '../private/ShadowMap.cpp'을(를) 컴파일하는 중)
      C:\Program Files (x86)\Windows Kits\10\Include\10.0.28000.0\um\DirectXMath.h(661,12):
      'DirectX::XMFLOAT3' 선언을 참조하십시오.
  
C:\Users\kkth3\OneDrive\문서\GitHub\250531\Client\Engine\public\Engine_Struct.h(89,23): warning C4251: 'Engine::MaterialConstants::MatTransform': 'DirectX::XMFLOAT4X4'에서는 'Engine::MaterialConstants'의 클라이언트에서 DLL 인터페이스를 사용하도록 지정해야 함
  (소스 파일 '../private/ShadowMap.cpp'을(를) 컴파일하는 중)
      C:\Program Files (x86)\Windows Kits\10\Include\10.0.28000.0\um\DirectXMath.h(964,12):
      'DirectX::XMFLOAT4X4' 선언을 참조하십시오.
  
C:\Users\kkth3\OneDrive\문서\GitHub\250531\Client\Engine\public\Engine_Struct.h(94,21): warning C4251: 'Engine::MaterialData::DiffuseAlbedo': 'DirectX::XMFLOAT4'에서는 'Engine::MaterialData'의 클라이언트에서 DLL 인터페이스를 사용하도록 지정해야 함
  (소스 파일 '../private/ShadowMap.cpp'을(를) 컴파일하는 중)
      C:\Program Files (x86)\Windows Kits\10\Include\10.0.28000.0\um\DirectXMath.h(736,12):
      'DirectX::XMFLOAT4' 선언을 참조하십시오.
  
C:\Users\kkth3\OneDrive\문서\GitHub\250531\Client\Engine\public\Engine_Struct.h(95,21): warning C4251: 'Engine::MaterialData::FresnelR0': 'DirectX::XMFLOAT3'에서는 'Engine::MaterialData'의 클라이언트에서 DLL 인터페이스를 사용하도록 지정해야 함
  (소스 파일 '../private/ShadowMap.cpp'을(를) 컴파일하는 중)
      C:\Program Files (x86)\Windows Kits\10\Include\10.0.28000.0\um\DirectXMath.h(661,12):
      'DirectX::XMFLOAT3' 선언을 참조하십시오.
  
C:\Users\kkth3\OneDrive\문서\GitHub\250531\Client\Engine\public\Engine_Struct.h(99,23): warning C4251: 'Engine::MaterialData::MatTransform': 'DirectX::XMFLOAT4X4'에서는 'Engine::MaterialData'의 클라이언트에서 DLL 인터페이스를 사용하도록 지정해야 함
  (소스 파일 '../private/ShadowMap.cpp'을(를) 컴파일하는 중)
      C:\Program Files (x86)\Windows Kits\10\Include\10.0.28000.0\um\DirectXMath.h(964,12):
      'DirectX::XMFLOAT4X4' 선언을 참조하십시오.
  
C:\Users\kkth3\OneDrive\문서\GitHub\250531\Client\Engine\public\Engine_Struct.h(113,14): warning C4251: 'Engine::InstanceData::World': 'DirectX::XMFLOAT4X4'에서는 'Engine::InstanceData'의 클라이언트에서 DLL 인터페이스를 사용하도록 지정해야 함
  (소스 파일 '../private/ShadowMap.cpp'을(를) 컴파일하는 중)
      C:\Program Files (x86)\Windows Kits\10\Include\10.0.28000.0\um\DirectXMath.h(964,12):
      'DirectX::XMFLOAT4X4' 선언을 참조하십시오.
  
C:\Users\kkth3\OneDrive\문서\GitHub\250531\Client\Engine\public\Engine_Struct.h(142,13): warning C4251: 'Engine::tagVertex_Position::vPosition': 'DirectX::XMFLOAT3'에서는 'Engine::tagVertex_Position'의 클라이언트에서 DLL 인터페이스를 사용하도록 지정해야 함
  (소스 파일 '../private/ShadowMap.cpp'을(를) 컴파일하는 중)
      C:\Program Files (x86)\Windows Kits\10\Include\10.0.28000.0\um\DirectXMath.h(661,12):
      'DirectX::XMFLOAT3' 선언을 참조하십시오.
  
C:\Users\kkth3\OneDrive\문서\GitHub\250531\Client\Engine\public\Engine_Struct.h(151,13): warning C4251: 'Engine::tagVertex_Position_Normal::vPosition': 'DirectX::XMFLOAT3'에서는 'Engine::tagVertex_Position_Normal'의 클라이언트에서 DLL 인터페이스를 사용하도록 지정해야 함
  (소스 파일 '../private/ShadowMap.cpp'을(를) 컴파일하는 중)
      C:\Program Files (x86)\Windows Kits\10\Include\10.0.28000.0\um\DirectXMath.h(661,12):
      'DirectX::XMFLOAT3' 선언을 참조하십시오.
  
C:\Users\kkth3\OneDrive\문서\GitHub\250531\Client\Engine\public\Engine_Struct.h(152,13): warning C4251: 'Engine::tagVertex_Position_Normal::vNormal': 'DirectX::XMFLOAT3'에서는 'Engine::tagVertex_Position_Normal'의 클라이언트에서 DLL 인터페이스를 사용하도록 지정해야 함
  (소스 파일 '../private/ShadowMap.cpp'을(를) 컴파일하는 중)
      C:\Program Files (x86)\Windows Kits\10\Include\10.0.28000.0\um\DirectXMath.h(661,12):
      'DirectX::XMFLOAT3' 선언을 참조하십시오.
  
C:\Users\kkth3\OneDrive\문서\GitHub\250531\Client\Engine\public\Engine_Struct.h(161,13): warning C4251: 'Engine::tagVertex_Position_Texcoord::vPosition': 'DirectX::XMFLOAT3'에서는 'Engine::tagVertex_Position_Texcoord'의 클라이언트에서 DLL 인터페이스를 사용하도록 지정해야 함
  (소스 파일 '../private/ShadowMap.cpp'을(를) 컴파일하는 중)
      C:\Program Files (x86)\Windows Kits\10\Include\10.0.28000.0\um\DirectXMath.h(661,12):
      'DirectX::XMFLOAT3' 선언을 참조하십시오.
  
C:\Users\kkth3\OneDrive\문서\GitHub\250531\Client\Engine\public\Engine_Struct.h(162,13): warning C4251: 'Engine::tagVertex_Position_Texcoord::vTexcoord': 'DirectX::XMFLOAT2'에서는 'Engine::tagVertex_Position_Texcoord'의 클라이언트에서 DLL 인터페이스를 사용하도록 지정해야 함
  (소스 파일 '../private/ShadowMap.cpp'을(를) 컴파일하는 중)
      C:\Program Files (x86)\Windows Kits\10\Include\10.0.28000.0\um\DirectXMath.h(584,12):
      'DirectX::XMFLOAT2' 선언을 참조하십시오.
  
C:\Users\kkth3\OneDrive\문서\GitHub\250531\Client\Engine\public\Engine_Struct.h(171,13): warning C4251: 'Engine::tagVertex_Position_Normal_Texcoord::vPosition': 'DirectX::XMFLOAT3'에서는 'Engine::tagVertex_Position_Normal_Texcoord'의 클라이언트에서 DLL 인터페이스를 사용하도록 지정해야 함
  (소스 파일 '../private/ShadowMap.cpp'을(를) 컴파일하는 중)
      C:\Program Files (x86)\Windows Kits\10\Include\10.0.28000.0\um\DirectXMath.h(661,12):
      'DirectX::XMFLOAT3' 선언을 참조하십시오.
  
C:\Users\kkth3\OneDrive\문서\GitHub\250531\Client\Engine\public\Engine_Struct.h(172,13): warning C4251: 'Engine::tagVertex_Position_Normal_Texcoord::vNormal': 'DirectX::XMFLOAT3'에서는 'Engine::tagVertex_Position_Normal_Texcoord'의 클라이언트에서 DLL 인터페이스를 사용하도록 지정해야 함
  (소스 파일 '../private/ShadowMap.cpp'을(를) 컴파일하는 중)
      C:\Program Files (x86)\Windows Kits\10\Include\10.0.28000.0\um\DirectXMath.h(661,12):
      'DirectX::XMFLOAT3' 선언을 참조하십시오.
  
C:\Users\kkth3\OneDrive\문서\GitHub\250531\Client\Engine\public\Engine_Struct.h(173,13): warning C4251: 'Engine::tagVertex_Position_Normal_Texcoord::vTexcoord': 'DirectX::XMFLOAT2'에서는 'Engine::tagVertex_Position_Normal_Texcoord'의 클라이언트에서 DLL 인터페이스를 사용하도록 지정해야 함
  (소스 파일 '../private/ShadowMap.cpp'을(를) 컴파일하는 중)
      C:\Program Files (x86)\Windows Kits\10\Include\10.0.28000.0\um\DirectXMath.h(584,12):
      'DirectX::XMFLOAT2' 선언을 참조하십시오.
  
C:\Users\kkth3\OneDrive\문서\GitHub\250531\Client\Engine\public\Engine_Struct.h(182,13): warning C4251: 'Engine::tagVertex_Position_Cube_Texcoord::vPosition': 'DirectX::XMFLOAT3'에서는 'Engine::tagVertex_Position_Cube_Texcoord'의 클라이언트에서 DLL 인터페이스를 사용하도록 지정해야 함
  (소스 파일 '../private/ShadowMap.cpp'을(를) 컴파일하는 중)
      C:\Program Files (x86)\Windows Kits\10\Include\10.0.28000.0\um\DirectXMath.h(661,12):
      'DirectX::XMFLOAT3' 선언을 참조하십시오.
  
C:\Users\kkth3\OneDrive\문서\GitHub\250531\Client\Engine\public\Engine_Struct.h(183,13): warning C4251: 'Engine::tagVertex_Position_Cube_Texcoord::vTexcoord': 'DirectX::XMFLOAT3'에서는 'Engine::tagVertex_Position_Cube_Texcoord'의 클라이언트에서 DLL 인터페이스를 사용하도록 지정해야 함
  (소스 파일 '../private/ShadowMap.cpp'을(를) 컴파일하는 중)
      C:\Program Files (x86)\Windows Kits\10\Include\10.0.28000.0\um\DirectXMath.h(661,12):
      'DirectX::XMFLOAT3' 선언을 참조하십시오.
  
C:\Users\kkth3\OneDrive\문서\GitHub\250531\Client\Engine\public\Engine_Struct.h(192,13): warning C4251: 'Engine::tagVertex_Mesh::vPosition': 'DirectX::XMFLOAT3'에서는 'Engine::tagVertex_Mesh'의 클라이언트에서 DLL 인터페이스를 사용하도록 지정해야 함
  (소스 파일 '../private/ShadowMap.cpp'을(를) 컴파일하는 중)
      C:\Program Files (x86)\Windows Kits\10\Include\10.0.28000.0\um\DirectXMath.h(661,12):
      'DirectX::XMFLOAT3' 선언을 참조하십시오.
  
C:\Users\kkth3\OneDrive\문서\GitHub\250531\Client\Engine\public\Engine_Struct.h(193,13): warning C4251: 'Engine::tagVertex_Mesh::vNormal': 'DirectX::XMFLOAT3'에서는 'Engine::tagVertex_Mesh'의 클라이언트에서 DLL 인터페이스를 사용하도록 지정해야 함
  (소스 파일 '../private/ShadowMap.cpp'을(를) 컴파일하는 중)
      C:\Program Files (x86)\Windows Kits\10\Include\10.0.28000.0\um\DirectXMath.h(661,12):
      'DirectX::XMFLOAT3' 선언을 참조하십시오.
  
C:\Users\kkth3\OneDrive\문서\GitHub\250531\Client\Engine\public\Engine_Struct.h(194,13): warning C4251: 'Engine::tagVertex_Mesh::vTexcoord': 'DirectX::XMFLOAT2'에서는 'Engine::tagVertex_Mesh'의 클라이언트에서 DLL 인터페이스를 사용하도록 지정해야 함
  (소스 파일 '../private/ShadowMap.cpp'을(를) 컴파일하는 중)
      C:\Program Files (x86)\Windows Kits\10\Include\10.0.28000.0\um\DirectXMath.h(584,12):
      'DirectX::XMFLOAT2' 선언을 참조하십시오.
  
C:\Users\kkth3\OneDrive\문서\GitHub\250531\Client\Engine\public\Engine_Struct.h(195,13): warning C4251: 'Engine::tagVertex_Mesh::vTangent': 'DirectX::XMFLOAT3'에서는 'Engine::tagVertex_Mesh'의 클라이언트에서 DLL 인터페이스를 사용하도록 지정해야 함
  (소스 파일 '../private/ShadowMap.cpp'을(를) 컴파일하는 중)
      C:\Program Files (x86)\Windows Kits\10\Include\10.0.28000.0\um\DirectXMath.h(661,12):
      'DirectX::XMFLOAT3' 선언을 참조하십시오.
  
C:\Users\kkth3\OneDrive\문서\GitHub\250531\Client\Engine\public\Engine_Struct.h(204,13): warning C4251: 'Engine::tagVertex_Anim_Mesh::vPosition': 'DirectX::XMFLOAT3'에서는 'Engine::tagVertex_Anim_Mesh'의 클라이언트에서 DLL 인터페이스를 사용하도록 지정해야 함
  (소스 파일 '../private/ShadowMap.cpp'을(를) 컴파일하는 중)
      C:\Program Files (x86)\Windows Kits\10\Include\10.0.28000.0\um\DirectXMath.h(661,12):
      'DirectX::XMFLOAT3' 선언을 참조하십시오.
  
C:\Users\kkth3\OneDrive\문서\GitHub\250531\Client\Engine\public\Engine_Struct.h(205,13): warning C4251: 'Engine::tagVertex_Anim_Mesh::vNormal': 'DirectX::XMFLOAT3'에서는 'Engine::tagVertex_Anim_Mesh'의 클라이언트에서 DLL 인터페이스를 사용하도록 지정해야 함
  (소스 파일 '../private/ShadowMap.cpp'을(를) 컴파일하는 중)
      C:\Program Files (x86)\Windows Kits\10\Include\10.0.28000.0\um\DirectXMath.h(661,12):
      'DirectX::XMFLOAT3' 선언을 참조하십시오.
  
C:\Users\kkth3\OneDrive\문서\GitHub\250531\Client\Engine\public\Engine_Struct.h(206,13): warning C4251: 'Engine::tagVertex_Anim_Mesh::vTexcoord': 'DirectX::XMFLOAT2'에서는 'Engine::tagVertex_Anim_Mesh'의 클라이언트에서 DLL 인터페이스를 사용하도록 지정해야 함
  (소스 파일 '../private/ShadowMap.cpp'을(를) 컴파일하는 중)
      C:\Program Files (x86)\Windows Kits\10\Include\10.0.28000.0\um\DirectXMath.h(584,12):
      'DirectX::XMFLOAT2' 선언을 참조하십시오.
  
C:\Users\kkth3\OneDrive\문서\GitHub\250531\Client\Engine\public\Engine_Struct.h(207,13): warning C4251: 'Engine::tagVertex_Anim_Mesh::vTangent': 'DirectX::XMFLOAT3'에서는 'Engine::tagVertex_Anim_Mesh'의 클라이언트에서 DLL 인터페이스를 사용하도록 지정해야 함
  (소스 파일 '../private/ShadowMap.cpp'을(를) 컴파일하는 중)
      C:\Program Files (x86)\Windows Kits\10\Include\10.0.28000.0\um\DirectXMath.h(661,12):
      'DirectX::XMFLOAT3' 선언을 참조하십시오.
  
C:\Users\kkth3\OneDrive\문서\GitHub\250531\Client\Engine\public\Engine_Struct.h(209,13): warning C4251: 'Engine::tagVertex_Anim_Mesh::vBlendIndices': 'DirectX::XMUINT4'에서는 'Engine::tagVertex_Anim_Mesh'의 클라이언트에서 DLL 인터페이스를 사용하도록 지정해야 함
  (소스 파일 '../private/ShadowMap.cpp'을(를) 컴파일하는 중)
      C:\Program Files (x86)\Windows Kits\10\Include\10.0.28000.0\um\DirectXMath.h(793,12):
      'DirectX::XMUINT4' 선언을 참조하십시오.
  
C:\Users\kkth3\OneDrive\문서\GitHub\250531\Client\Engine\public\Engine_Struct.h(210,13): warning C4251: 'Engine::tagVertex_Anim_Mesh::vBlendWeights': 'DirectX::XMFLOAT4'에서는 'Engine::tagVertex_Anim_Mesh'의 클라이언트에서 DLL 인터페이스를 사용하도록 지정해야 함
  (소스 파일 '../private/ShadowMap.cpp'을(를) 컴파일하는 중)
      C:\Program Files (x86)\Windows Kits\10\Include\10.0.28000.0\um\DirectXMath.h(736,12):
      'DirectX::XMFLOAT4' 선언을 참조하십시오.
  
C:\Users\kkth3\OneDrive\문서\GitHub\250531\Client\Engine\public\Transform.h(106,13): warning C4251: 'Engine::CTransform::m_WorldMatrix': 'DirectX::XMFLOAT4X4'에서는 'Engine::CTransform'의 클라이언트에서 DLL 인터페이스를 사용하도록 지정해야 함
  (소스 파일 '../private/ShadowMap.cpp'을(를) 컴파일하는 중)
      C:\Program Files (x86)\Windows Kits\10\Include\10.0.28000.0\um\DirectXMath.h(964,12):
      'DirectX::XMFLOAT4X4' 선언을 참조하십시오.
  
C:\Users\kkth3\OneDrive\문서\GitHub\250531\Client\Engine\public\GameObject.h(39,43): warning C4251: 'Engine::CGameObject::m_Components': 'std::unordered_map<std::string,Engine::CComponent *,std::hash<std::string>,std::equal_to<std::string>,std::allocator<std::pair<const std::string,Engine::CComponent *>>>'에서는 'Engine::CGameObject'의 클라이언트에서 DLL 인터페이스를 사용하도록 지정해야 함
  (소스 파일 '../private/ShadowMap.cpp'을(를) 컴파일하는 중)
      C:\Program Files\Microsoft Visual Studio\2022\Community\VC\Tools\MSVC\14.44.35207\include\unordered_map(61,7):
      'std::unordered_map<std::string,Engine::CComponent *,std::hash<std::string>,std::equal_to<std::string>,std::allocator<std::pair<const std::string,Engine::CComponent *>>>' 선언을 참조하십시오.
  
C:\Users\kkth3\OneDrive\문서\GitHub\250531\Client\Engine\public\Renderer.h(34,25): warning C4251: 'Engine::CRenderer::m_vRenderObjects': 'std::vector<Engine::CRenderObject *,std::allocator<Engine::CRenderObject *>>'에서는 'Engine::CRenderer'의 클라이언트에서 DLL 인터페이스를 사용하도록 지정해야 함
  (소스 파일 '../private/ShadowMap.cpp'을(를) 컴파일하는 중)
      C:\Program Files\Microsoft Visual Studio\2022\Community\VC\Tools\MSVC\14.44.35207\include\vector(442,7):
      'std::vector<Engine::CRenderObject *,std::allocator<Engine::CRenderObject *>>' 선언을 참조하십시오.
  
C:\Users\kkth3\OneDrive\문서\GitHub\250531\Client\Engine\public\VIBuffer_Geos.h(24,50): warning C4251: 'Engine::CVIBuffer_Geos::m_SubMeshInfos': 'std::unordered_map<Engine::CVIBuffer_Geos::BASIC_SUBMESHES,SubmeshGeometry,std::hash<Engine::CVIBuffer_Geos::BASIC_SUBMESHES>,std::equal_to<Engine::CVIBuffer_Geos::BASIC_SUBMESHES>,std::allocator<std::pair<const Engine::CVIBuffer_Geos::BASIC_SUBMESHES,SubmeshGeometry>>>'에서는 'Engine::CVIBuffer_Geos'의 클라이언트에서 DLL 인터페이스를 사용하도록 지정해야 함
  (소스 파일 '../private/ShadowMap.cpp'을(를) 컴파일하는 중)
      C:\Program Files\Microsoft Visual Studio\2022\Community\VC\Tools\MSVC\14.44.35207\include\unordered_map(61,7):
      'std::unordered_map<Engine::CVIBuffer_Geos::BASIC_SUBMESHES,SubmeshGeometry,std::hash<Engine::CVIBuffer_Geos::BASIC_SUBMESHES>,std::equal_to<Engine::CVIBuffer_Geos::BASIC_SUBMESHES>,std::allocator<std::pair<const Engine::CVIBuffer_Geos::BASIC_SUBMESHES,SubmeshGeometry>>>' 선언을 참조하십시오.
  
C:\Users\kkth3\OneDrive\문서\GitHub\250531\Client\Engine\public\Model.h(62,16): warning C4251: 'Engine::CModel::m_PivotMatrix': 'DirectX::XMFLOAT4X4'에서는 'Engine::CModel'의 클라이언트에서 DLL 인터페이스를 사용하도록 지정해야 함
  (소스 파일 '../private/ShadowMap.cpp'을(를) 컴파일하는 중)
      C:\Program Files (x86)\Windows Kits\10\Include\10.0.28000.0\um\DirectXMath.h(964,12):
      'DirectX::XMFLOAT4X4' 선언을 참조하십시오.
  
C:\Users\kkth3\OneDrive\문서\GitHub\250531\Client\Engine\public\Model.h(66,26): warning C4251: 'Engine::CModel::m_Meshes': 'std::vector<Engine::CMesh *,std::allocator<Engine::CMesh *>>'에서는 'Engine::CModel'의 클라이언트에서 DLL 인터페이스를 사용하도록 지정해야 함
  (소스 파일 '../private/ShadowMap.cpp'을(를) 컴파일하는 중)
      C:\Program Files\Microsoft Visual Studio\2022\Community\VC\Tools\MSVC\14.44.35207\include\vector(442,7):
      'std::vector<Engine::CMesh *,std::allocator<Engine::CMesh *>>' 선언을 참조하십시오.
  
C:\Users\kkth3\OneDrive\문서\GitHub\250531\Client\Engine\public\Model.h(68,26): warning C4251: 'Engine::CModel::m_Bones': 'std::vector<Engine::CBone *,std::allocator<Engine::CBone *>>'에서는 'Engine::CModel'의 클라이언트에서 DLL 인터페이스를 사용하도록 지정해야 함
  (소스 파일 '../private/ShadowMap.cpp'을(를) 컴파일하는 중)
      C:\Program Files\Microsoft Visual Studio\2022\Community\VC\Tools\MSVC\14.44.35207\include\vector(442,7):
      'std::vector<Engine::CBone *,std::allocator<Engine::CBone *>>' 선언을 참조하십시오.
  
C:\Users\kkth3\OneDrive\문서\GitHub\250531\Client\Engine\public\VIBuffer_Terrain.h(72,41): warning C4251: 'Engine::CVIBuffer_Terrain::m_pHeightMap': 'std::shared_ptr<std::vector<float,std::allocator<float>>>'에서는 'Engine::CVIBuffer_Terrain'의 클라이언트에서 DLL 인터페이스를 사용하도록 지정해야 함
  (소스 파일 '../private/ShadowMap.cpp'을(를) 컴파일하는 중)
      C:\Program Files\Microsoft Visual Studio\2022\Community\VC\Tools\MSVC\14.44.35207\include\memory(1565,7):
      'std::shared_ptr<std::vector<float,std::allocator<float>>>' 선언을 참조하십시오.
  
C:\Users\kkth3\OneDrive\문서\GitHub\250531\Client\Engine\public\VIBuffer_Terrain.h(74,33): warning C4251: 'Engine::CVIBuffer_Terrain::m_Chunks': 'std::vector<Engine::CVIBuffer_Terrain::TERRAINCHUNK,std::allocator<Engine::CVIBuffer_Terrain::TERRAINCHUNK>>'에서는 'Engine::CVIBuffer_Terrain'의 클라이언트에서 DLL 인터페이스를 사용하도록 지정해야 함
  (소스 파일 '../private/ShadowMap.cpp'을(를) 컴파일하는 중)
      C:\Program Files\Microsoft Visual Studio\2022\Community\VC\Tools\MSVC\14.44.35207\include\vector(442,7):
      'std::vector<Engine::CVIBuffer_Terrain::TERRAINCHUNK,std::allocator<Engine::CVIBuffer_Terrain::TERRAINCHUNK>>' 선언을 참조하십시오.
  
C:\Users\kkth3\OneDrive\문서\GitHub\250531\Client\Engine\public\VIBuffer_Terrain.h(87,33): warning C4251: 'Engine::CVIBuffer_Terrain::m_ChunkLODs': 'std::vector<GeometryGenerator::uint32,std::allocator<GeometryGenerator::uint32>>'에서는 'Engine::CVIBuffer_Terrain'의 클라이언트에서 DLL 인터페이스를 사용하도록 지정해야 함
  (소스 파일 '../private/ShadowMap.cpp'을(를) 컴파일하는 중)
      C:\Program Files\Microsoft Visual Studio\2022\Community\VC\Tools\MSVC\14.44.35207\include\vector(442,7):
      'std::vector<GeometryGenerator::uint32,std::allocator<GeometryGenerator::uint32>>' 선언을 참조하십시오.
  
C:\Users\kkth3\OneDrive\문서\GitHub\250531\Client\Engine\public\VIBuffer_Terrain.h(89,33): warning C4251: 'Engine::CVIBuffer_Terrain::m_FrustumPlanes': 'DirectX::XMFLOAT4'에서는 'Engine::CVIBuffer_Terrain'의 클라이언트에서 DLL 인터페이스를 사용하도록 지정해야 함
  (소스 파일 '../private/ShadowMap.cpp'을(를) 컴파일하는 중)
      C:\Program Files (x86)\Windows Kits\10\Include\10.0.28000.0\um\DirectXMath.h(736,12):
      'DirectX::XMFLOAT4' 선언을 참조하십시오.
  
C:\Users\kkth3\OneDrive\문서\GitHub\250531\Client\Engine\public\CBBinding.h(26,54): warning C4244: '=': 'Engine::_uint'에서 'float'(으)로 변환하면서 데이터가 손실될 수 있습니다.
  (소스 파일 '../private/ShadowMap.cpp'을(를) 컴파일하는 중)
  
C:\Users\kkth3\OneDrive\문서\GitHub\250531\Client\Engine\public\MeshModel.h(33,35): warning C4251: 'Engine::CMeshModel::m_Meshes': 'std::vector<Engine::CVIBuffer_Mesh *,std::allocator<Engine::CVIBuffer_Mesh *>>'에서는 'Engine::CMeshModel'의 클라이언트에서 DLL 인터페이스를 사용하도록 지정해야 함
  (소스 파일 '../private/ShadowMap.cpp'을(를) 컴파일하는 중)
      C:\Program Files\Microsoft Visual Studio\2022\Community\VC\Tools\MSVC\14.44.35207\include\vector(442,7):
      'std::vector<Engine::CVIBuffer_Mesh *,std::allocator<Engine::CVIBuffer_Mesh *>>' 선언을 참조하십시오.
  
C:\Users\kkth3\OneDrive\문서\GitHub\250531\Client\Engine\public\RootSignatureMgr.h(29,54): warning C4251: 'Engine::CRootSignatureMgr::mRootSignatures': 'std::unordered_map<std::string,Engine::CRootSignature *,std::hash<std::string>,std::equal_to<std::string>,std::allocator<std::pair<const std::string,Engine::CRootSignature *>>>'에서는 'Engine::CRootSignatureMgr'의 클라이언트에서 DLL 인터페이스를 사용하도록 지정해야 함
  (소스 파일 '../private/ShadowMap.cpp'을(를) 컴파일하는 중)
      C:\Program Files\Microsoft Visual Studio\2022\Community\VC\Tools\MSVC\14.44.35207\include\unordered_map(61,7):
      'std::unordered_map<std::string,Engine::CRootSignature *,std::hash<std::string>,std::equal_to<std::string>,std::allocator<std::pair<const std::string,Engine::CRootSignature *>>>' 선언을 참조하십시오.
  
C:\Users\kkth3\OneDrive\문서\GitHub\250531\Client\Engine\public\ObjectMgr.h(53,34): warning C4251: 'Engine::CObjectMgr::m_Layers': 'std::unordered_map<std::string,Engine::CObjectMgr::Layer,std::hash<std::string>,std::equal_to<std::string>,std::allocator<std::pair<const std::string,Engine::CObjectMgr::Layer>>>'에서는 'Engine::CObjectMgr'의 클라이언트에서 DLL 인터페이스를 사용하도록 지정해야 함
  (소스 파일 '../private/ShadowMap.cpp'을(를) 컴파일하는 중)
      C:\Program Files\Microsoft Visual Studio\2022\Community\VC\Tools\MSVC\14.44.35207\include\unordered_map(61,7):
      'std::unordered_map<std::string,Engine::CObjectMgr::Layer,std::hash<std::string>,std::equal_to<std::string>,std::allocator<std::pair<const std::string,Engine::CObjectMgr::Layer>>>' 선언을 참조하십시오.
  
C:\Users\kkth3\OneDrive\문서\GitHub\250531\Client\Engine\public\ObjectMgr.h(54,41): warning C4251: 'Engine::CObjectMgr::m_Prototypes': 'std::unordered_map<std::string,Engine::CGameObject *,std::hash<std::string>,std::equal_to<std::string>,std::allocator<std::pair<const std::string,Engine::CGameObject *>>>'에서는 'Engine::CObjectMgr'의 클라이언트에서 DLL 인터페이스를 사용하도록 지정해야 함
  (소스 파일 '../private/ShadowMap.cpp'을(를) 컴파일하는 중)
      C:\Program Files\Microsoft Visual Studio\2022\Community\VC\Tools\MSVC\14.44.35207\include\unordered_map(61,7):
      'std::unordered_map<std::string,Engine::CGameObject *,std::hash<std::string>,std::equal_to<std::string>,std::allocator<std::pair<const std::string,Engine::CGameObject *>>>' 선언을 참조하십시오.
  
C:\Users\kkth3\OneDrive\문서\GitHub\250531\Client\Engine\public\TextureMgr.h(74,32): warning C4251: 'Engine::CTextureMgr::hDescriptor': 'CD3DX12_CPU_DESCRIPTOR_HANDLE'에서는 'Engine::CTextureMgr'의 클라이언트에서 DLL 인터페이스를 사용하도록 지정해야 함
  (소스 파일 '../private/ShadowMap.cpp'을(를) 컴파일하는 중)
      C:\Users\kkth3\OneDrive\문서\GitHub\250531\Client\Engine\public\d3dx12.h(1471,8):
      'CD3DX12_CPU_DESCRIPTOR_HANDLE' 선언을 참조하십시오.
  
C:\Users\kkth3\OneDrive\문서\GitHub\250531\Client\Engine\public\TextureMgr.h(78,34): warning C4251: 'Engine::CTextureMgr::m_Textures': 'std::vector<std::pair<std::string,Engine::CTexture *>,std::allocator<std::pair<std::string,Engine::CTexture *>>>'에서는 'Engine::CTextureMgr'의 클라이언트에서 DLL 인터페이스를 사용하도록 지정해야 함
  (소스 파일 '../private/ShadowMap.cpp'을(를) 컴파일하는 중)
      C:\Program Files\Microsoft Visual Studio\2022\Community\VC\Tools\MSVC\14.44.35207\include\vector(442,7):
      'std::vector<std::pair<std::string,Engine::CTexture *>,std::allocator<std::pair<std::string,Engine::CTexture *>>>' 선언을 참조하십시오.
  
C:\Users\kkth3\OneDrive\문서\GitHub\250531\Client\Engine\public\GameInstance.h(143,12): warning C4251: 'Engine::CGameInstance::m_CameraViewProj': 'DirectX::XMFLOAT4X4'에서는 'Engine::CGameInstance'의 클라이언트에서 DLL 인터페이스를 사용하도록 지정해야 함
  (소스 파일 '../private/ShadowMap.cpp'을(를) 컴파일하는 중)
      C:\Program Files (x86)\Windows Kits\10\Include\10.0.28000.0\um\DirectXMath.h(964,12):
      'DirectX::XMFLOAT4X4' 선언을 참조하십시오.
  
C:\Users\kkth3\OneDrive\문서\GitHub\250531\Client\Engine\public\GameInstance.h(144,12): warning C4251: 'Engine::CGameInstance::m_ShadowViewProj': 'DirectX::XMFLOAT4X4'에서는 'Engine::CGameInstance'의 클라이언트에서 DLL 인터페이스를 사용하도록 지정해야 함
  (소스 파일 '../private/ShadowMap.cpp'을(를) 컴파일하는 중)
      C:\Program Files (x86)\Windows Kits\10\Include\10.0.28000.0\um\DirectXMath.h(964,12):
      'DirectX::XMFLOAT4X4' 선언을 참조하십시오.
  
C:\Users\kkth3\OneDrive\문서\GitHub\250531\Client\Engine\public\GameInstance.h(145,11): warning C4251: 'Engine::CGameInstance::m_CameraEye': 'DirectX::XMFLOAT3'에서는 'Engine::CGameInstance'의 클라이언트에서 DLL 인터페이스를 사용하도록 지정해야 함
  (소스 파일 '../private/ShadowMap.cpp'을(를) 컴파일하는 중)
      C:\Program Files (x86)\Windows Kits\10\Include\10.0.28000.0\um\DirectXMath.h(661,12):
      'DirectX::XMFLOAT3' 선언을 참조하십시오.
  
  Texture.cpp
C:\Users\kkth3\OneDrive\문서\GitHub\250531\Client\Engine\public\Engine_Struct.h(21,14): warning C4251: 'Engine::ObjectConstants::World': 'DirectX::XMFLOAT4X4'에서는 'Engine::ObjectConstants'의 클라이언트에서 DLL 인터페이스를 사용하도록 지정해야 함
  (소스 파일 '../private/Texture.cpp'을(를) 컴파일하는 중)
      C:\Program Files (x86)\Windows Kits\10\Include\10.0.28000.0\um\DirectXMath.h(964,12):
      'DirectX::XMFLOAT4X4' 선언을 참조하십시오.
  
C:\Users\kkth3\OneDrive\문서\GitHub\250531\Client\Engine\public\Engine_Struct.h(22,14): warning C4251: 'Engine::ObjectConstants::TexTransform': 'DirectX::XMFLOAT4X4'에서는 'Engine::ObjectConstants'의 클라이언트에서 DLL 인터페이스를 사용하도록 지정해야 함
  (소스 파일 '../private/Texture.cpp'을(를) 컴파일하는 중)
      C:\Program Files (x86)\Windows Kits\10\Include\10.0.28000.0\um\DirectXMath.h(964,12):
      'DirectX::XMFLOAT4X4' 선언을 참조하십시오.
  
C:\Users\kkth3\OneDrive\문서\GitHub\250531\Client\Engine\public\Engine_Struct.h(31,21): warning C4251: 'Engine::Light::Strength': 'DirectX::XMFLOAT3'에서는 'Engine::Light'의 클라이언트에서 DLL 인터페이스를 사용하도록 지정해야 함
  (소스 파일 '../private/Texture.cpp'을(를) 컴파일하는 중)
      C:\Program Files (x86)\Windows Kits\10\Include\10.0.28000.0\um\DirectXMath.h(661,12):
      'DirectX::XMFLOAT3' 선언을 참조하십시오.
  
C:\Users\kkth3\OneDrive\문서\GitHub\250531\Client\Engine\public\Engine_Struct.h(33,21): warning C4251: 'Engine::Light::Direction': 'DirectX::XMFLOAT3'에서는 'Engine::Light'의 클라이언트에서 DLL 인터페이스를 사용하도록 지정해야 함
  (소스 파일 '../private/Texture.cpp'을(를) 컴파일하는 중)
      C:\Program Files (x86)\Windows Kits\10\Include\10.0.28000.0\um\DirectXMath.h(661,12):
      'DirectX::XMFLOAT3' 선언을 참조하십시오.
  
C:\Users\kkth3\OneDrive\문서\GitHub\250531\Client\Engine\public\Engine_Struct.h(35,21): warning C4251: 'Engine::Light::Position': 'DirectX::XMFLOAT3'에서는 'Engine::Light'의 클라이언트에서 DLL 인터페이스를 사용하도록 지정해야 함
  (소스 파일 '../private/Texture.cpp'을(를) 컴파일하는 중)
      C:\Program Files (x86)\Windows Kits\10\Include\10.0.28000.0\um\DirectXMath.h(661,12):
      'DirectX::XMFLOAT3' 선언을 참조하십시오.
  
C:\Users\kkth3\OneDrive\문서\GitHub\250531\Client\Engine\public\Engine_Struct.h(41,23): warning C4251: 'Engine::PassConstants::View': 'DirectX::XMFLOAT4X4'에서는 'Engine::PassConstants'의 클라이언트에서 DLL 인터페이스를 사용하도록 지정해야 함
  (소스 파일 '../private/Texture.cpp'을(를) 컴파일하는 중)
      C:\Program Files (x86)\Windows Kits\10\Include\10.0.28000.0\um\DirectXMath.h(964,12):
      'DirectX::XMFLOAT4X4' 선언을 참조하십시오.
  
C:\Users\kkth3\OneDrive\문서\GitHub\250531\Client\Engine\public\Engine_Struct.h(42,23): warning C4251: 'Engine::PassConstants::InvView': 'DirectX::XMFLOAT4X4'에서는 'Engine::PassConstants'의 클라이언트에서 DLL 인터페이스를 사용하도록 지정해야 함
  (소스 파일 '../private/Texture.cpp'을(를) 컴파일하는 중)
      C:\Program Files (x86)\Windows Kits\10\Include\10.0.28000.0\um\DirectXMath.h(964,12):
      'DirectX::XMFLOAT4X4' 선언을 참조하십시오.
  
C:\Users\kkth3\OneDrive\문서\GitHub\250531\Client\Engine\public\Engine_Struct.h(43,23): warning C4251: 'Engine::PassConstants::Proj': 'DirectX::XMFLOAT4X4'에서는 'Engine::PassConstants'의 클라이언트에서 DLL 인터페이스를 사용하도록 지정해야 함
  (소스 파일 '../private/Texture.cpp'을(를) 컴파일하는 중)
      C:\Program Files (x86)\Windows Kits\10\Include\10.0.28000.0\um\DirectXMath.h(964,12):
      'DirectX::XMFLOAT4X4' 선언을 참조하십시오.
  
C:\Users\kkth3\OneDrive\문서\GitHub\250531\Client\Engine\public\Engine_Struct.h(44,23): warning C4251: 'Engine::PassConstants::InvProj': 'DirectX::XMFLOAT4X4'에서는 'Engine::PassConstants'의 클라이언트에서 DLL 인터페이스를 사용하도록 지정해야 함
  (소스 파일 '../private/Texture.cpp'을(를) 컴파일하는 중)
      C:\Program Files (x86)\Windows Kits\10\Include\10.0.28000.0\um\DirectXMath.h(964,12):
      'DirectX::XMFLOAT4X4' 선언을 참조하십시오.
  
C:\Users\kkth3\OneDrive\문서\GitHub\250531\Client\Engine\public\Engine_Struct.h(45,23): warning C4251: 'Engine::PassConstants::ViewProj': 'DirectX::XMFLOAT4X4'에서는 'Engine::PassConstants'의 클라이언트에서 DLL 인터페이스를 사용하도록 지정해야 함
  (소스 파일 '../private/Texture.cpp'을(를) 컴파일하는 중)
      C:\Program Files (x86)\Windows Kits\10\Include\10.0.28000.0\um\DirectXMath.h(964,12):
      'DirectX::XMFLOAT4X4' 선언을 참조하십시오.
  
C:\Users\kkth3\OneDrive\문서\GitHub\250531\Client\Engine\public\Engine_Struct.h(46,23): warning C4251: 'Engine::PassConstants::InvViewProj': 'DirectX::XMFLOAT4X4'에서는 'Engine::PassConstants'의 클라이언트에서 DLL 인터페이스를 사용하도록 지정해야 함
  (소스 파일 '../private/Texture.cpp'을(를) 컴파일하는 중)
      C:\Program Files (x86)\Windows Kits\10\Include\10.0.28000.0\um\DirectXMath.h(964,12):
      'DirectX::XMFLOAT4X4' 선언을 참조하십시오.
  
C:\Users\kkth3\OneDrive\문서\GitHub\250531\Client\Engine\public\Engine_Struct.h(47,23): warning C4251: 'Engine::PassConstants::ShadowTransform': 'DirectX::XMFLOAT4X4'에서는 'Engine::PassConstants'의 클라이언트에서 DLL 인터페이스를 사용하도록 지정해야 함
  (소스 파일 '../private/Texture.cpp'을(를) 컴파일하는 중)
      C:\Program Files (x86)\Windows Kits\10\Include\10.0.28000.0\um\DirectXMath.h(964,12):
      'DirectX::XMFLOAT4X4' 선언을 참조하십시오.
  
C:\Users\kkth3\OneDrive\문서\GitHub\250531\Client\Engine\public\Engine_Struct.h(48,21): warning C4251: 'Engine::PassConstants::EyePosW': 'DirectX::XMFLOAT3'에서는 'Engine::PassConstants'의 클라이언트에서 DLL 인터페이스를 사용하도록 지정해야 함
  (소스 파일 '../private/Texture.cpp'을(를) 컴파일하는 중)
      C:\Program Files (x86)\Windows Kits\10\Include\10.0.28000.0\um\DirectXMath.h(661,12):
      'DirectX::XMFLOAT3' 선언을 참조하십시오.
  
C:\Users\kkth3\OneDrive\문서\GitHub\250531\Client\Engine\public\Engine_Struct.h(50,21): warning C4251: 'Engine::PassConstants::RenderTargetSize': 'DirectX::XMFLOAT2'에서는 'Engine::PassConstants'의 클라이언트에서 DLL 인터페이스를 사용하도록 지정해야 함
  (소스 파일 '../private/Texture.cpp'을(를) 컴파일하는 중)
      C:\Program Files (x86)\Windows Kits\10\Include\10.0.28000.0\um\DirectXMath.h(584,12):
      'DirectX::XMFLOAT2' 선언을 참조하십시오.
  
C:\Users\kkth3\OneDrive\문서\GitHub\250531\Client\Engine\public\Engine_Struct.h(51,21): warning C4251: 'Engine::PassConstants::InvRenderTargetSize': 'DirectX::XMFLOAT2'에서는 'Engine::PassConstants'의 클라이언트에서 DLL 인터페이스를 사용하도록 지정해야 함
  (소스 파일 '../private/Texture.cpp'을(를) 컴파일하는 중)
      C:\Program Files (x86)\Windows Kits\10\Include\10.0.28000.0\um\DirectXMath.h(584,12):
      'DirectX::XMFLOAT2' 선언을 참조하십시오.
  
C:\Users\kkth3\OneDrive\문서\GitHub\250531\Client\Engine\public\Engine_Struct.h(57,21): warning C4251: 'Engine::PassConstants::AmbientLight': 'DirectX::XMFLOAT4'에서는 'Engine::PassConstants'의 클라이언트에서 DLL 인터페이스를 사용하도록 지정해야 함
  (소스 파일 '../private/Texture.cpp'을(를) 컴파일하는 중)
      C:\Program Files (x86)\Windows Kits\10\Include\10.0.28000.0\um\DirectXMath.h(736,12):
      'DirectX::XMFLOAT4' 선언을 참조하십시오.
  
C:\Users\kkth3\OneDrive\문서\GitHub\250531\Client\Engine\public\Engine_Struct.h(86,21): warning C4251: 'Engine::MaterialConstants::DiffuseAlbedo': 'DirectX::XMFLOAT4'에서는 'Engine::MaterialConstants'의 클라이언트에서 DLL 인터페이스를 사용하도록 지정해야 함
  (소스 파일 '../private/Texture.cpp'을(를) 컴파일하는 중)
      C:\Program Files (x86)\Windows Kits\10\Include\10.0.28000.0\um\DirectXMath.h(736,12):
      'DirectX::XMFLOAT4' 선언을 참조하십시오.
  
C:\Users\kkth3\OneDrive\문서\GitHub\250531\Client\Engine\public\Engine_Struct.h(87,21): warning C4251: 'Engine::MaterialConstants::FresnelR0': 'DirectX::XMFLOAT3'에서는 'Engine::MaterialConstants'의 클라이언트에서 DLL 인터페이스를 사용하도록 지정해야 함
  (소스 파일 '../private/Texture.cpp'을(를) 컴파일하는 중)
      C:\Program Files (x86)\Windows Kits\10\Include\10.0.28000.0\um\DirectXMath.h(661,12):
      'DirectX::XMFLOAT3' 선언을 참조하십시오.
  
C:\Users\kkth3\OneDrive\문서\GitHub\250531\Client\Engine\public\Engine_Struct.h(89,23): warning C4251: 'Engine::MaterialConstants::MatTransform': 'DirectX::XMFLOAT4X4'에서는 'Engine::MaterialConstants'의 클라이언트에서 DLL 인터페이스를 사용하도록 지정해야 함
  (소스 파일 '../private/Texture.cpp'을(를) 컴파일하는 중)
      C:\Program Files (x86)\Windows Kits\10\Include\10.0.28000.0\um\DirectXMath.h(964,12):
      'DirectX::XMFLOAT4X4' 선언을 참조하십시오.
  
C:\Users\kkth3\OneDrive\문서\GitHub\250531\Client\Engine\public\Engine_Struct.h(94,21): warning C4251: 'Engine::MaterialData::DiffuseAlbedo': 'DirectX::XMFLOAT4'에서는 'Engine::MaterialData'의 클라이언트에서 DLL 인터페이스를 사용하도록 지정해야 함
  (소스 파일 '../private/Texture.cpp'을(를) 컴파일하는 중)
      C:\Program Files (x86)\Windows Kits\10\Include\10.0.28000.0\um\DirectXMath.h(736,12):
      'DirectX::XMFLOAT4' 선언을 참조하십시오.
  
C:\Users\kkth3\OneDrive\문서\GitHub\250531\Client\Engine\public\Engine_Struct.h(95,21): warning C4251: 'Engine::MaterialData::FresnelR0': 'DirectX::XMFLOAT3'에서는 'Engine::MaterialData'의 클라이언트에서 DLL 인터페이스를 사용하도록 지정해야 함
  (소스 파일 '../private/Texture.cpp'을(를) 컴파일하는 중)
      C:\Program Files (x86)\Windows Kits\10\Include\10.0.28000.0\um\DirectXMath.h(661,12):
      'DirectX::XMFLOAT3' 선언을 참조하십시오.
  
C:\Users\kkth3\OneDrive\문서\GitHub\250531\Client\Engine\public\Engine_Struct.h(99,23): warning C4251: 'Engine::MaterialData::MatTransform': 'DirectX::XMFLOAT4X4'에서는 'Engine::MaterialData'의 클라이언트에서 DLL 인터페이스를 사용하도록 지정해야 함
  (소스 파일 '../private/Texture.cpp'을(를) 컴파일하는 중)
      C:\Program Files (x86)\Windows Kits\10\Include\10.0.28000.0\um\DirectXMath.h(964,12):
      'DirectX::XMFLOAT4X4' 선언을 참조하십시오.
  
C:\Users\kkth3\OneDrive\문서\GitHub\250531\Client\Engine\public\Engine_Struct.h(113,14): warning C4251: 'Engine::InstanceData::World': 'DirectX::XMFLOAT4X4'에서는 'Engine::InstanceData'의 클라이언트에서 DLL 인터페이스를 사용하도록 지정해야 함
  (소스 파일 '../private/Texture.cpp'을(를) 컴파일하는 중)
      C:\Program Files (x86)\Windows Kits\10\Include\10.0.28000.0\um\DirectXMath.h(964,12):
      'DirectX::XMFLOAT4X4' 선언을 참조하십시오.
  
C:\Users\kkth3\OneDrive\문서\GitHub\250531\Client\Engine\public\Engine_Struct.h(142,13): warning C4251: 'Engine::tagVertex_Position::vPosition': 'DirectX::XMFLOAT3'에서는 'Engine::tagVertex_Position'의 클라이언트에서 DLL 인터페이스를 사용하도록 지정해야 함
  (소스 파일 '../private/Texture.cpp'을(를) 컴파일하는 중)
      C:\Program Files (x86)\Windows Kits\10\Include\10.0.28000.0\um\DirectXMath.h(661,12):
      'DirectX::XMFLOAT3' 선언을 참조하십시오.
  
C:\Users\kkth3\OneDrive\문서\GitHub\250531\Client\Engine\public\Engine_Struct.h(151,13): warning C4251: 'Engine::tagVertex_Position_Normal::vPosition': 'DirectX::XMFLOAT3'에서는 'Engine::tagVertex_Position_Normal'의 클라이언트에서 DLL 인터페이스를 사용하도록 지정해야 함
  (소스 파일 '../private/Texture.cpp'을(를) 컴파일하는 중)
      C:\Program Files (x86)\Windows Kits\10\Include\10.0.28000.0\um\DirectXMath.h(661,12):
      'DirectX::XMFLOAT3' 선언을 참조하십시오.
  
C:\Users\kkth3\OneDrive\문서\GitHub\250531\Client\Engine\public\Engine_Struct.h(152,13): warning C4251: 'Engine::tagVertex_Position_Normal::vNormal': 'DirectX::XMFLOAT3'에서는 'Engine::tagVertex_Position_Normal'의 클라이언트에서 DLL 인터페이스를 사용하도록 지정해야 함
  (소스 파일 '../private/Texture.cpp'을(를) 컴파일하는 중)
      C:\Program Files (x86)\Windows Kits\10\Include\10.0.28000.0\um\DirectXMath.h(661,12):
      'DirectX::XMFLOAT3' 선언을 참조하십시오.
  
C:\Users\kkth3\OneDrive\문서\GitHub\250531\Client\Engine\public\Engine_Struct.h(161,13): warning C4251: 'Engine::tagVertex_Position_Texcoord::vPosition': 'DirectX::XMFLOAT3'에서는 'Engine::tagVertex_Position_Texcoord'의 클라이언트에서 DLL 인터페이스를 사용하도록 지정해야 함
  (소스 파일 '../private/Texture.cpp'을(를) 컴파일하는 중)
      C:\Program Files (x86)\Windows Kits\10\Include\10.0.28000.0\um\DirectXMath.h(661,12):
      'DirectX::XMFLOAT3' 선언을 참조하십시오.
  
C:\Users\kkth3\OneDrive\문서\GitHub\250531\Client\Engine\public\Engine_Struct.h(162,13): warning C4251: 'Engine::tagVertex_Position_Texcoord::vTexcoord': 'DirectX::XMFLOAT2'에서는 'Engine::tagVertex_Position_Texcoord'의 클라이언트에서 DLL 인터페이스를 사용하도록 지정해야 함
  (소스 파일 '../private/Texture.cpp'을(를) 컴파일하는 중)
      C:\Program Files (x86)\Windows Kits\10\Include\10.0.28000.0\um\DirectXMath.h(584,12):
      'DirectX::XMFLOAT2' 선언을 참조하십시오.
  
C:\Users\kkth3\OneDrive\문서\GitHub\250531\Client\Engine\public\Engine_Struct.h(171,13): warning C4251: 'Engine::tagVertex_Position_Normal_Texcoord::vPosition': 'DirectX::XMFLOAT3'에서는 'Engine::tagVertex_Position_Normal_Texcoord'의 클라이언트에서 DLL 인터페이스를 사용하도록 지정해야 함
  (소스 파일 '../private/Texture.cpp'을(를) 컴파일하는 중)
      C:\Program Files (x86)\Windows Kits\10\Include\10.0.28000.0\um\DirectXMath.h(661,12):
      'DirectX::XMFLOAT3' 선언을 참조하십시오.
  
C:\Users\kkth3\OneDrive\문서\GitHub\250531\Client\Engine\public\Engine_Struct.h(172,13): warning C4251: 'Engine::tagVertex_Position_Normal_Texcoord::vNormal': 'DirectX::XMFLOAT3'에서는 'Engine::tagVertex_Position_Normal_Texcoord'의 클라이언트에서 DLL 인터페이스를 사용하도록 지정해야 함
  (소스 파일 '../private/Texture.cpp'을(를) 컴파일하는 중)
      C:\Program Files (x86)\Windows Kits\10\Include\10.0.28000.0\um\DirectXMath.h(661,12):
      'DirectX::XMFLOAT3' 선언을 참조하십시오.
  
C:\Users\kkth3\OneDrive\문서\GitHub\250531\Client\Engine\public\Engine_Struct.h(173,13): warning C4251: 'Engine::tagVertex_Position_Normal_Texcoord::vTexcoord': 'DirectX::XMFLOAT2'에서는 'Engine::tagVertex_Position_Normal_Texcoord'의 클라이언트에서 DLL 인터페이스를 사용하도록 지정해야 함
  (소스 파일 '../private/Texture.cpp'을(를) 컴파일하는 중)
      C:\Program Files (x86)\Windows Kits\10\Include\10.0.28000.0\um\DirectXMath.h(584,12):
      'DirectX::XMFLOAT2' 선언을 참조하십시오.
  
C:\Users\kkth3\OneDrive\문서\GitHub\250531\Client\Engine\public\Engine_Struct.h(182,13): warning C4251: 'Engine::tagVertex_Position_Cube_Texcoord::vPosition': 'DirectX::XMFLOAT3'에서는 'Engine::tagVertex_Position_Cube_Texcoord'의 클라이언트에서 DLL 인터페이스를 사용하도록 지정해야 함
  (소스 파일 '../private/Texture.cpp'을(를) 컴파일하는 중)
      C:\Program Files (x86)\Windows Kits\10\Include\10.0.28000.0\um\DirectXMath.h(661,12):
      'DirectX::XMFLOAT3' 선언을 참조하십시오.
  
C:\Users\kkth3\OneDrive\문서\GitHub\250531\Client\Engine\public\Engine_Struct.h(183,13): warning C4251: 'Engine::tagVertex_Position_Cube_Texcoord::vTexcoord': 'DirectX::XMFLOAT3'에서는 'Engine::tagVertex_Position_Cube_Texcoord'의 클라이언트에서 DLL 인터페이스를 사용하도록 지정해야 함
  (소스 파일 '../private/Texture.cpp'을(를) 컴파일하는 중)
      C:\Program Files (x86)\Windows Kits\10\Include\10.0.28000.0\um\DirectXMath.h(661,12):
      'DirectX::XMFLOAT3' 선언을 참조하십시오.
  
C:\Users\kkth3\OneDrive\문서\GitHub\250531\Client\Engine\public\Engine_Struct.h(192,13): warning C4251: 'Engine::tagVertex_Mesh::vPosition': 'DirectX::XMFLOAT3'에서는 'Engine::tagVertex_Mesh'의 클라이언트에서 DLL 인터페이스를 사용하도록 지정해야 함
  (소스 파일 '../private/Texture.cpp'을(를) 컴파일하는 중)
      C:\Program Files (x86)\Windows Kits\10\Include\10.0.28000.0\um\DirectXMath.h(661,12):
      'DirectX::XMFLOAT3' 선언을 참조하십시오.
  
C:\Users\kkth3\OneDrive\문서\GitHub\250531\Client\Engine\public\Engine_Struct.h(193,13): warning C4251: 'Engine::tagVertex_Mesh::vNormal': 'DirectX::XMFLOAT3'에서는 'Engine::tagVertex_Mesh'의 클라이언트에서 DLL 인터페이스를 사용하도록 지정해야 함
  (소스 파일 '../private/Texture.cpp'을(를) 컴파일하는 중)
      C:\Program Files (x86)\Windows Kits\10\Include\10.0.28000.0\um\DirectXMath.h(661,12):
      'DirectX::XMFLOAT3' 선언을 참조하십시오.
  
C:\Users\kkth3\OneDrive\문서\GitHub\250531\Client\Engine\public\Engine_Struct.h(194,13): warning C4251: 'Engine::tagVertex_Mesh::vTexcoord': 'DirectX::XMFLOAT2'에서는 'Engine::tagVertex_Mesh'의 클라이언트에서 DLL 인터페이스를 사용하도록 지정해야 함
  (소스 파일 '../private/Texture.cpp'을(를) 컴파일하는 중)
      C:\Program Files (x86)\Windows Kits\10\Include\10.0.28000.0\um\DirectXMath.h(584,12):
      'DirectX::XMFLOAT2' 선언을 참조하십시오.
  
C:\Users\kkth3\OneDrive\문서\GitHub\250531\Client\Engine\public\Engine_Struct.h(195,13): warning C4251: 'Engine::tagVertex_Mesh::vTangent': 'DirectX::XMFLOAT3'에서는 'Engine::tagVertex_Mesh'의 클라이언트에서 DLL 인터페이스를 사용하도록 지정해야 함
  (소스 파일 '../private/Texture.cpp'을(를) 컴파일하는 중)
      C:\Program Files (x86)\Windows Kits\10\Include\10.0.28000.0\um\DirectXMath.h(661,12):
      'DirectX::XMFLOAT3' 선언을 참조하십시오.
  
C:\Users\kkth3\OneDrive\문서\GitHub\250531\Client\Engine\public\Engine_Struct.h(204,13): warning C4251: 'Engine::tagVertex_Anim_Mesh::vPosition': 'DirectX::XMFLOAT3'에서는 'Engine::tagVertex_Anim_Mesh'의 클라이언트에서 DLL 인터페이스를 사용하도록 지정해야 함
  (소스 파일 '../private/Texture.cpp'을(를) 컴파일하는 중)
      C:\Program Files (x86)\Windows Kits\10\Include\10.0.28000.0\um\DirectXMath.h(661,12):
      'DirectX::XMFLOAT3' 선언을 참조하십시오.
  
C:\Users\kkth3\OneDrive\문서\GitHub\250531\Client\Engine\public\Engine_Struct.h(205,13): warning C4251: 'Engine::tagVertex_Anim_Mesh::vNormal': 'DirectX::XMFLOAT3'에서는 'Engine::tagVertex_Anim_Mesh'의 클라이언트에서 DLL 인터페이스를 사용하도록 지정해야 함
  (소스 파일 '../private/Texture.cpp'을(를) 컴파일하는 중)
      C:\Program Files (x86)\Windows Kits\10\Include\10.0.28000.0\um\DirectXMath.h(661,12):
      'DirectX::XMFLOAT3' 선언을 참조하십시오.
  
C:\Users\kkth3\OneDrive\문서\GitHub\250531\Client\Engine\public\Engine_Struct.h(206,13): warning C4251: 'Engine::tagVertex_Anim_Mesh::vTexcoord': 'DirectX::XMFLOAT2'에서는 'Engine::tagVertex_Anim_Mesh'의 클라이언트에서 DLL 인터페이스를 사용하도록 지정해야 함
  (소스 파일 '../private/Texture.cpp'을(를) 컴파일하는 중)
      C:\Program Files (x86)\Windows Kits\10\Include\10.0.28000.0\um\DirectXMath.h(584,12):
      'DirectX::XMFLOAT2' 선언을 참조하십시오.
  
C:\Users\kkth3\OneDrive\문서\GitHub\250531\Client\Engine\public\Engine_Struct.h(207,13): warning C4251: 'Engine::tagVertex_Anim_Mesh::vTangent': 'DirectX::XMFLOAT3'에서는 'Engine::tagVertex_Anim_Mesh'의 클라이언트에서 DLL 인터페이스를 사용하도록 지정해야 함
  (소스 파일 '../private/Texture.cpp'을(를) 컴파일하는 중)
      C:\Program Files (x86)\Windows Kits\10\Include\10.0.28000.0\um\DirectXMath.h(661,12):
      'DirectX::XMFLOAT3' 선언을 참조하십시오.
  
C:\Users\kkth3\OneDrive\문서\GitHub\250531\Client\Engine\public\Engine_Struct.h(209,13): warning C4251: 'Engine::tagVertex_Anim_Mesh::vBlendIndices': 'DirectX::XMUINT4'에서는 'Engine::tagVertex_Anim_Mesh'의 클라이언트에서 DLL 인터페이스를 사용하도록 지정해야 함
  (소스 파일 '../private/Texture.cpp'을(를) 컴파일하는 중)
      C:\Program Files (x86)\Windows Kits\10\Include\10.0.28000.0\um\DirectXMath.h(793,12):
      'DirectX::XMUINT4' 선언을 참조하십시오.
  
C:\Users\kkth3\OneDrive\문서\GitHub\250531\Client\Engine\public\Engine_Struct.h(210,13): warning C4251: 'Engine::tagVertex_Anim_Mesh::vBlendWeights': 'DirectX::XMFLOAT4'에서는 'Engine::tagVertex_Anim_Mesh'의 클라이언트에서 DLL 인터페이스를 사용하도록 지정해야 함
  (소스 파일 '../private/Texture.cpp'을(를) 컴파일하는 중)
      C:\Program Files (x86)\Windows Kits\10\Include\10.0.28000.0\um\DirectXMath.h(736,12):
      'DirectX::XMFLOAT4' 선언을 참조하십시오.
  
C:\Users\kkth3\OneDrive\문서\GitHub\250531\Client\Engine\public\Transform.h(106,13): warning C4251: 'Engine::CTransform::m_WorldMatrix': 'DirectX::XMFLOAT4X4'에서는 'Engine::CTransform'의 클라이언트에서 DLL 인터페이스를 사용하도록 지정해야 함
  (소스 파일 '../private/Texture.cpp'을(를) 컴파일하는 중)
      C:\Program Files (x86)\Windows Kits\10\Include\10.0.28000.0\um\DirectXMath.h(964,12):
      'DirectX::XMFLOAT4X4' 선언을 참조하십시오.
  
C:\Users\kkth3\OneDrive\문서\GitHub\250531\Client\Engine\public\GameObject.h(39,43): warning C4251: 'Engine::CGameObject::m_Components': 'std::unordered_map<std::string,Engine::CComponent *,std::hash<std::string>,std::equal_to<std::string>,std::allocator<std::pair<const std::string,Engine::CComponent *>>>'에서는 'Engine::CGameObject'의 클라이언트에서 DLL 인터페이스를 사용하도록 지정해야 함
  (소스 파일 '../private/Texture.cpp'을(를) 컴파일하는 중)
      C:\Program Files\Microsoft Visual Studio\2022\Community\VC\Tools\MSVC\14.44.35207\include\unordered_map(61,7):
      'std::unordered_map<std::string,Engine::CComponent *,std::hash<std::string>,std::equal_to<std::string>,std::allocator<std::pair<const std::string,Engine::CComponent *>>>' 선언을 참조하십시오.
  
C:\Users\kkth3\OneDrive\문서\GitHub\250531\Client\Engine\public\Renderer.h(34,25): warning C4251: 'Engine::CRenderer::m_vRenderObjects': 'std::vector<Engine::CRenderObject *,std::allocator<Engine::CRenderObject *>>'에서는 'Engine::CRenderer'의 클라이언트에서 DLL 인터페이스를 사용하도록 지정해야 함
  (소스 파일 '../private/Texture.cpp'을(를) 컴파일하는 중)
      C:\Program Files\Microsoft Visual Studio\2022\Community\VC\Tools\MSVC\14.44.35207\include\vector(442,7):
      'std::vector<Engine::CRenderObject *,std::allocator<Engine::CRenderObject *>>' 선언을 참조하십시오.
  
C:\Users\kkth3\OneDrive\문서\GitHub\250531\Client\Engine\public\VIBuffer_Geos.h(24,50): warning C4251: 'Engine::CVIBuffer_Geos::m_SubMeshInfos': 'std::unordered_map<Engine::CVIBuffer_Geos::BASIC_SUBMESHES,SubmeshGeometry,std::hash<Engine::CVIBuffer_Geos::BASIC_SUBMESHES>,std::equal_to<Engine::CVIBuffer_Geos::BASIC_SUBMESHES>,std::allocator<std::pair<const Engine::CVIBuffer_Geos::BASIC_SUBMESHES,SubmeshGeometry>>>'에서는 'Engine::CVIBuffer_Geos'의 클라이언트에서 DLL 인터페이스를 사용하도록 지정해야 함
  (소스 파일 '../private/Texture.cpp'을(를) 컴파일하는 중)
      C:\Program Files\Microsoft Visual Studio\2022\Community\VC\Tools\MSVC\14.44.35207\include\unordered_map(61,7):
      'std::unordered_map<Engine::CVIBuffer_Geos::BASIC_SUBMESHES,SubmeshGeometry,std::hash<Engine::CVIBuffer_Geos::BASIC_SUBMESHES>,std::equal_to<Engine::CVIBuffer_Geos::BASIC_SUBMESHES>,std::allocator<std::pair<const Engine::CVIBuffer_Geos::BASIC_SUBMESHES,SubmeshGeometry>>>' 선언을 참조하십시오.
  
C:\Users\kkth3\OneDrive\문서\GitHub\250531\Client\Engine\public\Model.h(62,16): warning C4251: 'Engine::CModel::m_PivotMatrix': 'DirectX::XMFLOAT4X4'에서는 'Engine::CModel'의 클라이언트에서 DLL 인터페이스를 사용하도록 지정해야 함
  (소스 파일 '../private/Texture.cpp'을(를) 컴파일하는 중)
      C:\Program Files (x86)\Windows Kits\10\Include\10.0.28000.0\um\DirectXMath.h(964,12):
      'DirectX::XMFLOAT4X4' 선언을 참조하십시오.
  
C:\Users\kkth3\OneDrive\문서\GitHub\250531\Client\Engine\public\Model.h(66,26): warning C4251: 'Engine::CModel::m_Meshes': 'std::vector<Engine::CMesh *,std::allocator<Engine::CMesh *>>'에서는 'Engine::CModel'의 클라이언트에서 DLL 인터페이스를 사용하도록 지정해야 함
  (소스 파일 '../private/Texture.cpp'을(를) 컴파일하는 중)
      C:\Program Files\Microsoft Visual Studio\2022\Community\VC\Tools\MSVC\14.44.35207\include\vector(442,7):
      'std::vector<Engine::CMesh *,std::allocator<Engine::CMesh *>>' 선언을 참조하십시오.
  
C:\Users\kkth3\OneDrive\문서\GitHub\250531\Client\Engine\public\Model.h(68,26): warning C4251: 'Engine::CModel::m_Bones': 'std::vector<Engine::CBone *,std::allocator<Engine::CBone *>>'에서는 'Engine::CModel'의 클라이언트에서 DLL 인터페이스를 사용하도록 지정해야 함
  (소스 파일 '../private/Texture.cpp'을(를) 컴파일하는 중)
      C:\Program Files\Microsoft Visual Studio\2022\Community\VC\Tools\MSVC\14.44.35207\include\vector(442,7):
      'std::vector<Engine::CBone *,std::allocator<Engine::CBone *>>' 선언을 참조하십시오.
  
C:\Users\kkth3\OneDrive\문서\GitHub\250531\Client\Engine\public\VIBuffer_Terrain.h(72,41): warning C4251: 'Engine::CVIBuffer_Terrain::m_pHeightMap': 'std::shared_ptr<std::vector<float,std::allocator<float>>>'에서는 'Engine::CVIBuffer_Terrain'의 클라이언트에서 DLL 인터페이스를 사용하도록 지정해야 함
  (소스 파일 '../private/Texture.cpp'을(를) 컴파일하는 중)
      C:\Program Files\Microsoft Visual Studio\2022\Community\VC\Tools\MSVC\14.44.35207\include\memory(1565,7):
      'std::shared_ptr<std::vector<float,std::allocator<float>>>' 선언을 참조하십시오.
  
C:\Users\kkth3\OneDrive\문서\GitHub\250531\Client\Engine\public\VIBuffer_Terrain.h(74,33): warning C4251: 'Engine::CVIBuffer_Terrain::m_Chunks': 'std::vector<Engine::CVIBuffer_Terrain::TERRAINCHUNK,std::allocator<Engine::CVIBuffer_Terrain::TERRAINCHUNK>>'에서는 'Engine::CVIBuffer_Terrain'의 클라이언트에서 DLL 인터페이스를 사용하도록 지정해야 함
  (소스 파일 '../private/Texture.cpp'을(를) 컴파일하는 중)
      C:\Program Files\Microsoft Visual Studio\2022\Community\VC\Tools\MSVC\14.44.35207\include\vector(442,7):
      'std::vector<Engine::CVIBuffer_Terrain::TERRAINCHUNK,std::allocator<Engine::CVIBuffer_Terrain::TERRAINCHUNK>>' 선언을 참조하십시오.
  
C:\Users\kkth3\OneDrive\문서\GitHub\250531\Client\Engine\public\VIBuffer_Terrain.h(87,33): warning C4251: 'Engine::CVIBuffer_Terrain::m_ChunkLODs': 'std::vector<GeometryGenerator::uint32,std::allocator<GeometryGenerator::uint32>>'에서는 'Engine::CVIBuffer_Terrain'의 클라이언트에서 DLL 인터페이스를 사용하도록 지정해야 함
  (소스 파일 '../private/Texture.cpp'을(를) 컴파일하는 중)
      C:\Program Files\Microsoft Visual Studio\2022\Community\VC\Tools\MSVC\14.44.35207\include\vector(442,7):
      'std::vector<GeometryGenerator::uint32,std::allocator<GeometryGenerator::uint32>>' 선언을 참조하십시오.
  
C:\Users\kkth3\OneDrive\문서\GitHub\250531\Client\Engine\public\VIBuffer_Terrain.h(89,33): warning C4251: 'Engine::CVIBuffer_Terrain::m_FrustumPlanes': 'DirectX::XMFLOAT4'에서는 'Engine::CVIBuffer_Terrain'의 클라이언트에서 DLL 인터페이스를 사용하도록 지정해야 함
  (소스 파일 '../private/Texture.cpp'을(를) 컴파일하는 중)
      C:\Program Files (x86)\Windows Kits\10\Include\10.0.28000.0\um\DirectXMath.h(736,12):
      'DirectX::XMFLOAT4' 선언을 참조하십시오.
  
C:\Users\kkth3\OneDrive\문서\GitHub\250531\Client\Engine\public\CBBinding.h(26,54): warning C4244: '=': 'Engine::_uint'에서 'float'(으)로 변환하면서 데이터가 손실될 수 있습니다.
  (소스 파일 '../private/Texture.cpp'을(를) 컴파일하는 중)
  
C:\Users\kkth3\OneDrive\문서\GitHub\250531\Client\Engine\public\MeshModel.h(33,35): warning C4251: 'Engine::CMeshModel::m_Meshes': 'std::vector<Engine::CVIBuffer_Mesh *,std::allocator<Engine::CVIBuffer_Mesh *>>'에서는 'Engine::CMeshModel'의 클라이언트에서 DLL 인터페이스를 사용하도록 지정해야 함
  (소스 파일 '../private/Texture.cpp'을(를) 컴파일하는 중)
      C:\Program Files\Microsoft Visual Studio\2022\Community\VC\Tools\MSVC\14.44.35207\include\vector(442,7):
      'std::vector<Engine::CVIBuffer_Mesh *,std::allocator<Engine::CVIBuffer_Mesh *>>' 선언을 참조하십시오.
  
C:\Users\kkth3\OneDrive\문서\GitHub\250531\Client\Engine\public\RootSignatureMgr.h(29,54): warning C4251: 'Engine::CRootSignatureMgr::mRootSignatures': 'std::unordered_map<std::string,Engine::CRootSignature *,std::hash<std::string>,std::equal_to<std::string>,std::allocator<std::pair<const std::string,Engine::CRootSignature *>>>'에서는 'Engine::CRootSignatureMgr'의 클라이언트에서 DLL 인터페이스를 사용하도록 지정해야 함
  (소스 파일 '../private/Texture.cpp'을(를) 컴파일하는 중)
      C:\Program Files\Microsoft Visual Studio\2022\Community\VC\Tools\MSVC\14.44.35207\include\unordered_map(61,7):
      'std::unordered_map<std::string,Engine::CRootSignature *,std::hash<std::string>,std::equal_to<std::string>,std::allocator<std::pair<const std::string,Engine::CRootSignature *>>>' 선언을 참조하십시오.
  
C:\Users\kkth3\OneDrive\문서\GitHub\250531\Client\Engine\public\ObjectMgr.h(53,34): warning C4251: 'Engine::CObjectMgr::m_Layers': 'std::unordered_map<std::string,Engine::CObjectMgr::Layer,std::hash<std::string>,std::equal_to<std::string>,std::allocator<std::pair<const std::string,Engine::CObjectMgr::Layer>>>'에서는 'Engine::CObjectMgr'의 클라이언트에서 DLL 인터페이스를 사용하도록 지정해야 함
  (소스 파일 '../private/Texture.cpp'을(를) 컴파일하는 중)
      C:\Program Files\Microsoft Visual Studio\2022\Community\VC\Tools\MSVC\14.44.35207\include\unordered_map(61,7):
      'std::unordered_map<std::string,Engine::CObjectMgr::Layer,std::hash<std::string>,std::equal_to<std::string>,std::allocator<std::pair<const std::string,Engine::CObjectMgr::Layer>>>' 선언을 참조하십시오.
  
C:\Users\kkth3\OneDrive\문서\GitHub\250531\Client\Engine\public\ObjectMgr.h(54,41): warning C4251: 'Engine::CObjectMgr::m_Prototypes': 'std::unordered_map<std::string,Engine::CGameObject *,std::hash<std::string>,std::equal_to<std::string>,std::allocator<std::pair<const std::string,Engine::CGameObject *>>>'에서는 'Engine::CObjectMgr'의 클라이언트에서 DLL 인터페이스를 사용하도록 지정해야 함
  (소스 파일 '../private/Texture.cpp'을(를) 컴파일하는 중)
      C:\Program Files\Microsoft Visual Studio\2022\Community\VC\Tools\MSVC\14.44.35207\include\unordered_map(61,7):
      'std::unordered_map<std::string,Engine::CGameObject *,std::hash<std::string>,std::equal_to<std::string>,std::allocator<std::pair<const std::string,Engine::CGameObject *>>>' 선언을 참조하십시오.
  
C:\Users\kkth3\OneDrive\문서\GitHub\250531\Client\Engine\public\TextureMgr.h(74,32): warning C4251: 'Engine::CTextureMgr::hDescriptor': 'CD3DX12_CPU_DESCRIPTOR_HANDLE'에서는 'Engine::CTextureMgr'의 클라이언트에서 DLL 인터페이스를 사용하도록 지정해야 함
  (소스 파일 '../private/Texture.cpp'을(를) 컴파일하는 중)
      C:\Users\kkth3\OneDrive\문서\GitHub\250531\Client\Engine\public\d3dx12.h(1471,8):
      'CD3DX12_CPU_DESCRIPTOR_HANDLE' 선언을 참조하십시오.
  
C:\Users\kkth3\OneDrive\문서\GitHub\250531\Client\Engine\public\TextureMgr.h(78,34): warning C4251: 'Engine::CTextureMgr::m_Textures': 'std::vector<std::pair<std::string,Engine::CTexture *>,std::allocator<std::pair<std::string,Engine::CTexture *>>>'에서는 'Engine::CTextureMgr'의 클라이언트에서 DLL 인터페이스를 사용하도록 지정해야 함
  (소스 파일 '../private/Texture.cpp'을(를) 컴파일하는 중)
      C:\Program Files\Microsoft Visual Studio\2022\Community\VC\Tools\MSVC\14.44.35207\include\vector(442,7):
      'std::vector<std::pair<std::string,Engine::CTexture *>,std::allocator<std::pair<std::string,Engine::CTexture *>>>' 선언을 참조하십시오.
  
C:\Users\kkth3\OneDrive\문서\GitHub\250531\Client\Engine\public\GameInstance.h(143,12): warning C4251: 'Engine::CGameInstance::m_CameraViewProj': 'DirectX::XMFLOAT4X4'에서는 'Engine::CGameInstance'의 클라이언트에서 DLL 인터페이스를 사용하도록 지정해야 함
  (소스 파일 '../private/Texture.cpp'을(를) 컴파일하는 중)
      C:\Program Files (x86)\Windows Kits\10\Include\10.0.28000.0\um\DirectXMath.h(964,12):
      'DirectX::XMFLOAT4X4' 선언을 참조하십시오.
  
C:\Users\kkth3\OneDrive\문서\GitHub\250531\Client\Engine\public\GameInstance.h(144,12): warning C4251: 'Engine::CGameInstance::m_ShadowViewProj': 'DirectX::XMFLOAT4X4'에서는 'Engine::CGameInstance'의 클라이언트에서 DLL 인터페이스를 사용하도록 지정해야 함
  (소스 파일 '../private/Texture.cpp'을(를) 컴파일하는 중)
      C:\Program Files (x86)\Windows Kits\10\Include\10.0.28000.0\um\DirectXMath.h(964,12):
      'DirectX::XMFLOAT4X4' 선언을 참조하십시오.
  
C:\Users\kkth3\OneDrive\문서\GitHub\250531\Client\Engine\public\GameInstance.h(145,11): warning C4251: 'Engine::CGameInstance::m_CameraEye': 'DirectX::XMFLOAT3'에서는 'Engine::CGameInstance'의 클라이언트에서 DLL 인터페이스를 사용하도록 지정해야 함
  (소스 파일 '../private/Texture.cpp'을(를) 컴파일하는 중)
      C:\Program Files (x86)\Windows Kits\10\Include\10.0.28000.0\um\DirectXMath.h(661,12):
      'DirectX::XMFLOAT3' 선언을 참조하십시오.
  
  TextureMgr.cpp
C:\Users\kkth3\OneDrive\문서\GitHub\250531\Client\Engine\public\Engine_Struct.h(21,14): warning C4251: 'Engine::ObjectConstants::World': 'DirectX::XMFLOAT4X4'에서는 'Engine::ObjectConstants'의 클라이언트에서 DLL 인터페이스를 사용하도록 지정해야 함
  (소스 파일 '../private/TextureMgr.cpp'을(를) 컴파일하는 중)
      C:\Program Files (x86)\Windows Kits\10\Include\10.0.28000.0\um\DirectXMath.h(964,12):
      'DirectX::XMFLOAT4X4' 선언을 참조하십시오.
  
C:\Users\kkth3\OneDrive\문서\GitHub\250531\Client\Engine\public\Engine_Struct.h(22,14): warning C4251: 'Engine::ObjectConstants::TexTransform': 'DirectX::XMFLOAT4X4'에서는 'Engine::ObjectConstants'의 클라이언트에서 DLL 인터페이스를 사용하도록 지정해야 함
  (소스 파일 '../private/TextureMgr.cpp'을(를) 컴파일하는 중)
      C:\Program Files (x86)\Windows Kits\10\Include\10.0.28000.0\um\DirectXMath.h(964,12):
      'DirectX::XMFLOAT4X4' 선언을 참조하십시오.
  
C:\Users\kkth3\OneDrive\문서\GitHub\250531\Client\Engine\public\Engine_Struct.h(31,21): warning C4251: 'Engine::Light::Strength': 'DirectX::XMFLOAT3'에서는 'Engine::Light'의 클라이언트에서 DLL 인터페이스를 사용하도록 지정해야 함
  (소스 파일 '../private/TextureMgr.cpp'을(를) 컴파일하는 중)
      C:\Program Files (x86)\Windows Kits\10\Include\10.0.28000.0\um\DirectXMath.h(661,12):
      'DirectX::XMFLOAT3' 선언을 참조하십시오.
  
C:\Users\kkth3\OneDrive\문서\GitHub\250531\Client\Engine\public\Engine_Struct.h(33,21): warning C4251: 'Engine::Light::Direction': 'DirectX::XMFLOAT3'에서는 'Engine::Light'의 클라이언트에서 DLL 인터페이스를 사용하도록 지정해야 함
  (소스 파일 '../private/TextureMgr.cpp'을(를) 컴파일하는 중)
      C:\Program Files (x86)\Windows Kits\10\Include\10.0.28000.0\um\DirectXMath.h(661,12):
      'DirectX::XMFLOAT3' 선언을 참조하십시오.
  
C:\Users\kkth3\OneDrive\문서\GitHub\250531\Client\Engine\public\Engine_Struct.h(35,21): warning C4251: 'Engine::Light::Position': 'DirectX::XMFLOAT3'에서는 'Engine::Light'의 클라이언트에서 DLL 인터페이스를 사용하도록 지정해야 함
  (소스 파일 '../private/TextureMgr.cpp'을(를) 컴파일하는 중)
      C:\Program Files (x86)\Windows Kits\10\Include\10.0.28000.0\um\DirectXMath.h(661,12):
      'DirectX::XMFLOAT3' 선언을 참조하십시오.
  
C:\Users\kkth3\OneDrive\문서\GitHub\250531\Client\Engine\public\Engine_Struct.h(41,23): warning C4251: 'Engine::PassConstants::View': 'DirectX::XMFLOAT4X4'에서는 'Engine::PassConstants'의 클라이언트에서 DLL 인터페이스를 사용하도록 지정해야 함
  (소스 파일 '../private/TextureMgr.cpp'을(를) 컴파일하는 중)
      C:\Program Files (x86)\Windows Kits\10\Include\10.0.28000.0\um\DirectXMath.h(964,12):
      'DirectX::XMFLOAT4X4' 선언을 참조하십시오.
  
C:\Users\kkth3\OneDrive\문서\GitHub\250531\Client\Engine\public\Engine_Struct.h(42,23): warning C4251: 'Engine::PassConstants::InvView': 'DirectX::XMFLOAT4X4'에서는 'Engine::PassConstants'의 클라이언트에서 DLL 인터페이스를 사용하도록 지정해야 함
  (소스 파일 '../private/TextureMgr.cpp'을(를) 컴파일하는 중)
      C:\Program Files (x86)\Windows Kits\10\Include\10.0.28000.0\um\DirectXMath.h(964,12):
      'DirectX::XMFLOAT4X4' 선언을 참조하십시오.
  
C:\Users\kkth3\OneDrive\문서\GitHub\250531\Client\Engine\public\Engine_Struct.h(43,23): warning C4251: 'Engine::PassConstants::Proj': 'DirectX::XMFLOAT4X4'에서는 'Engine::PassConstants'의 클라이언트에서 DLL 인터페이스를 사용하도록 지정해야 함
  (소스 파일 '../private/TextureMgr.cpp'을(를) 컴파일하는 중)
      C:\Program Files (x86)\Windows Kits\10\Include\10.0.28000.0\um\DirectXMath.h(964,12):
      'DirectX::XMFLOAT4X4' 선언을 참조하십시오.
  
C:\Users\kkth3\OneDrive\문서\GitHub\250531\Client\Engine\public\Engine_Struct.h(44,23): warning C4251: 'Engine::PassConstants::InvProj': 'DirectX::XMFLOAT4X4'에서는 'Engine::PassConstants'의 클라이언트에서 DLL 인터페이스를 사용하도록 지정해야 함
  (소스 파일 '../private/TextureMgr.cpp'을(를) 컴파일하는 중)
      C:\Program Files (x86)\Windows Kits\10\Include\10.0.28000.0\um\DirectXMath.h(964,12):
      'DirectX::XMFLOAT4X4' 선언을 참조하십시오.
  
C:\Users\kkth3\OneDrive\문서\GitHub\250531\Client\Engine\public\Engine_Struct.h(45,23): warning C4251: 'Engine::PassConstants::ViewProj': 'DirectX::XMFLOAT4X4'에서는 'Engine::PassConstants'의 클라이언트에서 DLL 인터페이스를 사용하도록 지정해야 함
  (소스 파일 '../private/TextureMgr.cpp'을(를) 컴파일하는 중)
      C:\Program Files (x86)\Windows Kits\10\Include\10.0.28000.0\um\DirectXMath.h(964,12):
      'DirectX::XMFLOAT4X4' 선언을 참조하십시오.
  
C:\Users\kkth3\OneDrive\문서\GitHub\250531\Client\Engine\public\Engine_Struct.h(46,23): warning C4251: 'Engine::PassConstants::InvViewProj': 'DirectX::XMFLOAT4X4'에서는 'Engine::PassConstants'의 클라이언트에서 DLL 인터페이스를 사용하도록 지정해야 함
  (소스 파일 '../private/TextureMgr.cpp'을(를) 컴파일하는 중)
      C:\Program Files (x86)\Windows Kits\10\Include\10.0.28000.0\um\DirectXMath.h(964,12):
      'DirectX::XMFLOAT4X4' 선언을 참조하십시오.
  
C:\Users\kkth3\OneDrive\문서\GitHub\250531\Client\Engine\public\Engine_Struct.h(47,23): warning C4251: 'Engine::PassConstants::ShadowTransform': 'DirectX::XMFLOAT4X4'에서는 'Engine::PassConstants'의 클라이언트에서 DLL 인터페이스를 사용하도록 지정해야 함
  (소스 파일 '../private/TextureMgr.cpp'을(를) 컴파일하는 중)
      C:\Program Files (x86)\Windows Kits\10\Include\10.0.28000.0\um\DirectXMath.h(964,12):
      'DirectX::XMFLOAT4X4' 선언을 참조하십시오.
  
C:\Users\kkth3\OneDrive\문서\GitHub\250531\Client\Engine\public\Engine_Struct.h(48,21): warning C4251: 'Engine::PassConstants::EyePosW': 'DirectX::XMFLOAT3'에서는 'Engine::PassConstants'의 클라이언트에서 DLL 인터페이스를 사용하도록 지정해야 함
  (소스 파일 '../private/TextureMgr.cpp'을(를) 컴파일하는 중)
      C:\Program Files (x86)\Windows Kits\10\Include\10.0.28000.0\um\DirectXMath.h(661,12):
      'DirectX::XMFLOAT3' 선언을 참조하십시오.
  
C:\Users\kkth3\OneDrive\문서\GitHub\250531\Client\Engine\public\Engine_Struct.h(50,21): warning C4251: 'Engine::PassConstants::RenderTargetSize': 'DirectX::XMFLOAT2'에서는 'Engine::PassConstants'의 클라이언트에서 DLL 인터페이스를 사용하도록 지정해야 함
  (소스 파일 '../private/TextureMgr.cpp'을(를) 컴파일하는 중)
      C:\Program Files (x86)\Windows Kits\10\Include\10.0.28000.0\um\DirectXMath.h(584,12):
      'DirectX::XMFLOAT2' 선언을 참조하십시오.
  
C:\Users\kkth3\OneDrive\문서\GitHub\250531\Client\Engine\public\Engine_Struct.h(51,21): warning C4251: 'Engine::PassConstants::InvRenderTargetSize': 'DirectX::XMFLOAT2'에서는 'Engine::PassConstants'의 클라이언트에서 DLL 인터페이스를 사용하도록 지정해야 함
  (소스 파일 '../private/TextureMgr.cpp'을(를) 컴파일하는 중)
      C:\Program Files (x86)\Windows Kits\10\Include\10.0.28000.0\um\DirectXMath.h(584,12):
      'DirectX::XMFLOAT2' 선언을 참조하십시오.
  
C:\Users\kkth3\OneDrive\문서\GitHub\250531\Client\Engine\public\Engine_Struct.h(57,21): warning C4251: 'Engine::PassConstants::AmbientLight': 'DirectX::XMFLOAT4'에서는 'Engine::PassConstants'의 클라이언트에서 DLL 인터페이스를 사용하도록 지정해야 함
  (소스 파일 '../private/TextureMgr.cpp'을(를) 컴파일하는 중)
      C:\Program Files (x86)\Windows Kits\10\Include\10.0.28000.0\um\DirectXMath.h(736,12):
      'DirectX::XMFLOAT4' 선언을 참조하십시오.
  
C:\Users\kkth3\OneDrive\문서\GitHub\250531\Client\Engine\public\Engine_Struct.h(86,21): warning C4251: 'Engine::MaterialConstants::DiffuseAlbedo': 'DirectX::XMFLOAT4'에서는 'Engine::MaterialConstants'의 클라이언트에서 DLL 인터페이스를 사용하도록 지정해야 함
  (소스 파일 '../private/TextureMgr.cpp'을(를) 컴파일하는 중)
      C:\Program Files (x86)\Windows Kits\10\Include\10.0.28000.0\um\DirectXMath.h(736,12):
      'DirectX::XMFLOAT4' 선언을 참조하십시오.
  
C:\Users\kkth3\OneDrive\문서\GitHub\250531\Client\Engine\public\Engine_Struct.h(87,21): warning C4251: 'Engine::MaterialConstants::FresnelR0': 'DirectX::XMFLOAT3'에서는 'Engine::MaterialConstants'의 클라이언트에서 DLL 인터페이스를 사용하도록 지정해야 함
  (소스 파일 '../private/TextureMgr.cpp'을(를) 컴파일하는 중)
      C:\Program Files (x86)\Windows Kits\10\Include\10.0.28000.0\um\DirectXMath.h(661,12):
      'DirectX::XMFLOAT3' 선언을 참조하십시오.
  
C:\Users\kkth3\OneDrive\문서\GitHub\250531\Client\Engine\public\Engine_Struct.h(89,23): warning C4251: 'Engine::MaterialConstants::MatTransform': 'DirectX::XMFLOAT4X4'에서는 'Engine::MaterialConstants'의 클라이언트에서 DLL 인터페이스를 사용하도록 지정해야 함
  (소스 파일 '../private/TextureMgr.cpp'을(를) 컴파일하는 중)
      C:\Program Files (x86)\Windows Kits\10\Include\10.0.28000.0\um\DirectXMath.h(964,12):
      'DirectX::XMFLOAT4X4' 선언을 참조하십시오.
  
C:\Users\kkth3\OneDrive\문서\GitHub\250531\Client\Engine\public\Engine_Struct.h(94,21): warning C4251: 'Engine::MaterialData::DiffuseAlbedo': 'DirectX::XMFLOAT4'에서는 'Engine::MaterialData'의 클라이언트에서 DLL 인터페이스를 사용하도록 지정해야 함
  (소스 파일 '../private/TextureMgr.cpp'을(를) 컴파일하는 중)
      C:\Program Files (x86)\Windows Kits\10\Include\10.0.28000.0\um\DirectXMath.h(736,12):
      'DirectX::XMFLOAT4' 선언을 참조하십시오.
  
C:\Users\kkth3\OneDrive\문서\GitHub\250531\Client\Engine\public\Engine_Struct.h(95,21): warning C4251: 'Engine::MaterialData::FresnelR0': 'DirectX::XMFLOAT3'에서는 'Engine::MaterialData'의 클라이언트에서 DLL 인터페이스를 사용하도록 지정해야 함
  (소스 파일 '../private/TextureMgr.cpp'을(를) 컴파일하는 중)
      C:\Program Files (x86)\Windows Kits\10\Include\10.0.28000.0\um\DirectXMath.h(661,12):
      'DirectX::XMFLOAT3' 선언을 참조하십시오.
  
C:\Users\kkth3\OneDrive\문서\GitHub\250531\Client\Engine\public\Engine_Struct.h(99,23): warning C4251: 'Engine::MaterialData::MatTransform': 'DirectX::XMFLOAT4X4'에서는 'Engine::MaterialData'의 클라이언트에서 DLL 인터페이스를 사용하도록 지정해야 함
  (소스 파일 '../private/TextureMgr.cpp'을(를) 컴파일하는 중)
      C:\Program Files (x86)\Windows Kits\10\Include\10.0.28000.0\um\DirectXMath.h(964,12):
      'DirectX::XMFLOAT4X4' 선언을 참조하십시오.
  
C:\Users\kkth3\OneDrive\문서\GitHub\250531\Client\Engine\public\Engine_Struct.h(113,14): warning C4251: 'Engine::InstanceData::World': 'DirectX::XMFLOAT4X4'에서는 'Engine::InstanceData'의 클라이언트에서 DLL 인터페이스를 사용하도록 지정해야 함
  (소스 파일 '../private/TextureMgr.cpp'을(를) 컴파일하는 중)
      C:\Program Files (x86)\Windows Kits\10\Include\10.0.28000.0\um\DirectXMath.h(964,12):
      'DirectX::XMFLOAT4X4' 선언을 참조하십시오.
  
C:\Users\kkth3\OneDrive\문서\GitHub\250531\Client\Engine\public\Engine_Struct.h(142,13): warning C4251: 'Engine::tagVertex_Position::vPosition': 'DirectX::XMFLOAT3'에서는 'Engine::tagVertex_Position'의 클라이언트에서 DLL 인터페이스를 사용하도록 지정해야 함
  (소스 파일 '../private/TextureMgr.cpp'을(를) 컴파일하는 중)
      C:\Program Files (x86)\Windows Kits\10\Include\10.0.28000.0\um\DirectXMath.h(661,12):
      'DirectX::XMFLOAT3' 선언을 참조하십시오.
  
C:\Users\kkth3\OneDrive\문서\GitHub\250531\Client\Engine\public\Engine_Struct.h(151,13): warning C4251: 'Engine::tagVertex_Position_Normal::vPosition': 'DirectX::XMFLOAT3'에서는 'Engine::tagVertex_Position_Normal'의 클라이언트에서 DLL 인터페이스를 사용하도록 지정해야 함
  (소스 파일 '../private/TextureMgr.cpp'을(를) 컴파일하는 중)
      C:\Program Files (x86)\Windows Kits\10\Include\10.0.28000.0\um\DirectXMath.h(661,12):
      'DirectX::XMFLOAT3' 선언을 참조하십시오.
  
C:\Users\kkth3\OneDrive\문서\GitHub\250531\Client\Engine\public\Engine_Struct.h(152,13): warning C4251: 'Engine::tagVertex_Position_Normal::vNormal': 'DirectX::XMFLOAT3'에서는 'Engine::tagVertex_Position_Normal'의 클라이언트에서 DLL 인터페이스를 사용하도록 지정해야 함
  (소스 파일 '../private/TextureMgr.cpp'을(를) 컴파일하는 중)
      C:\Program Files (x86)\Windows Kits\10\Include\10.0.28000.0\um\DirectXMath.h(661,12):
      'DirectX::XMFLOAT3' 선언을 참조하십시오.
  
C:\Users\kkth3\OneDrive\문서\GitHub\250531\Client\Engine\public\Engine_Struct.h(161,13): warning C4251: 'Engine::tagVertex_Position_Texcoord::vPosition': 'DirectX::XMFLOAT3'에서는 'Engine::tagVertex_Position_Texcoord'의 클라이언트에서 DLL 인터페이스를 사용하도록 지정해야 함
  (소스 파일 '../private/TextureMgr.cpp'을(를) 컴파일하는 중)
      C:\Program Files (x86)\Windows Kits\10\Include\10.0.28000.0\um\DirectXMath.h(661,12):
      'DirectX::XMFLOAT3' 선언을 참조하십시오.
  
C:\Users\kkth3\OneDrive\문서\GitHub\250531\Client\Engine\public\Engine_Struct.h(162,13): warning C4251: 'Engine::tagVertex_Position_Texcoord::vTexcoord': 'DirectX::XMFLOAT2'에서는 'Engine::tagVertex_Position_Texcoord'의 클라이언트에서 DLL 인터페이스를 사용하도록 지정해야 함
  (소스 파일 '../private/TextureMgr.cpp'을(를) 컴파일하는 중)
      C:\Program Files (x86)\Windows Kits\10\Include\10.0.28000.0\um\DirectXMath.h(584,12):
      'DirectX::XMFLOAT2' 선언을 참조하십시오.
  
C:\Users\kkth3\OneDrive\문서\GitHub\250531\Client\Engine\public\Engine_Struct.h(171,13): warning C4251: 'Engine::tagVertex_Position_Normal_Texcoord::vPosition': 'DirectX::XMFLOAT3'에서는 'Engine::tagVertex_Position_Normal_Texcoord'의 클라이언트에서 DLL 인터페이스를 사용하도록 지정해야 함
  (소스 파일 '../private/TextureMgr.cpp'을(를) 컴파일하는 중)
      C:\Program Files (x86)\Windows Kits\10\Include\10.0.28000.0\um\DirectXMath.h(661,12):
      'DirectX::XMFLOAT3' 선언을 참조하십시오.
  
C:\Users\kkth3\OneDrive\문서\GitHub\250531\Client\Engine\public\Engine_Struct.h(172,13): warning C4251: 'Engine::tagVertex_Position_Normal_Texcoord::vNormal': 'DirectX::XMFLOAT3'에서는 'Engine::tagVertex_Position_Normal_Texcoord'의 클라이언트에서 DLL 인터페이스를 사용하도록 지정해야 함
  (소스 파일 '../private/TextureMgr.cpp'을(를) 컴파일하는 중)
      C:\Program Files (x86)\Windows Kits\10\Include\10.0.28000.0\um\DirectXMath.h(661,12):
      'DirectX::XMFLOAT3' 선언을 참조하십시오.
  
C:\Users\kkth3\OneDrive\문서\GitHub\250531\Client\Engine\public\Engine_Struct.h(173,13): warning C4251: 'Engine::tagVertex_Position_Normal_Texcoord::vTexcoord': 'DirectX::XMFLOAT2'에서는 'Engine::tagVertex_Position_Normal_Texcoord'의 클라이언트에서 DLL 인터페이스를 사용하도록 지정해야 함
  (소스 파일 '../private/TextureMgr.cpp'을(를) 컴파일하는 중)
      C:\Program Files (x86)\Windows Kits\10\Include\10.0.28000.0\um\DirectXMath.h(584,12):
      'DirectX::XMFLOAT2' 선언을 참조하십시오.
  
C:\Users\kkth3\OneDrive\문서\GitHub\250531\Client\Engine\public\Engine_Struct.h(182,13): warning C4251: 'Engine::tagVertex_Position_Cube_Texcoord::vPosition': 'DirectX::XMFLOAT3'에서는 'Engine::tagVertex_Position_Cube_Texcoord'의 클라이언트에서 DLL 인터페이스를 사용하도록 지정해야 함
  (소스 파일 '../private/TextureMgr.cpp'을(를) 컴파일하는 중)
      C:\Program Files (x86)\Windows Kits\10\Include\10.0.28000.0\um\DirectXMath.h(661,12):
      'DirectX::XMFLOAT3' 선언을 참조하십시오.
  
C:\Users\kkth3\OneDrive\문서\GitHub\250531\Client\Engine\public\Engine_Struct.h(183,13): warning C4251: 'Engine::tagVertex_Position_Cube_Texcoord::vTexcoord': 'DirectX::XMFLOAT3'에서는 'Engine::tagVertex_Position_Cube_Texcoord'의 클라이언트에서 DLL 인터페이스를 사용하도록 지정해야 함
  (소스 파일 '../private/TextureMgr.cpp'을(를) 컴파일하는 중)
      C:\Program Files (x86)\Windows Kits\10\Include\10.0.28000.0\um\DirectXMath.h(661,12):
      'DirectX::XMFLOAT3' 선언을 참조하십시오.
  
C:\Users\kkth3\OneDrive\문서\GitHub\250531\Client\Engine\public\Engine_Struct.h(192,13): warning C4251: 'Engine::tagVertex_Mesh::vPosition': 'DirectX::XMFLOAT3'에서는 'Engine::tagVertex_Mesh'의 클라이언트에서 DLL 인터페이스를 사용하도록 지정해야 함
  (소스 파일 '../private/TextureMgr.cpp'을(를) 컴파일하는 중)
      C:\Program Files (x86)\Windows Kits\10\Include\10.0.28000.0\um\DirectXMath.h(661,12):
      'DirectX::XMFLOAT3' 선언을 참조하십시오.
  
C:\Users\kkth3\OneDrive\문서\GitHub\250531\Client\Engine\public\Engine_Struct.h(193,13): warning C4251: 'Engine::tagVertex_Mesh::vNormal': 'DirectX::XMFLOAT3'에서는 'Engine::tagVertex_Mesh'의 클라이언트에서 DLL 인터페이스를 사용하도록 지정해야 함
  (소스 파일 '../private/TextureMgr.cpp'을(를) 컴파일하는 중)
      C:\Program Files (x86)\Windows Kits\10\Include\10.0.28000.0\um\DirectXMath.h(661,12):
      'DirectX::XMFLOAT3' 선언을 참조하십시오.
  
C:\Users\kkth3\OneDrive\문서\GitHub\250531\Client\Engine\public\Engine_Struct.h(194,13): warning C4251: 'Engine::tagVertex_Mesh::vTexcoord': 'DirectX::XMFLOAT2'에서는 'Engine::tagVertex_Mesh'의 클라이언트에서 DLL 인터페이스를 사용하도록 지정해야 함
  (소스 파일 '../private/TextureMgr.cpp'을(를) 컴파일하는 중)
      C:\Program Files (x86)\Windows Kits\10\Include\10.0.28000.0\um\DirectXMath.h(584,12):
      'DirectX::XMFLOAT2' 선언을 참조하십시오.
  
C:\Users\kkth3\OneDrive\문서\GitHub\250531\Client\Engine\public\Engine_Struct.h(195,13): warning C4251: 'Engine::tagVertex_Mesh::vTangent': 'DirectX::XMFLOAT3'에서는 'Engine::tagVertex_Mesh'의 클라이언트에서 DLL 인터페이스를 사용하도록 지정해야 함
  (소스 파일 '../private/TextureMgr.cpp'을(를) 컴파일하는 중)
      C:\Program Files (x86)\Windows Kits\10\Include\10.0.28000.0\um\DirectXMath.h(661,12):
      'DirectX::XMFLOAT3' 선언을 참조하십시오.
  
C:\Users\kkth3\OneDrive\문서\GitHub\250531\Client\Engine\public\Engine_Struct.h(204,13): warning C4251: 'Engine::tagVertex_Anim_Mesh::vPosition': 'DirectX::XMFLOAT3'에서는 'Engine::tagVertex_Anim_Mesh'의 클라이언트에서 DLL 인터페이스를 사용하도록 지정해야 함
  (소스 파일 '../private/TextureMgr.cpp'을(를) 컴파일하는 중)
      C:\Program Files (x86)\Windows Kits\10\Include\10.0.28000.0\um\DirectXMath.h(661,12):
      'DirectX::XMFLOAT3' 선언을 참조하십시오.
  
C:\Users\kkth3\OneDrive\문서\GitHub\250531\Client\Engine\public\Engine_Struct.h(205,13): warning C4251: 'Engine::tagVertex_Anim_Mesh::vNormal': 'DirectX::XMFLOAT3'에서는 'Engine::tagVertex_Anim_Mesh'의 클라이언트에서 DLL 인터페이스를 사용하도록 지정해야 함
  (소스 파일 '../private/TextureMgr.cpp'을(를) 컴파일하는 중)
      C:\Program Files (x86)\Windows Kits\10\Include\10.0.28000.0\um\DirectXMath.h(661,12):
      'DirectX::XMFLOAT3' 선언을 참조하십시오.
  
C:\Users\kkth3\OneDrive\문서\GitHub\250531\Client\Engine\public\Engine_Struct.h(206,13): warning C4251: 'Engine::tagVertex_Anim_Mesh::vTexcoord': 'DirectX::XMFLOAT2'에서는 'Engine::tagVertex_Anim_Mesh'의 클라이언트에서 DLL 인터페이스를 사용하도록 지정해야 함
  (소스 파일 '../private/TextureMgr.cpp'을(를) 컴파일하는 중)
      C:\Program Files (x86)\Windows Kits\10\Include\10.0.28000.0\um\DirectXMath.h(584,12):
      'DirectX::XMFLOAT2' 선언을 참조하십시오.
  
C:\Users\kkth3\OneDrive\문서\GitHub\250531\Client\Engine\public\Engine_Struct.h(207,13): warning C4251: 'Engine::tagVertex_Anim_Mesh::vTangent': 'DirectX::XMFLOAT3'에서는 'Engine::tagVertex_Anim_Mesh'의 클라이언트에서 DLL 인터페이스를 사용하도록 지정해야 함
  (소스 파일 '../private/TextureMgr.cpp'을(를) 컴파일하는 중)
      C:\Program Files (x86)\Windows Kits\10\Include\10.0.28000.0\um\DirectXMath.h(661,12):
      'DirectX::XMFLOAT3' 선언을 참조하십시오.
  
C:\Users\kkth3\OneDrive\문서\GitHub\250531\Client\Engine\public\Engine_Struct.h(209,13): warning C4251: 'Engine::tagVertex_Anim_Mesh::vBlendIndices': 'DirectX::XMUINT4'에서는 'Engine::tagVertex_Anim_Mesh'의 클라이언트에서 DLL 인터페이스를 사용하도록 지정해야 함
  (소스 파일 '../private/TextureMgr.cpp'을(를) 컴파일하는 중)
      C:\Program Files (x86)\Windows Kits\10\Include\10.0.28000.0\um\DirectXMath.h(793,12):
      'DirectX::XMUINT4' 선언을 참조하십시오.
  
C:\Users\kkth3\OneDrive\문서\GitHub\250531\Client\Engine\public\Engine_Struct.h(210,13): warning C4251: 'Engine::tagVertex_Anim_Mesh::vBlendWeights': 'DirectX::XMFLOAT4'에서는 'Engine::tagVertex_Anim_Mesh'의 클라이언트에서 DLL 인터페이스를 사용하도록 지정해야 함
  (소스 파일 '../private/TextureMgr.cpp'을(를) 컴파일하는 중)
      C:\Program Files (x86)\Windows Kits\10\Include\10.0.28000.0\um\DirectXMath.h(736,12):
      'DirectX::XMFLOAT4' 선언을 참조하십시오.
  
C:\Users\kkth3\OneDrive\문서\GitHub\250531\Client\Engine\public\TextureMgr.h(74,32): warning C4251: 'Engine::CTextureMgr::hDescriptor': 'CD3DX12_CPU_DESCRIPTOR_HANDLE'에서는 'Engine::CTextureMgr'의 클라이언트에서 DLL 인터페이스를 사용하도록 지정해야 함
  (소스 파일 '../private/TextureMgr.cpp'을(를) 컴파일하는 중)
      C:\Users\kkth3\OneDrive\문서\GitHub\250531\Client\Engine\public\d3dx12.h(1471,8):
      'CD3DX12_CPU_DESCRIPTOR_HANDLE' 선언을 참조하십시오.
  
C:\Users\kkth3\OneDrive\문서\GitHub\250531\Client\Engine\public\TextureMgr.h(78,34): warning C4251: 'Engine::CTextureMgr::m_Textures': 'std::vector<std::pair<std::string,Engine::CTexture *>,std::allocator<std::pair<std::string,Engine::CTexture *>>>'에서는 'Engine::CTextureMgr'의 클라이언트에서 DLL 인터페이스를 사용하도록 지정해야 함
  (소스 파일 '../private/TextureMgr.cpp'을(를) 컴파일하는 중)
      C:\Program Files\Microsoft Visual Studio\2022\Community\VC\Tools\MSVC\14.44.35207\include\vector(442,7):
      'std::vector<std::pair<std::string,Engine::CTexture *>,std::allocator<std::pair<std::string,Engine::CTexture *>>>' 선언을 참조하십시오.
  
C:\Users\kkth3\OneDrive\문서\GitHub\250531\Client\Engine\public\Transform.h(106,13): warning C4251: 'Engine::CTransform::m_WorldMatrix': 'DirectX::XMFLOAT4X4'에서는 'Engine::CTransform'의 클라이언트에서 DLL 인터페이스를 사용하도록 지정해야 함
  (소스 파일 '../private/TextureMgr.cpp'을(를) 컴파일하는 중)
      C:\Program Files (x86)\Windows Kits\10\Include\10.0.28000.0\um\DirectXMath.h(964,12):
      'DirectX::XMFLOAT4X4' 선언을 참조하십시오.
  
C:\Users\kkth3\OneDrive\문서\GitHub\250531\Client\Engine\public\GameObject.h(39,43): warning C4251: 'Engine::CGameObject::m_Components': 'std::unordered_map<std::string,Engine::CComponent *,std::hash<std::string>,std::equal_to<std::string>,std::allocator<std::pair<const std::string,Engine::CComponent *>>>'에서는 'Engine::CGameObject'의 클라이언트에서 DLL 인터페이스를 사용하도록 지정해야 함
  (소스 파일 '../private/TextureMgr.cpp'을(를) 컴파일하는 중)
      C:\Program Files\Microsoft Visual Studio\2022\Community\VC\Tools\MSVC\14.44.35207\include\unordered_map(61,7):
      'std::unordered_map<std::string,Engine::CComponent *,std::hash<std::string>,std::equal_to<std::string>,std::allocator<std::pair<const std::string,Engine::CComponent *>>>' 선언을 참조하십시오.
  
C:\Users\kkth3\OneDrive\문서\GitHub\250531\Client\Engine\public\Renderer.h(34,25): warning C4251: 'Engine::CRenderer::m_vRenderObjects': 'std::vector<Engine::CRenderObject *,std::allocator<Engine::CRenderObject *>>'에서는 'Engine::CRenderer'의 클라이언트에서 DLL 인터페이스를 사용하도록 지정해야 함
  (소스 파일 '../private/TextureMgr.cpp'을(를) 컴파일하는 중)
      C:\Program Files\Microsoft Visual Studio\2022\Community\VC\Tools\MSVC\14.44.35207\include\vector(442,7):
      'std::vector<Engine::CRenderObject *,std::allocator<Engine::CRenderObject *>>' 선언을 참조하십시오.
  
C:\Users\kkth3\OneDrive\문서\GitHub\250531\Client\Engine\public\VIBuffer_Geos.h(24,50): warning C4251: 'Engine::CVIBuffer_Geos::m_SubMeshInfos': 'std::unordered_map<Engine::CVIBuffer_Geos::BASIC_SUBMESHES,SubmeshGeometry,std::hash<Engine::CVIBuffer_Geos::BASIC_SUBMESHES>,std::equal_to<Engine::CVIBuffer_Geos::BASIC_SUBMESHES>,std::allocator<std::pair<const Engine::CVIBuffer_Geos::BASIC_SUBMESHES,SubmeshGeometry>>>'에서는 'Engine::CVIBuffer_Geos'의 클라이언트에서 DLL 인터페이스를 사용하도록 지정해야 함
  (소스 파일 '../private/TextureMgr.cpp'을(를) 컴파일하는 중)
      C:\Program Files\Microsoft Visual Studio\2022\Community\VC\Tools\MSVC\14.44.35207\include\unordered_map(61,7):
      'std::unordered_map<Engine::CVIBuffer_Geos::BASIC_SUBMESHES,SubmeshGeometry,std::hash<Engine::CVIBuffer_Geos::BASIC_SUBMESHES>,std::equal_to<Engine::CVIBuffer_Geos::BASIC_SUBMESHES>,std::allocator<std::pair<const Engine::CVIBuffer_Geos::BASIC_SUBMESHES,SubmeshGeometry>>>' 선언을 참조하십시오.
  
C:\Users\kkth3\OneDrive\문서\GitHub\250531\Client\Engine\public\Model.h(62,16): warning C4251: 'Engine::CModel::m_PivotMatrix': 'DirectX::XMFLOAT4X4'에서는 'Engine::CModel'의 클라이언트에서 DLL 인터페이스를 사용하도록 지정해야 함
  (소스 파일 '../private/TextureMgr.cpp'을(를) 컴파일하는 중)
      C:\Program Files (x86)\Windows Kits\10\Include\10.0.28000.0\um\DirectXMath.h(964,12):
      'DirectX::XMFLOAT4X4' 선언을 참조하십시오.
  
C:\Users\kkth3\OneDrive\문서\GitHub\250531\Client\Engine\public\Model.h(66,26): warning C4251: 'Engine::CModel::m_Meshes': 'std::vector<Engine::CMesh *,std::allocator<Engine::CMesh *>>'에서는 'Engine::CModel'의 클라이언트에서 DLL 인터페이스를 사용하도록 지정해야 함
  (소스 파일 '../private/TextureMgr.cpp'을(를) 컴파일하는 중)
      C:\Program Files\Microsoft Visual Studio\2022\Community\VC\Tools\MSVC\14.44.35207\include\vector(442,7):
      'std::vector<Engine::CMesh *,std::allocator<Engine::CMesh *>>' 선언을 참조하십시오.
  
C:\Users\kkth3\OneDrive\문서\GitHub\250531\Client\Engine\public\Model.h(68,26): warning C4251: 'Engine::CModel::m_Bones': 'std::vector<Engine::CBone *,std::allocator<Engine::CBone *>>'에서는 'Engine::CModel'의 클라이언트에서 DLL 인터페이스를 사용하도록 지정해야 함
  (소스 파일 '../private/TextureMgr.cpp'을(를) 컴파일하는 중)
      C:\Program Files\Microsoft Visual Studio\2022\Community\VC\Tools\MSVC\14.44.35207\include\vector(442,7):
      'std::vector<Engine::CBone *,std::allocator<Engine::CBone *>>' 선언을 참조하십시오.
  
C:\Users\kkth3\OneDrive\문서\GitHub\250531\Client\Engine\public\VIBuffer_Terrain.h(72,41): warning C4251: 'Engine::CVIBuffer_Terrain::m_pHeightMap': 'std::shared_ptr<std::vector<float,std::allocator<float>>>'에서는 'Engine::CVIBuffer_Terrain'의 클라이언트에서 DLL 인터페이스를 사용하도록 지정해야 함
  (소스 파일 '../private/TextureMgr.cpp'을(를) 컴파일하는 중)
      C:\Program Files\Microsoft Visual Studio\2022\Community\VC\Tools\MSVC\14.44.35207\include\memory(1565,7):
      'std::shared_ptr<std::vector<float,std::allocator<float>>>' 선언을 참조하십시오.
  
C:\Users\kkth3\OneDrive\문서\GitHub\250531\Client\Engine\public\VIBuffer_Terrain.h(74,33): warning C4251: 'Engine::CVIBuffer_Terrain::m_Chunks': 'std::vector<Engine::CVIBuffer_Terrain::TERRAINCHUNK,std::allocator<Engine::CVIBuffer_Terrain::TERRAINCHUNK>>'에서는 'Engine::CVIBuffer_Terrain'의 클라이언트에서 DLL 인터페이스를 사용하도록 지정해야 함
  (소스 파일 '../private/TextureMgr.cpp'을(를) 컴파일하는 중)
      C:\Program Files\Microsoft Visual Studio\2022\Community\VC\Tools\MSVC\14.44.35207\include\vector(442,7):
      'std::vector<Engine::CVIBuffer_Terrain::TERRAINCHUNK,std::allocator<Engine::CVIBuffer_Terrain::TERRAINCHUNK>>' 선언을 참조하십시오.
  
C:\Users\kkth3\OneDrive\문서\GitHub\250531\Client\Engine\public\VIBuffer_Terrain.h(87,33): warning C4251: 'Engine::CVIBuffer_Terrain::m_ChunkLODs': 'std::vector<GeometryGenerator::uint32,std::allocator<GeometryGenerator::uint32>>'에서는 'Engine::CVIBuffer_Terrain'의 클라이언트에서 DLL 인터페이스를 사용하도록 지정해야 함
  (소스 파일 '../private/TextureMgr.cpp'을(를) 컴파일하는 중)
      C:\Program Files\Microsoft Visual Studio\2022\Community\VC\Tools\MSVC\14.44.35207\include\vector(442,7):
      'std::vector<GeometryGenerator::uint32,std::allocator<GeometryGenerator::uint32>>' 선언을 참조하십시오.
  
C:\Users\kkth3\OneDrive\문서\GitHub\250531\Client\Engine\public\VIBuffer_Terrain.h(89,33): warning C4251: 'Engine::CVIBuffer_Terrain::m_FrustumPlanes': 'DirectX::XMFLOAT4'에서는 'Engine::CVIBuffer_Terrain'의 클라이언트에서 DLL 인터페이스를 사용하도록 지정해야 함
  (소스 파일 '../private/TextureMgr.cpp'을(를) 컴파일하는 중)
      C:\Program Files (x86)\Windows Kits\10\Include\10.0.28000.0\um\DirectXMath.h(736,12):
      'DirectX::XMFLOAT4' 선언을 참조하십시오.
  
C:\Users\kkth3\OneDrive\문서\GitHub\250531\Client\Engine\public\CBBinding.h(26,54): warning C4244: '=': 'Engine::_uint'에서 'float'(으)로 변환하면서 데이터가 손실될 수 있습니다.
  (소스 파일 '../private/TextureMgr.cpp'을(를) 컴파일하는 중)
  
C:\Users\kkth3\OneDrive\문서\GitHub\250531\Client\Engine\public\MeshModel.h(33,35): warning C4251: 'Engine::CMeshModel::m_Meshes': 'std::vector<Engine::CVIBuffer_Mesh *,std::allocator<Engine::CVIBuffer_Mesh *>>'에서는 'Engine::CMeshModel'의 클라이언트에서 DLL 인터페이스를 사용하도록 지정해야 함
  (소스 파일 '../private/TextureMgr.cpp'을(를) 컴파일하는 중)
      C:\Program Files\Microsoft Visual Studio\2022\Community\VC\Tools\MSVC\14.44.35207\include\vector(442,7):
      'std::vector<Engine::CVIBuffer_Mesh *,std::allocator<Engine::CVIBuffer_Mesh *>>' 선언을 참조하십시오.
  
C:\Users\kkth3\OneDrive\문서\GitHub\250531\Client\Engine\public\RootSignatureMgr.h(29,54): warning C4251: 'Engine::CRootSignatureMgr::mRootSignatures': 'std::unordered_map<std::string,Engine::CRootSignature *,std::hash<std::string>,std::equal_to<std::string>,std::allocator<std::pair<const std::string,Engine::CRootSignature *>>>'에서는 'Engine::CRootSignatureMgr'의 클라이언트에서 DLL 인터페이스를 사용하도록 지정해야 함
  (소스 파일 '../private/TextureMgr.cpp'을(를) 컴파일하는 중)
      C:\Program Files\Microsoft Visual Studio\2022\Community\VC\Tools\MSVC\14.44.35207\include\unordered_map(61,7):
      'std::unordered_map<std::string,Engine::CRootSignature *,std::hash<std::string>,std::equal_to<std::string>,std::allocator<std::pair<const std::string,Engine::CRootSignature *>>>' 선언을 참조하십시오.
  
C:\Users\kkth3\OneDrive\문서\GitHub\250531\Client\Engine\public\ObjectMgr.h(53,34): warning C4251: 'Engine::CObjectMgr::m_Layers': 'std::unordered_map<std::string,Engine::CObjectMgr::Layer,std::hash<std::string>,std::equal_to<std::string>,std::allocator<std::pair<const std::string,Engine::CObjectMgr::Layer>>>'에서는 'Engine::CObjectMgr'의 클라이언트에서 DLL 인터페이스를 사용하도록 지정해야 함
  (소스 파일 '../private/TextureMgr.cpp'을(를) 컴파일하는 중)
      C:\Program Files\Microsoft Visual Studio\2022\Community\VC\Tools\MSVC\14.44.35207\include\unordered_map(61,7):
      'std::unordered_map<std::string,Engine::CObjectMgr::Layer,std::hash<std::string>,std::equal_to<std::string>,std::allocator<std::pair<const std::string,Engine::CObjectMgr::Layer>>>' 선언을 참조하십시오.
  
C:\Users\kkth3\OneDrive\문서\GitHub\250531\Client\Engine\public\ObjectMgr.h(54,41): warning C4251: 'Engine::CObjectMgr::m_Prototypes': 'std::unordered_map<std::string,Engine::CGameObject *,std::hash<std::string>,std::equal_to<std::string>,std::allocator<std::pair<const std::string,Engine::CGameObject *>>>'에서는 'Engine::CObjectMgr'의 클라이언트에서 DLL 인터페이스를 사용하도록 지정해야 함
  (소스 파일 '../private/TextureMgr.cpp'을(를) 컴파일하는 중)
      C:\Program Files\Microsoft Visual Studio\2022\Community\VC\Tools\MSVC\14.44.35207\include\unordered_map(61,7):
      'std::unordered_map<std::string,Engine::CGameObject *,std::hash<std::string>,std::equal_to<std::string>,std::allocator<std::pair<const std::string,Engine::CGameObject *>>>' 선언을 참조하십시오.
  
C:\Users\kkth3\OneDrive\문서\GitHub\250531\Client\Engine\public\GameInstance.h(143,12): warning C4251: 'Engine::CGameInstance::m_CameraViewProj': 'DirectX::XMFLOAT4X4'에서는 'Engine::CGameInstance'의 클라이언트에서 DLL 인터페이스를 사용하도록 지정해야 함
  (소스 파일 '../private/TextureMgr.cpp'을(를) 컴파일하는 중)
      C:\Program Files (x86)\Windows Kits\10\Include\10.0.28000.0\um\DirectXMath.h(964,12):
      'DirectX::XMFLOAT4X4' 선언을 참조하십시오.
  
C:\Users\kkth3\OneDrive\문서\GitHub\250531\Client\Engine\public\GameInstance.h(144,12): warning C4251: 'Engine::CGameInstance::m_ShadowViewProj': 'DirectX::XMFLOAT4X4'에서는 'Engine::CGameInstance'의 클라이언트에서 DLL 인터페이스를 사용하도록 지정해야 함
  (소스 파일 '../private/TextureMgr.cpp'을(를) 컴파일하는 중)
      C:\Program Files (x86)\Windows Kits\10\Include\10.0.28000.0\um\DirectXMath.h(964,12):
      'DirectX::XMFLOAT4X4' 선언을 참조하십시오.
  
C:\Users\kkth3\OneDrive\문서\GitHub\250531\Client\Engine\public\GameInstance.h(145,11): warning C4251: 'Engine::CGameInstance::m_CameraEye': 'DirectX::XMFLOAT3'에서는 'Engine::CGameInstance'의 클라이언트에서 DLL 인터페이스를 사용하도록 지정해야 함
  (소스 파일 '../private/TextureMgr.cpp'을(를) 컴파일하는 중)
      C:\Program Files (x86)\Windows Kits\10\Include\10.0.28000.0\um\DirectXMath.h(661,12):
      'DirectX::XMFLOAT3' 선언을 참조하십시오.
  
C:\Users\kkth3\OneDrive\문서\GitHub\250531\Client\Engine\private\TextureMgr.cpp(111,13): warning C4267: 'return': 'size_t'에서 'Engine::_uint'(으)로 변환하면서 데이터가 손실될 수 있습니다.
C:\Users\kkth3\OneDrive\문서\GitHub\250531\Client\Engine\private\TextureMgr.cpp(118,17): warning C4267: '초기화 중': 'size_t'에서 'Engine::_uint'(으)로 변환하면서 데이터가 손실될 수 있습니다.
  Timer.cpp
C:\Users\kkth3\OneDrive\문서\GitHub\250531\Client\Engine\public\Engine_Struct.h(21,14): warning C4251: 'Engine::ObjectConstants::World': 'DirectX::XMFLOAT4X4'에서는 'Engine::ObjectConstants'의 클라이언트에서 DLL 인터페이스를 사용하도록 지정해야 함
  (소스 파일 '../private/Timer.cpp'을(를) 컴파일하는 중)
      C:\Program Files (x86)\Windows Kits\10\Include\10.0.28000.0\um\DirectXMath.h(964,12):
      'DirectX::XMFLOAT4X4' 선언을 참조하십시오.
  
C:\Users\kkth3\OneDrive\문서\GitHub\250531\Client\Engine\public\Engine_Struct.h(22,14): warning C4251: 'Engine::ObjectConstants::TexTransform': 'DirectX::XMFLOAT4X4'에서는 'Engine::ObjectConstants'의 클라이언트에서 DLL 인터페이스를 사용하도록 지정해야 함
  (소스 파일 '../private/Timer.cpp'을(를) 컴파일하는 중)
      C:\Program Files (x86)\Windows Kits\10\Include\10.0.28000.0\um\DirectXMath.h(964,12):
      'DirectX::XMFLOAT4X4' 선언을 참조하십시오.
  
C:\Users\kkth3\OneDrive\문서\GitHub\250531\Client\Engine\public\Engine_Struct.h(31,21): warning C4251: 'Engine::Light::Strength': 'DirectX::XMFLOAT3'에서는 'Engine::Light'의 클라이언트에서 DLL 인터페이스를 사용하도록 지정해야 함
  (소스 파일 '../private/Timer.cpp'을(를) 컴파일하는 중)
      C:\Program Files (x86)\Windows Kits\10\Include\10.0.28000.0\um\DirectXMath.h(661,12):
      'DirectX::XMFLOAT3' 선언을 참조하십시오.
  
C:\Users\kkth3\OneDrive\문서\GitHub\250531\Client\Engine\public\Engine_Struct.h(33,21): warning C4251: 'Engine::Light::Direction': 'DirectX::XMFLOAT3'에서는 'Engine::Light'의 클라이언트에서 DLL 인터페이스를 사용하도록 지정해야 함
  (소스 파일 '../private/Timer.cpp'을(를) 컴파일하는 중)
      C:\Program Files (x86)\Windows Kits\10\Include\10.0.28000.0\um\DirectXMath.h(661,12):
      'DirectX::XMFLOAT3' 선언을 참조하십시오.
  
C:\Users\kkth3\OneDrive\문서\GitHub\250531\Client\Engine\public\Engine_Struct.h(35,21): warning C4251: 'Engine::Light::Position': 'DirectX::XMFLOAT3'에서는 'Engine::Light'의 클라이언트에서 DLL 인터페이스를 사용하도록 지정해야 함
  (소스 파일 '../private/Timer.cpp'을(를) 컴파일하는 중)
      C:\Program Files (x86)\Windows Kits\10\Include\10.0.28000.0\um\DirectXMath.h(661,12):
      'DirectX::XMFLOAT3' 선언을 참조하십시오.
  
C:\Users\kkth3\OneDrive\문서\GitHub\250531\Client\Engine\public\Engine_Struct.h(41,23): warning C4251: 'Engine::PassConstants::View': 'DirectX::XMFLOAT4X4'에서는 'Engine::PassConstants'의 클라이언트에서 DLL 인터페이스를 사용하도록 지정해야 함
  (소스 파일 '../private/Timer.cpp'을(를) 컴파일하는 중)
      C:\Program Files (x86)\Windows Kits\10\Include\10.0.28000.0\um\DirectXMath.h(964,12):
      'DirectX::XMFLOAT4X4' 선언을 참조하십시오.
  
C:\Users\kkth3\OneDrive\문서\GitHub\250531\Client\Engine\public\Engine_Struct.h(42,23): warning C4251: 'Engine::PassConstants::InvView': 'DirectX::XMFLOAT4X4'에서는 'Engine::PassConstants'의 클라이언트에서 DLL 인터페이스를 사용하도록 지정해야 함
  (소스 파일 '../private/Timer.cpp'을(를) 컴파일하는 중)
      C:\Program Files (x86)\Windows Kits\10\Include\10.0.28000.0\um\DirectXMath.h(964,12):
      'DirectX::XMFLOAT4X4' 선언을 참조하십시오.
  
C:\Users\kkth3\OneDrive\문서\GitHub\250531\Client\Engine\public\Engine_Struct.h(43,23): warning C4251: 'Engine::PassConstants::Proj': 'DirectX::XMFLOAT4X4'에서는 'Engine::PassConstants'의 클라이언트에서 DLL 인터페이스를 사용하도록 지정해야 함
  (소스 파일 '../private/Timer.cpp'을(를) 컴파일하는 중)
      C:\Program Files (x86)\Windows Kits\10\Include\10.0.28000.0\um\DirectXMath.h(964,12):
      'DirectX::XMFLOAT4X4' 선언을 참조하십시오.
  
C:\Users\kkth3\OneDrive\문서\GitHub\250531\Client\Engine\public\Engine_Struct.h(44,23): warning C4251: 'Engine::PassConstants::InvProj': 'DirectX::XMFLOAT4X4'에서는 'Engine::PassConstants'의 클라이언트에서 DLL 인터페이스를 사용하도록 지정해야 함
  (소스 파일 '../private/Timer.cpp'을(를) 컴파일하는 중)
      C:\Program Files (x86)\Windows Kits\10\Include\10.0.28000.0\um\DirectXMath.h(964,12):
      'DirectX::XMFLOAT4X4' 선언을 참조하십시오.
  
C:\Users\kkth3\OneDrive\문서\GitHub\250531\Client\Engine\public\Engine_Struct.h(45,23): warning C4251: 'Engine::PassConstants::ViewProj': 'DirectX::XMFLOAT4X4'에서는 'Engine::PassConstants'의 클라이언트에서 DLL 인터페이스를 사용하도록 지정해야 함
  (소스 파일 '../private/Timer.cpp'을(를) 컴파일하는 중)
      C:\Program Files (x86)\Windows Kits\10\Include\10.0.28000.0\um\DirectXMath.h(964,12):
      'DirectX::XMFLOAT4X4' 선언을 참조하십시오.
  
C:\Users\kkth3\OneDrive\문서\GitHub\250531\Client\Engine\public\Engine_Struct.h(46,23): warning C4251: 'Engine::PassConstants::InvViewProj': 'DirectX::XMFLOAT4X4'에서는 'Engine::PassConstants'의 클라이언트에서 DLL 인터페이스를 사용하도록 지정해야 함
  (소스 파일 '../private/Timer.cpp'을(를) 컴파일하는 중)
      C:\Program Files (x86)\Windows Kits\10\Include\10.0.28000.0\um\DirectXMath.h(964,12):
      'DirectX::XMFLOAT4X4' 선언을 참조하십시오.
  
C:\Users\kkth3\OneDrive\문서\GitHub\250531\Client\Engine\public\Engine_Struct.h(47,23): warning C4251: 'Engine::PassConstants::ShadowTransform': 'DirectX::XMFLOAT4X4'에서는 'Engine::PassConstants'의 클라이언트에서 DLL 인터페이스를 사용하도록 지정해야 함
  (소스 파일 '../private/Timer.cpp'을(를) 컴파일하는 중)
      C:\Program Files (x86)\Windows Kits\10\Include\10.0.28000.0\um\DirectXMath.h(964,12):
      'DirectX::XMFLOAT4X4' 선언을 참조하십시오.
  
C:\Users\kkth3\OneDrive\문서\GitHub\250531\Client\Engine\public\Engine_Struct.h(48,21): warning C4251: 'Engine::PassConstants::EyePosW': 'DirectX::XMFLOAT3'에서는 'Engine::PassConstants'의 클라이언트에서 DLL 인터페이스를 사용하도록 지정해야 함
  (소스 파일 '../private/Timer.cpp'을(를) 컴파일하는 중)
      C:\Program Files (x86)\Windows Kits\10\Include\10.0.28000.0\um\DirectXMath.h(661,12):
      'DirectX::XMFLOAT3' 선언을 참조하십시오.
  
C:\Users\kkth3\OneDrive\문서\GitHub\250531\Client\Engine\public\Engine_Struct.h(50,21): warning C4251: 'Engine::PassConstants::RenderTargetSize': 'DirectX::XMFLOAT2'에서는 'Engine::PassConstants'의 클라이언트에서 DLL 인터페이스를 사용하도록 지정해야 함
  (소스 파일 '../private/Timer.cpp'을(를) 컴파일하는 중)
      C:\Program Files (x86)\Windows Kits\10\Include\10.0.28000.0\um\DirectXMath.h(584,12):
      'DirectX::XMFLOAT2' 선언을 참조하십시오.
  
C:\Users\kkth3\OneDrive\문서\GitHub\250531\Client\Engine\public\Engine_Struct.h(51,21): warning C4251: 'Engine::PassConstants::InvRenderTargetSize': 'DirectX::XMFLOAT2'에서는 'Engine::PassConstants'의 클라이언트에서 DLL 인터페이스를 사용하도록 지정해야 함
  (소스 파일 '../private/Timer.cpp'을(를) 컴파일하는 중)
      C:\Program Files (x86)\Windows Kits\10\Include\10.0.28000.0\um\DirectXMath.h(584,12):
      'DirectX::XMFLOAT2' 선언을 참조하십시오.
  
C:\Users\kkth3\OneDrive\문서\GitHub\250531\Client\Engine\public\Engine_Struct.h(57,21): warning C4251: 'Engine::PassConstants::AmbientLight': 'DirectX::XMFLOAT4'에서는 'Engine::PassConstants'의 클라이언트에서 DLL 인터페이스를 사용하도록 지정해야 함
  (소스 파일 '../private/Timer.cpp'을(를) 컴파일하는 중)
      C:\Program Files (x86)\Windows Kits\10\Include\10.0.28000.0\um\DirectXMath.h(736,12):
      'DirectX::XMFLOAT4' 선언을 참조하십시오.
  
C:\Users\kkth3\OneDrive\문서\GitHub\250531\Client\Engine\public\Engine_Struct.h(86,21): warning C4251: 'Engine::MaterialConstants::DiffuseAlbedo': 'DirectX::XMFLOAT4'에서는 'Engine::MaterialConstants'의 클라이언트에서 DLL 인터페이스를 사용하도록 지정해야 함
  (소스 파일 '../private/Timer.cpp'을(를) 컴파일하는 중)
      C:\Program Files (x86)\Windows Kits\10\Include\10.0.28000.0\um\DirectXMath.h(736,12):
      'DirectX::XMFLOAT4' 선언을 참조하십시오.
  
C:\Users\kkth3\OneDrive\문서\GitHub\250531\Client\Engine\public\Engine_Struct.h(87,21): warning C4251: 'Engine::MaterialConstants::FresnelR0': 'DirectX::XMFLOAT3'에서는 'Engine::MaterialConstants'의 클라이언트에서 DLL 인터페이스를 사용하도록 지정해야 함
  (소스 파일 '../private/Timer.cpp'을(를) 컴파일하는 중)
      C:\Program Files (x86)\Windows Kits\10\Include\10.0.28000.0\um\DirectXMath.h(661,12):
      'DirectX::XMFLOAT3' 선언을 참조하십시오.
  
C:\Users\kkth3\OneDrive\문서\GitHub\250531\Client\Engine\public\Engine_Struct.h(89,23): warning C4251: 'Engine::MaterialConstants::MatTransform': 'DirectX::XMFLOAT4X4'에서는 'Engine::MaterialConstants'의 클라이언트에서 DLL 인터페이스를 사용하도록 지정해야 함
  (소스 파일 '../private/Timer.cpp'을(를) 컴파일하는 중)
      C:\Program Files (x86)\Windows Kits\10\Include\10.0.28000.0\um\DirectXMath.h(964,12):
      'DirectX::XMFLOAT4X4' 선언을 참조하십시오.
  
C:\Users\kkth3\OneDrive\문서\GitHub\250531\Client\Engine\public\Engine_Struct.h(94,21): warning C4251: 'Engine::MaterialData::DiffuseAlbedo': 'DirectX::XMFLOAT4'에서는 'Engine::MaterialData'의 클라이언트에서 DLL 인터페이스를 사용하도록 지정해야 함
  (소스 파일 '../private/Timer.cpp'을(를) 컴파일하는 중)
      C:\Program Files (x86)\Windows Kits\10\Include\10.0.28000.0\um\DirectXMath.h(736,12):
      'DirectX::XMFLOAT4' 선언을 참조하십시오.
  
C:\Users\kkth3\OneDrive\문서\GitHub\250531\Client\Engine\public\Engine_Struct.h(95,21): warning C4251: 'Engine::MaterialData::FresnelR0': 'DirectX::XMFLOAT3'에서는 'Engine::MaterialData'의 클라이언트에서 DLL 인터페이스를 사용하도록 지정해야 함
  (소스 파일 '../private/Timer.cpp'을(를) 컴파일하는 중)
      C:\Program Files (x86)\Windows Kits\10\Include\10.0.28000.0\um\DirectXMath.h(661,12):
      'DirectX::XMFLOAT3' 선언을 참조하십시오.
  
C:\Users\kkth3\OneDrive\문서\GitHub\250531\Client\Engine\public\Engine_Struct.h(99,23): warning C4251: 'Engine::MaterialData::MatTransform': 'DirectX::XMFLOAT4X4'에서는 'Engine::MaterialData'의 클라이언트에서 DLL 인터페이스를 사용하도록 지정해야 함
  (소스 파일 '../private/Timer.cpp'을(를) 컴파일하는 중)
      C:\Program Files (x86)\Windows Kits\10\Include\10.0.28000.0\um\DirectXMath.h(964,12):
      'DirectX::XMFLOAT4X4' 선언을 참조하십시오.
  
C:\Users\kkth3\OneDrive\문서\GitHub\250531\Client\Engine\public\Engine_Struct.h(113,14): warning C4251: 'Engine::InstanceData::World': 'DirectX::XMFLOAT4X4'에서는 'Engine::InstanceData'의 클라이언트에서 DLL 인터페이스를 사용하도록 지정해야 함
  (소스 파일 '../private/Timer.cpp'을(를) 컴파일하는 중)
      C:\Program Files (x86)\Windows Kits\10\Include\10.0.28000.0\um\DirectXMath.h(964,12):
      'DirectX::XMFLOAT4X4' 선언을 참조하십시오.
  
C:\Users\kkth3\OneDrive\문서\GitHub\250531\Client\Engine\public\Engine_Struct.h(142,13): warning C4251: 'Engine::tagVertex_Position::vPosition': 'DirectX::XMFLOAT3'에서는 'Engine::tagVertex_Position'의 클라이언트에서 DLL 인터페이스를 사용하도록 지정해야 함
  (소스 파일 '../private/Timer.cpp'을(를) 컴파일하는 중)
      C:\Program Files (x86)\Windows Kits\10\Include\10.0.28000.0\um\DirectXMath.h(661,12):
      'DirectX::XMFLOAT3' 선언을 참조하십시오.
  
C:\Users\kkth3\OneDrive\문서\GitHub\250531\Client\Engine\public\Engine_Struct.h(151,13): warning C4251: 'Engine::tagVertex_Position_Normal::vPosition': 'DirectX::XMFLOAT3'에서는 'Engine::tagVertex_Position_Normal'의 클라이언트에서 DLL 인터페이스를 사용하도록 지정해야 함
  (소스 파일 '../private/Timer.cpp'을(를) 컴파일하는 중)
      C:\Program Files (x86)\Windows Kits\10\Include\10.0.28000.0\um\DirectXMath.h(661,12):
      'DirectX::XMFLOAT3' 선언을 참조하십시오.
  
C:\Users\kkth3\OneDrive\문서\GitHub\250531\Client\Engine\public\Engine_Struct.h(152,13): warning C4251: 'Engine::tagVertex_Position_Normal::vNormal': 'DirectX::XMFLOAT3'에서는 'Engine::tagVertex_Position_Normal'의 클라이언트에서 DLL 인터페이스를 사용하도록 지정해야 함
  (소스 파일 '../private/Timer.cpp'을(를) 컴파일하는 중)
      C:\Program Files (x86)\Windows Kits\10\Include\10.0.28000.0\um\DirectXMath.h(661,12):
      'DirectX::XMFLOAT3' 선언을 참조하십시오.
  
C:\Users\kkth3\OneDrive\문서\GitHub\250531\Client\Engine\public\Engine_Struct.h(161,13): warning C4251: 'Engine::tagVertex_Position_Texcoord::vPosition': 'DirectX::XMFLOAT3'에서는 'Engine::tagVertex_Position_Texcoord'의 클라이언트에서 DLL 인터페이스를 사용하도록 지정해야 함
  (소스 파일 '../private/Timer.cpp'을(를) 컴파일하는 중)
      C:\Program Files (x86)\Windows Kits\10\Include\10.0.28000.0\um\DirectXMath.h(661,12):
      'DirectX::XMFLOAT3' 선언을 참조하십시오.
  
C:\Users\kkth3\OneDrive\문서\GitHub\250531\Client\Engine\public\Engine_Struct.h(162,13): warning C4251: 'Engine::tagVertex_Position_Texcoord::vTexcoord': 'DirectX::XMFLOAT2'에서는 'Engine::tagVertex_Position_Texcoord'의 클라이언트에서 DLL 인터페이스를 사용하도록 지정해야 함
  (소스 파일 '../private/Timer.cpp'을(를) 컴파일하는 중)
      C:\Program Files (x86)\Windows Kits\10\Include\10.0.28000.0\um\DirectXMath.h(584,12):
      'DirectX::XMFLOAT2' 선언을 참조하십시오.
  
C:\Users\kkth3\OneDrive\문서\GitHub\250531\Client\Engine\public\Engine_Struct.h(171,13): warning C4251: 'Engine::tagVertex_Position_Normal_Texcoord::vPosition': 'DirectX::XMFLOAT3'에서는 'Engine::tagVertex_Position_Normal_Texcoord'의 클라이언트에서 DLL 인터페이스를 사용하도록 지정해야 함
  (소스 파일 '../private/Timer.cpp'을(를) 컴파일하는 중)
      C:\Program Files (x86)\Windows Kits\10\Include\10.0.28000.0\um\DirectXMath.h(661,12):
      'DirectX::XMFLOAT3' 선언을 참조하십시오.
  
C:\Users\kkth3\OneDrive\문서\GitHub\250531\Client\Engine\public\Engine_Struct.h(172,13): warning C4251: 'Engine::tagVertex_Position_Normal_Texcoord::vNormal': 'DirectX::XMFLOAT3'에서는 'Engine::tagVertex_Position_Normal_Texcoord'의 클라이언트에서 DLL 인터페이스를 사용하도록 지정해야 함
  (소스 파일 '../private/Timer.cpp'을(를) 컴파일하는 중)
      C:\Program Files (x86)\Windows Kits\10\Include\10.0.28000.0\um\DirectXMath.h(661,12):
      'DirectX::XMFLOAT3' 선언을 참조하십시오.
  
C:\Users\kkth3\OneDrive\문서\GitHub\250531\Client\Engine\public\Engine_Struct.h(173,13): warning C4251: 'Engine::tagVertex_Position_Normal_Texcoord::vTexcoord': 'DirectX::XMFLOAT2'에서는 'Engine::tagVertex_Position_Normal_Texcoord'의 클라이언트에서 DLL 인터페이스를 사용하도록 지정해야 함
  (소스 파일 '../private/Timer.cpp'을(를) 컴파일하는 중)
      C:\Program Files (x86)\Windows Kits\10\Include\10.0.28000.0\um\DirectXMath.h(584,12):
      'DirectX::XMFLOAT2' 선언을 참조하십시오.
  
C:\Users\kkth3\OneDrive\문서\GitHub\250531\Client\Engine\public\Engine_Struct.h(182,13): warning C4251: 'Engine::tagVertex_Position_Cube_Texcoord::vPosition': 'DirectX::XMFLOAT3'에서는 'Engine::tagVertex_Position_Cube_Texcoord'의 클라이언트에서 DLL 인터페이스를 사용하도록 지정해야 함
  (소스 파일 '../private/Timer.cpp'을(를) 컴파일하는 중)
      C:\Program Files (x86)\Windows Kits\10\Include\10.0.28000.0\um\DirectXMath.h(661,12):
      'DirectX::XMFLOAT3' 선언을 참조하십시오.
  
C:\Users\kkth3\OneDrive\문서\GitHub\250531\Client\Engine\public\Engine_Struct.h(183,13): warning C4251: 'Engine::tagVertex_Position_Cube_Texcoord::vTexcoord': 'DirectX::XMFLOAT3'에서는 'Engine::tagVertex_Position_Cube_Texcoord'의 클라이언트에서 DLL 인터페이스를 사용하도록 지정해야 함
  (소스 파일 '../private/Timer.cpp'을(를) 컴파일하는 중)
      C:\Program Files (x86)\Windows Kits\10\Include\10.0.28000.0\um\DirectXMath.h(661,12):
      'DirectX::XMFLOAT3' 선언을 참조하십시오.
  
C:\Users\kkth3\OneDrive\문서\GitHub\250531\Client\Engine\public\Engine_Struct.h(192,13): warning C4251: 'Engine::tagVertex_Mesh::vPosition': 'DirectX::XMFLOAT3'에서는 'Engine::tagVertex_Mesh'의 클라이언트에서 DLL 인터페이스를 사용하도록 지정해야 함
  (소스 파일 '../private/Timer.cpp'을(를) 컴파일하는 중)
      C:\Program Files (x86)\Windows Kits\10\Include\10.0.28000.0\um\DirectXMath.h(661,12):
      'DirectX::XMFLOAT3' 선언을 참조하십시오.
  
C:\Users\kkth3\OneDrive\문서\GitHub\250531\Client\Engine\public\Engine_Struct.h(193,13): warning C4251: 'Engine::tagVertex_Mesh::vNormal': 'DirectX::XMFLOAT3'에서는 'Engine::tagVertex_Mesh'의 클라이언트에서 DLL 인터페이스를 사용하도록 지정해야 함
  (소스 파일 '../private/Timer.cpp'을(를) 컴파일하는 중)
      C:\Program Files (x86)\Windows Kits\10\Include\10.0.28000.0\um\DirectXMath.h(661,12):
      'DirectX::XMFLOAT3' 선언을 참조하십시오.
  
C:\Users\kkth3\OneDrive\문서\GitHub\250531\Client\Engine\public\Engine_Struct.h(194,13): warning C4251: 'Engine::tagVertex_Mesh::vTexcoord': 'DirectX::XMFLOAT2'에서는 'Engine::tagVertex_Mesh'의 클라이언트에서 DLL 인터페이스를 사용하도록 지정해야 함
  (소스 파일 '../private/Timer.cpp'을(를) 컴파일하는 중)
      C:\Program Files (x86)\Windows Kits\10\Include\10.0.28000.0\um\DirectXMath.h(584,12):
      'DirectX::XMFLOAT2' 선언을 참조하십시오.
  
C:\Users\kkth3\OneDrive\문서\GitHub\250531\Client\Engine\public\Engine_Struct.h(195,13): warning C4251: 'Engine::tagVertex_Mesh::vTangent': 'DirectX::XMFLOAT3'에서는 'Engine::tagVertex_Mesh'의 클라이언트에서 DLL 인터페이스를 사용하도록 지정해야 함
  (소스 파일 '../private/Timer.cpp'을(를) 컴파일하는 중)
      C:\Program Files (x86)\Windows Kits\10\Include\10.0.28000.0\um\DirectXMath.h(661,12):
      'DirectX::XMFLOAT3' 선언을 참조하십시오.
  
C:\Users\kkth3\OneDrive\문서\GitHub\250531\Client\Engine\public\Engine_Struct.h(204,13): warning C4251: 'Engine::tagVertex_Anim_Mesh::vPosition': 'DirectX::XMFLOAT3'에서는 'Engine::tagVertex_Anim_Mesh'의 클라이언트에서 DLL 인터페이스를 사용하도록 지정해야 함
  (소스 파일 '../private/Timer.cpp'을(를) 컴파일하는 중)
      C:\Program Files (x86)\Windows Kits\10\Include\10.0.28000.0\um\DirectXMath.h(661,12):
      'DirectX::XMFLOAT3' 선언을 참조하십시오.
  
C:\Users\kkth3\OneDrive\문서\GitHub\250531\Client\Engine\public\Engine_Struct.h(205,13): warning C4251: 'Engine::tagVertex_Anim_Mesh::vNormal': 'DirectX::XMFLOAT3'에서는 'Engine::tagVertex_Anim_Mesh'의 클라이언트에서 DLL 인터페이스를 사용하도록 지정해야 함
  (소스 파일 '../private/Timer.cpp'을(를) 컴파일하는 중)
      C:\Program Files (x86)\Windows Kits\10\Include\10.0.28000.0\um\DirectXMath.h(661,12):
      'DirectX::XMFLOAT3' 선언을 참조하십시오.
  
C:\Users\kkth3\OneDrive\문서\GitHub\250531\Client\Engine\public\Engine_Struct.h(206,13): warning C4251: 'Engine::tagVertex_Anim_Mesh::vTexcoord': 'DirectX::XMFLOAT2'에서는 'Engine::tagVertex_Anim_Mesh'의 클라이언트에서 DLL 인터페이스를 사용하도록 지정해야 함
  (소스 파일 '../private/Timer.cpp'을(를) 컴파일하는 중)
      C:\Program Files (x86)\Windows Kits\10\Include\10.0.28000.0\um\DirectXMath.h(584,12):
      'DirectX::XMFLOAT2' 선언을 참조하십시오.
  
C:\Users\kkth3\OneDrive\문서\GitHub\250531\Client\Engine\public\Engine_Struct.h(207,13): warning C4251: 'Engine::tagVertex_Anim_Mesh::vTangent': 'DirectX::XMFLOAT3'에서는 'Engine::tagVertex_Anim_Mesh'의 클라이언트에서 DLL 인터페이스를 사용하도록 지정해야 함
  (소스 파일 '../private/Timer.cpp'을(를) 컴파일하는 중)
      C:\Program Files (x86)\Windows Kits\10\Include\10.0.28000.0\um\DirectXMath.h(661,12):
      'DirectX::XMFLOAT3' 선언을 참조하십시오.
  
C:\Users\kkth3\OneDrive\문서\GitHub\250531\Client\Engine\public\Engine_Struct.h(209,13): warning C4251: 'Engine::tagVertex_Anim_Mesh::vBlendIndices': 'DirectX::XMUINT4'에서는 'Engine::tagVertex_Anim_Mesh'의 클라이언트에서 DLL 인터페이스를 사용하도록 지정해야 함
  (소스 파일 '../private/Timer.cpp'을(를) 컴파일하는 중)
      C:\Program Files (x86)\Windows Kits\10\Include\10.0.28000.0\um\DirectXMath.h(793,12):
      'DirectX::XMUINT4' 선언을 참조하십시오.
  
C:\Users\kkth3\OneDrive\문서\GitHub\250531\Client\Engine\public\Engine_Struct.h(210,13): warning C4251: 'Engine::tagVertex_Anim_Mesh::vBlendWeights': 'DirectX::XMFLOAT4'에서는 'Engine::tagVertex_Anim_Mesh'의 클라이언트에서 DLL 인터페이스를 사용하도록 지정해야 함
  (소스 파일 '../private/Timer.cpp'을(를) 컴파일하는 중)
      C:\Program Files (x86)\Windows Kits\10\Include\10.0.28000.0\um\DirectXMath.h(736,12):
      'DirectX::XMFLOAT4' 선언을 참조하십시오.
  
  Transform.cpp
C:\Users\kkth3\OneDrive\문서\GitHub\250531\Client\Engine\public\Engine_Struct.h(21,14): warning C4251: 'Engine::ObjectConstants::World': 'DirectX::XMFLOAT4X4'에서는 'Engine::ObjectConstants'의 클라이언트에서 DLL 인터페이스를 사용하도록 지정해야 함
  (소스 파일 '../private/Transform.cpp'을(를) 컴파일하는 중)
      C:\Program Files (x86)\Windows Kits\10\Include\10.0.28000.0\um\DirectXMath.h(964,12):
      'DirectX::XMFLOAT4X4' 선언을 참조하십시오.
  
C:\Users\kkth3\OneDrive\문서\GitHub\250531\Client\Engine\public\Engine_Struct.h(22,14): warning C4251: 'Engine::ObjectConstants::TexTransform': 'DirectX::XMFLOAT4X4'에서는 'Engine::ObjectConstants'의 클라이언트에서 DLL 인터페이스를 사용하도록 지정해야 함
  (소스 파일 '../private/Transform.cpp'을(를) 컴파일하는 중)
      C:\Program Files (x86)\Windows Kits\10\Include\10.0.28000.0\um\DirectXMath.h(964,12):
      'DirectX::XMFLOAT4X4' 선언을 참조하십시오.
  
C:\Users\kkth3\OneDrive\문서\GitHub\250531\Client\Engine\public\Engine_Struct.h(31,21): warning C4251: 'Engine::Light::Strength': 'DirectX::XMFLOAT3'에서는 'Engine::Light'의 클라이언트에서 DLL 인터페이스를 사용하도록 지정해야 함
  (소스 파일 '../private/Transform.cpp'을(를) 컴파일하는 중)
      C:\Program Files (x86)\Windows Kits\10\Include\10.0.28000.0\um\DirectXMath.h(661,12):
      'DirectX::XMFLOAT3' 선언을 참조하십시오.
  
C:\Users\kkth3\OneDrive\문서\GitHub\250531\Client\Engine\public\Engine_Struct.h(33,21): warning C4251: 'Engine::Light::Direction': 'DirectX::XMFLOAT3'에서는 'Engine::Light'의 클라이언트에서 DLL 인터페이스를 사용하도록 지정해야 함
  (소스 파일 '../private/Transform.cpp'을(를) 컴파일하는 중)
      C:\Program Files (x86)\Windows Kits\10\Include\10.0.28000.0\um\DirectXMath.h(661,12):
      'DirectX::XMFLOAT3' 선언을 참조하십시오.
  
C:\Users\kkth3\OneDrive\문서\GitHub\250531\Client\Engine\public\Engine_Struct.h(35,21): warning C4251: 'Engine::Light::Position': 'DirectX::XMFLOAT3'에서는 'Engine::Light'의 클라이언트에서 DLL 인터페이스를 사용하도록 지정해야 함
  (소스 파일 '../private/Transform.cpp'을(를) 컴파일하는 중)
      C:\Program Files (x86)\Windows Kits\10\Include\10.0.28000.0\um\DirectXMath.h(661,12):
      'DirectX::XMFLOAT3' 선언을 참조하십시오.
  
C:\Users\kkth3\OneDrive\문서\GitHub\250531\Client\Engine\public\Engine_Struct.h(41,23): warning C4251: 'Engine::PassConstants::View': 'DirectX::XMFLOAT4X4'에서는 'Engine::PassConstants'의 클라이언트에서 DLL 인터페이스를 사용하도록 지정해야 함
  (소스 파일 '../private/Transform.cpp'을(를) 컴파일하는 중)
      C:\Program Files (x86)\Windows Kits\10\Include\10.0.28000.0\um\DirectXMath.h(964,12):
      'DirectX::XMFLOAT4X4' 선언을 참조하십시오.
  
C:\Users\kkth3\OneDrive\문서\GitHub\250531\Client\Engine\public\Engine_Struct.h(42,23): warning C4251: 'Engine::PassConstants::InvView': 'DirectX::XMFLOAT4X4'에서는 'Engine::PassConstants'의 클라이언트에서 DLL 인터페이스를 사용하도록 지정해야 함
  (소스 파일 '../private/Transform.cpp'을(를) 컴파일하는 중)
      C:\Program Files (x86)\Windows Kits\10\Include\10.0.28000.0\um\DirectXMath.h(964,12):
      'DirectX::XMFLOAT4X4' 선언을 참조하십시오.
  
C:\Users\kkth3\OneDrive\문서\GitHub\250531\Client\Engine\public\Engine_Struct.h(43,23): warning C4251: 'Engine::PassConstants::Proj': 'DirectX::XMFLOAT4X4'에서는 'Engine::PassConstants'의 클라이언트에서 DLL 인터페이스를 사용하도록 지정해야 함
  (소스 파일 '../private/Transform.cpp'을(를) 컴파일하는 중)
      C:\Program Files (x86)\Windows Kits\10\Include\10.0.28000.0\um\DirectXMath.h(964,12):
      'DirectX::XMFLOAT4X4' 선언을 참조하십시오.
  
C:\Users\kkth3\OneDrive\문서\GitHub\250531\Client\Engine\public\Engine_Struct.h(44,23): warning C4251: 'Engine::PassConstants::InvProj': 'DirectX::XMFLOAT4X4'에서는 'Engine::PassConstants'의 클라이언트에서 DLL 인터페이스를 사용하도록 지정해야 함
  (소스 파일 '../private/Transform.cpp'을(를) 컴파일하는 중)
      C:\Program Files (x86)\Windows Kits\10\Include\10.0.28000.0\um\DirectXMath.h(964,12):
      'DirectX::XMFLOAT4X4' 선언을 참조하십시오.
  
C:\Users\kkth3\OneDrive\문서\GitHub\250531\Client\Engine\public\Engine_Struct.h(45,23): warning C4251: 'Engine::PassConstants::ViewProj': 'DirectX::XMFLOAT4X4'에서는 'Engine::PassConstants'의 클라이언트에서 DLL 인터페이스를 사용하도록 지정해야 함
  (소스 파일 '../private/Transform.cpp'을(를) 컴파일하는 중)
      C:\Program Files (x86)\Windows Kits\10\Include\10.0.28000.0\um\DirectXMath.h(964,12):
      'DirectX::XMFLOAT4X4' 선언을 참조하십시오.
  
C:\Users\kkth3\OneDrive\문서\GitHub\250531\Client\Engine\public\Engine_Struct.h(46,23): warning C4251: 'Engine::PassConstants::InvViewProj': 'DirectX::XMFLOAT4X4'에서는 'Engine::PassConstants'의 클라이언트에서 DLL 인터페이스를 사용하도록 지정해야 함
  (소스 파일 '../private/Transform.cpp'을(를) 컴파일하는 중)
      C:\Program Files (x86)\Windows Kits\10\Include\10.0.28000.0\um\DirectXMath.h(964,12):
      'DirectX::XMFLOAT4X4' 선언을 참조하십시오.
  
C:\Users\kkth3\OneDrive\문서\GitHub\250531\Client\Engine\public\Engine_Struct.h(47,23): warning C4251: 'Engine::PassConstants::ShadowTransform': 'DirectX::XMFLOAT4X4'에서는 'Engine::PassConstants'의 클라이언트에서 DLL 인터페이스를 사용하도록 지정해야 함
  (소스 파일 '../private/Transform.cpp'을(를) 컴파일하는 중)
      C:\Program Files (x86)\Windows Kits\10\Include\10.0.28000.0\um\DirectXMath.h(964,12):
      'DirectX::XMFLOAT4X4' 선언을 참조하십시오.
  
C:\Users\kkth3\OneDrive\문서\GitHub\250531\Client\Engine\public\Engine_Struct.h(48,21): warning C4251: 'Engine::PassConstants::EyePosW': 'DirectX::XMFLOAT3'에서는 'Engine::PassConstants'의 클라이언트에서 DLL 인터페이스를 사용하도록 지정해야 함
  (소스 파일 '../private/Transform.cpp'을(를) 컴파일하는 중)
      C:\Program Files (x86)\Windows Kits\10\Include\10.0.28000.0\um\DirectXMath.h(661,12):
      'DirectX::XMFLOAT3' 선언을 참조하십시오.
  
C:\Users\kkth3\OneDrive\문서\GitHub\250531\Client\Engine\public\Engine_Struct.h(50,21): warning C4251: 'Engine::PassConstants::RenderTargetSize': 'DirectX::XMFLOAT2'에서는 'Engine::PassConstants'의 클라이언트에서 DLL 인터페이스를 사용하도록 지정해야 함
  (소스 파일 '../private/Transform.cpp'을(를) 컴파일하는 중)
      C:\Program Files (x86)\Windows Kits\10\Include\10.0.28000.0\um\DirectXMath.h(584,12):
      'DirectX::XMFLOAT2' 선언을 참조하십시오.
  
C:\Users\kkth3\OneDrive\문서\GitHub\250531\Client\Engine\public\Engine_Struct.h(51,21): warning C4251: 'Engine::PassConstants::InvRenderTargetSize': 'DirectX::XMFLOAT2'에서는 'Engine::PassConstants'의 클라이언트에서 DLL 인터페이스를 사용하도록 지정해야 함
  (소스 파일 '../private/Transform.cpp'을(를) 컴파일하는 중)
      C:\Program Files (x86)\Windows Kits\10\Include\10.0.28000.0\um\DirectXMath.h(584,12):
      'DirectX::XMFLOAT2' 선언을 참조하십시오.
  
C:\Users\kkth3\OneDrive\문서\GitHub\250531\Client\Engine\public\Engine_Struct.h(57,21): warning C4251: 'Engine::PassConstants::AmbientLight': 'DirectX::XMFLOAT4'에서는 'Engine::PassConstants'의 클라이언트에서 DLL 인터페이스를 사용하도록 지정해야 함
  (소스 파일 '../private/Transform.cpp'을(를) 컴파일하는 중)
      C:\Program Files (x86)\Windows Kits\10\Include\10.0.28000.0\um\DirectXMath.h(736,12):
      'DirectX::XMFLOAT4' 선언을 참조하십시오.
  
C:\Users\kkth3\OneDrive\문서\GitHub\250531\Client\Engine\public\Engine_Struct.h(86,21): warning C4251: 'Engine::MaterialConstants::DiffuseAlbedo': 'DirectX::XMFLOAT4'에서는 'Engine::MaterialConstants'의 클라이언트에서 DLL 인터페이스를 사용하도록 지정해야 함
  (소스 파일 '../private/Transform.cpp'을(를) 컴파일하는 중)
      C:\Program Files (x86)\Windows Kits\10\Include\10.0.28000.0\um\DirectXMath.h(736,12):
      'DirectX::XMFLOAT4' 선언을 참조하십시오.
  
C:\Users\kkth3\OneDrive\문서\GitHub\250531\Client\Engine\public\Engine_Struct.h(87,21): warning C4251: 'Engine::MaterialConstants::FresnelR0': 'DirectX::XMFLOAT3'에서는 'Engine::MaterialConstants'의 클라이언트에서 DLL 인터페이스를 사용하도록 지정해야 함
  (소스 파일 '../private/Transform.cpp'을(를) 컴파일하는 중)
      C:\Program Files (x86)\Windows Kits\10\Include\10.0.28000.0\um\DirectXMath.h(661,12):
      'DirectX::XMFLOAT3' 선언을 참조하십시오.
  
C:\Users\kkth3\OneDrive\문서\GitHub\250531\Client\Engine\public\Engine_Struct.h(89,23): warning C4251: 'Engine::MaterialConstants::MatTransform': 'DirectX::XMFLOAT4X4'에서는 'Engine::MaterialConstants'의 클라이언트에서 DLL 인터페이스를 사용하도록 지정해야 함
  (소스 파일 '../private/Transform.cpp'을(를) 컴파일하는 중)
      C:\Program Files (x86)\Windows Kits\10\Include\10.0.28000.0\um\DirectXMath.h(964,12):
      'DirectX::XMFLOAT4X4' 선언을 참조하십시오.
  
C:\Users\kkth3\OneDrive\문서\GitHub\250531\Client\Engine\public\Engine_Struct.h(94,21): warning C4251: 'Engine::MaterialData::DiffuseAlbedo': 'DirectX::XMFLOAT4'에서는 'Engine::MaterialData'의 클라이언트에서 DLL 인터페이스를 사용하도록 지정해야 함
  (소스 파일 '../private/Transform.cpp'을(를) 컴파일하는 중)
      C:\Program Files (x86)\Windows Kits\10\Include\10.0.28000.0\um\DirectXMath.h(736,12):
      'DirectX::XMFLOAT4' 선언을 참조하십시오.
  
C:\Users\kkth3\OneDrive\문서\GitHub\250531\Client\Engine\public\Engine_Struct.h(95,21): warning C4251: 'Engine::MaterialData::FresnelR0': 'DirectX::XMFLOAT3'에서는 'Engine::MaterialData'의 클라이언트에서 DLL 인터페이스를 사용하도록 지정해야 함
  (소스 파일 '../private/Transform.cpp'을(를) 컴파일하는 중)
      C:\Program Files (x86)\Windows Kits\10\Include\10.0.28000.0\um\DirectXMath.h(661,12):
      'DirectX::XMFLOAT3' 선언을 참조하십시오.
  
C:\Users\kkth3\OneDrive\문서\GitHub\250531\Client\Engine\public\Engine_Struct.h(99,23): warning C4251: 'Engine::MaterialData::MatTransform': 'DirectX::XMFLOAT4X4'에서는 'Engine::MaterialData'의 클라이언트에서 DLL 인터페이스를 사용하도록 지정해야 함
  (소스 파일 '../private/Transform.cpp'을(를) 컴파일하는 중)
      C:\Program Files (x86)\Windows Kits\10\Include\10.0.28000.0\um\DirectXMath.h(964,12):
      'DirectX::XMFLOAT4X4' 선언을 참조하십시오.
  
C:\Users\kkth3\OneDrive\문서\GitHub\250531\Client\Engine\public\Engine_Struct.h(113,14): warning C4251: 'Engine::InstanceData::World': 'DirectX::XMFLOAT4X4'에서는 'Engine::InstanceData'의 클라이언트에서 DLL 인터페이스를 사용하도록 지정해야 함
  (소스 파일 '../private/Transform.cpp'을(를) 컴파일하는 중)
      C:\Program Files (x86)\Windows Kits\10\Include\10.0.28000.0\um\DirectXMath.h(964,12):
      'DirectX::XMFLOAT4X4' 선언을 참조하십시오.
  
C:\Users\kkth3\OneDrive\문서\GitHub\250531\Client\Engine\public\Engine_Struct.h(142,13): warning C4251: 'Engine::tagVertex_Position::vPosition': 'DirectX::XMFLOAT3'에서는 'Engine::tagVertex_Position'의 클라이언트에서 DLL 인터페이스를 사용하도록 지정해야 함
  (소스 파일 '../private/Transform.cpp'을(를) 컴파일하는 중)
      C:\Program Files (x86)\Windows Kits\10\Include\10.0.28000.0\um\DirectXMath.h(661,12):
      'DirectX::XMFLOAT3' 선언을 참조하십시오.
  
C:\Users\kkth3\OneDrive\문서\GitHub\250531\Client\Engine\public\Engine_Struct.h(151,13): warning C4251: 'Engine::tagVertex_Position_Normal::vPosition': 'DirectX::XMFLOAT3'에서는 'Engine::tagVertex_Position_Normal'의 클라이언트에서 DLL 인터페이스를 사용하도록 지정해야 함
  (소스 파일 '../private/Transform.cpp'을(를) 컴파일하는 중)
      C:\Program Files (x86)\Windows Kits\10\Include\10.0.28000.0\um\DirectXMath.h(661,12):
      'DirectX::XMFLOAT3' 선언을 참조하십시오.
  
C:\Users\kkth3\OneDrive\문서\GitHub\250531\Client\Engine\public\Engine_Struct.h(152,13): warning C4251: 'Engine::tagVertex_Position_Normal::vNormal': 'DirectX::XMFLOAT3'에서는 'Engine::tagVertex_Position_Normal'의 클라이언트에서 DLL 인터페이스를 사용하도록 지정해야 함
  (소스 파일 '../private/Transform.cpp'을(를) 컴파일하는 중)
      C:\Program Files (x86)\Windows Kits\10\Include\10.0.28000.0\um\DirectXMath.h(661,12):
      'DirectX::XMFLOAT3' 선언을 참조하십시오.
  
C:\Users\kkth3\OneDrive\문서\GitHub\250531\Client\Engine\public\Engine_Struct.h(161,13): warning C4251: 'Engine::tagVertex_Position_Texcoord::vPosition': 'DirectX::XMFLOAT3'에서는 'Engine::tagVertex_Position_Texcoord'의 클라이언트에서 DLL 인터페이스를 사용하도록 지정해야 함
  (소스 파일 '../private/Transform.cpp'을(를) 컴파일하는 중)
      C:\Program Files (x86)\Windows Kits\10\Include\10.0.28000.0\um\DirectXMath.h(661,12):
      'DirectX::XMFLOAT3' 선언을 참조하십시오.
  
C:\Users\kkth3\OneDrive\문서\GitHub\250531\Client\Engine\public\Engine_Struct.h(162,13): warning C4251: 'Engine::tagVertex_Position_Texcoord::vTexcoord': 'DirectX::XMFLOAT2'에서는 'Engine::tagVertex_Position_Texcoord'의 클라이언트에서 DLL 인터페이스를 사용하도록 지정해야 함
  (소스 파일 '../private/Transform.cpp'을(를) 컴파일하는 중)
      C:\Program Files (x86)\Windows Kits\10\Include\10.0.28000.0\um\DirectXMath.h(584,12):
      'DirectX::XMFLOAT2' 선언을 참조하십시오.
  
C:\Users\kkth3\OneDrive\문서\GitHub\250531\Client\Engine\public\Engine_Struct.h(171,13): warning C4251: 'Engine::tagVertex_Position_Normal_Texcoord::vPosition': 'DirectX::XMFLOAT3'에서는 'Engine::tagVertex_Position_Normal_Texcoord'의 클라이언트에서 DLL 인터페이스를 사용하도록 지정해야 함
  (소스 파일 '../private/Transform.cpp'을(를) 컴파일하는 중)
      C:\Program Files (x86)\Windows Kits\10\Include\10.0.28000.0\um\DirectXMath.h(661,12):
      'DirectX::XMFLOAT3' 선언을 참조하십시오.
  
C:\Users\kkth3\OneDrive\문서\GitHub\250531\Client\Engine\public\Engine_Struct.h(172,13): warning C4251: 'Engine::tagVertex_Position_Normal_Texcoord::vNormal': 'DirectX::XMFLOAT3'에서는 'Engine::tagVertex_Position_Normal_Texcoord'의 클라이언트에서 DLL 인터페이스를 사용하도록 지정해야 함
  (소스 파일 '../private/Transform.cpp'을(를) 컴파일하는 중)
      C:\Program Files (x86)\Windows Kits\10\Include\10.0.28000.0\um\DirectXMath.h(661,12):
      'DirectX::XMFLOAT3' 선언을 참조하십시오.
  
C:\Users\kkth3\OneDrive\문서\GitHub\250531\Client\Engine\public\Engine_Struct.h(173,13): warning C4251: 'Engine::tagVertex_Position_Normal_Texcoord::vTexcoord': 'DirectX::XMFLOAT2'에서는 'Engine::tagVertex_Position_Normal_Texcoord'의 클라이언트에서 DLL 인터페이스를 사용하도록 지정해야 함
  (소스 파일 '../private/Transform.cpp'을(를) 컴파일하는 중)
      C:\Program Files (x86)\Windows Kits\10\Include\10.0.28000.0\um\DirectXMath.h(584,12):
      'DirectX::XMFLOAT2' 선언을 참조하십시오.
  
C:\Users\kkth3\OneDrive\문서\GitHub\250531\Client\Engine\public\Engine_Struct.h(182,13): warning C4251: 'Engine::tagVertex_Position_Cube_Texcoord::vPosition': 'DirectX::XMFLOAT3'에서는 'Engine::tagVertex_Position_Cube_Texcoord'의 클라이언트에서 DLL 인터페이스를 사용하도록 지정해야 함
  (소스 파일 '../private/Transform.cpp'을(를) 컴파일하는 중)
      C:\Program Files (x86)\Windows Kits\10\Include\10.0.28000.0\um\DirectXMath.h(661,12):
      'DirectX::XMFLOAT3' 선언을 참조하십시오.
  
C:\Users\kkth3\OneDrive\문서\GitHub\250531\Client\Engine\public\Engine_Struct.h(183,13): warning C4251: 'Engine::tagVertex_Position_Cube_Texcoord::vTexcoord': 'DirectX::XMFLOAT3'에서는 'Engine::tagVertex_Position_Cube_Texcoord'의 클라이언트에서 DLL 인터페이스를 사용하도록 지정해야 함
  (소스 파일 '../private/Transform.cpp'을(를) 컴파일하는 중)
      C:\Program Files (x86)\Windows Kits\10\Include\10.0.28000.0\um\DirectXMath.h(661,12):
      'DirectX::XMFLOAT3' 선언을 참조하십시오.
  
C:\Users\kkth3\OneDrive\문서\GitHub\250531\Client\Engine\public\Engine_Struct.h(192,13): warning C4251: 'Engine::tagVertex_Mesh::vPosition': 'DirectX::XMFLOAT3'에서는 'Engine::tagVertex_Mesh'의 클라이언트에서 DLL 인터페이스를 사용하도록 지정해야 함
  (소스 파일 '../private/Transform.cpp'을(를) 컴파일하는 중)
      C:\Program Files (x86)\Windows Kits\10\Include\10.0.28000.0\um\DirectXMath.h(661,12):
      'DirectX::XMFLOAT3' 선언을 참조하십시오.
  
C:\Users\kkth3\OneDrive\문서\GitHub\250531\Client\Engine\public\Engine_Struct.h(193,13): warning C4251: 'Engine::tagVertex_Mesh::vNormal': 'DirectX::XMFLOAT3'에서는 'Engine::tagVertex_Mesh'의 클라이언트에서 DLL 인터페이스를 사용하도록 지정해야 함
  (소스 파일 '../private/Transform.cpp'을(를) 컴파일하는 중)
      C:\Program Files (x86)\Windows Kits\10\Include\10.0.28000.0\um\DirectXMath.h(661,12):
      'DirectX::XMFLOAT3' 선언을 참조하십시오.
  
C:\Users\kkth3\OneDrive\문서\GitHub\250531\Client\Engine\public\Engine_Struct.h(194,13): warning C4251: 'Engine::tagVertex_Mesh::vTexcoord': 'DirectX::XMFLOAT2'에서는 'Engine::tagVertex_Mesh'의 클라이언트에서 DLL 인터페이스를 사용하도록 지정해야 함
  (소스 파일 '../private/Transform.cpp'을(를) 컴파일하는 중)
      C:\Program Files (x86)\Windows Kits\10\Include\10.0.28000.0\um\DirectXMath.h(584,12):
      'DirectX::XMFLOAT2' 선언을 참조하십시오.
  
C:\Users\kkth3\OneDrive\문서\GitHub\250531\Client\Engine\public\Engine_Struct.h(195,13): warning C4251: 'Engine::tagVertex_Mesh::vTangent': 'DirectX::XMFLOAT3'에서는 'Engine::tagVertex_Mesh'의 클라이언트에서 DLL 인터페이스를 사용하도록 지정해야 함
  (소스 파일 '../private/Transform.cpp'을(를) 컴파일하는 중)
      C:\Program Files (x86)\Windows Kits\10\Include\10.0.28000.0\um\DirectXMath.h(661,12):
      'DirectX::XMFLOAT3' 선언을 참조하십시오.
  
C:\Users\kkth3\OneDrive\문서\GitHub\250531\Client\Engine\public\Engine_Struct.h(204,13): warning C4251: 'Engine::tagVertex_Anim_Mesh::vPosition': 'DirectX::XMFLOAT3'에서는 'Engine::tagVertex_Anim_Mesh'의 클라이언트에서 DLL 인터페이스를 사용하도록 지정해야 함
  (소스 파일 '../private/Transform.cpp'을(를) 컴파일하는 중)
      C:\Program Files (x86)\Windows Kits\10\Include\10.0.28000.0\um\DirectXMath.h(661,12):
      'DirectX::XMFLOAT3' 선언을 참조하십시오.
  
C:\Users\kkth3\OneDrive\문서\GitHub\250531\Client\Engine\public\Engine_Struct.h(205,13): warning C4251: 'Engine::tagVertex_Anim_Mesh::vNormal': 'DirectX::XMFLOAT3'에서는 'Engine::tagVertex_Anim_Mesh'의 클라이언트에서 DLL 인터페이스를 사용하도록 지정해야 함
  (소스 파일 '../private/Transform.cpp'을(를) 컴파일하는 중)
      C:\Program Files (x86)\Windows Kits\10\Include\10.0.28000.0\um\DirectXMath.h(661,12):
      'DirectX::XMFLOAT3' 선언을 참조하십시오.
  
C:\Users\kkth3\OneDrive\문서\GitHub\250531\Client\Engine\public\Engine_Struct.h(206,13): warning C4251: 'Engine::tagVertex_Anim_Mesh::vTexcoord': 'DirectX::XMFLOAT2'에서는 'Engine::tagVertex_Anim_Mesh'의 클라이언트에서 DLL 인터페이스를 사용하도록 지정해야 함
  (소스 파일 '../private/Transform.cpp'을(를) 컴파일하는 중)
      C:\Program Files (x86)\Windows Kits\10\Include\10.0.28000.0\um\DirectXMath.h(584,12):
      'DirectX::XMFLOAT2' 선언을 참조하십시오.
  
C:\Users\kkth3\OneDrive\문서\GitHub\250531\Client\Engine\public\Engine_Struct.h(207,13): warning C4251: 'Engine::tagVertex_Anim_Mesh::vTangent': 'DirectX::XMFLOAT3'에서는 'Engine::tagVertex_Anim_Mesh'의 클라이언트에서 DLL 인터페이스를 사용하도록 지정해야 함
  (소스 파일 '../private/Transform.cpp'을(를) 컴파일하는 중)
      C:\Program Files (x86)\Windows Kits\10\Include\10.0.28000.0\um\DirectXMath.h(661,12):
      'DirectX::XMFLOAT3' 선언을 참조하십시오.
  
C:\Users\kkth3\OneDrive\문서\GitHub\250531\Client\Engine\public\Engine_Struct.h(209,13): warning C4251: 'Engine::tagVertex_Anim_Mesh::vBlendIndices': 'DirectX::XMUINT4'에서는 'Engine::tagVertex_Anim_Mesh'의 클라이언트에서 DLL 인터페이스를 사용하도록 지정해야 함
  (소스 파일 '../private/Transform.cpp'을(를) 컴파일하는 중)
      C:\Program Files (x86)\Windows Kits\10\Include\10.0.28000.0\um\DirectXMath.h(793,12):
      'DirectX::XMUINT4' 선언을 참조하십시오.
  
C:\Users\kkth3\OneDrive\문서\GitHub\250531\Client\Engine\public\Engine_Struct.h(210,13): warning C4251: 'Engine::tagVertex_Anim_Mesh::vBlendWeights': 'DirectX::XMFLOAT4'에서는 'Engine::tagVertex_Anim_Mesh'의 클라이언트에서 DLL 인터페이스를 사용하도록 지정해야 함
  (소스 파일 '../private/Transform.cpp'을(를) 컴파일하는 중)
      C:\Program Files (x86)\Windows Kits\10\Include\10.0.28000.0\um\DirectXMath.h(736,12):
      'DirectX::XMFLOAT4' 선언을 참조하십시오.
  
C:\Users\kkth3\OneDrive\문서\GitHub\250531\Client\Engine\public\Transform.h(106,13): warning C4251: 'Engine::CTransform::m_WorldMatrix': 'DirectX::XMFLOAT4X4'에서는 'Engine::CTransform'의 클라이언트에서 DLL 인터페이스를 사용하도록 지정해야 함
  (소스 파일 '../private/Transform.cpp'을(를) 컴파일하는 중)
      C:\Program Files (x86)\Windows Kits\10\Include\10.0.28000.0\um\DirectXMath.h(964,12):
      'DirectX::XMFLOAT4X4' 선언을 참조하십시오.
  
  UIObject.cpp
C:\Users\kkth3\OneDrive\문서\GitHub\250531\Client\Engine\public\Engine_Struct.h(21,14): warning C4251: 'Engine::ObjectConstants::World': 'DirectX::XMFLOAT4X4'에서는 'Engine::ObjectConstants'의 클라이언트에서 DLL 인터페이스를 사용하도록 지정해야 함
  (소스 파일 '../private/UIObject.cpp'을(를) 컴파일하는 중)
      C:\Program Files (x86)\Windows Kits\10\Include\10.0.28000.0\um\DirectXMath.h(964,12):
      'DirectX::XMFLOAT4X4' 선언을 참조하십시오.
  
C:\Users\kkth3\OneDrive\문서\GitHub\250531\Client\Engine\public\Engine_Struct.h(22,14): warning C4251: 'Engine::ObjectConstants::TexTransform': 'DirectX::XMFLOAT4X4'에서는 'Engine::ObjectConstants'의 클라이언트에서 DLL 인터페이스를 사용하도록 지정해야 함
  (소스 파일 '../private/UIObject.cpp'을(를) 컴파일하는 중)
      C:\Program Files (x86)\Windows Kits\10\Include\10.0.28000.0\um\DirectXMath.h(964,12):
      'DirectX::XMFLOAT4X4' 선언을 참조하십시오.
  
C:\Users\kkth3\OneDrive\문서\GitHub\250531\Client\Engine\public\Engine_Struct.h(31,21): warning C4251: 'Engine::Light::Strength': 'DirectX::XMFLOAT3'에서는 'Engine::Light'의 클라이언트에서 DLL 인터페이스를 사용하도록 지정해야 함
  (소스 파일 '../private/UIObject.cpp'을(를) 컴파일하는 중)
      C:\Program Files (x86)\Windows Kits\10\Include\10.0.28000.0\um\DirectXMath.h(661,12):
      'DirectX::XMFLOAT3' 선언을 참조하십시오.
  
C:\Users\kkth3\OneDrive\문서\GitHub\250531\Client\Engine\public\Engine_Struct.h(33,21): warning C4251: 'Engine::Light::Direction': 'DirectX::XMFLOAT3'에서는 'Engine::Light'의 클라이언트에서 DLL 인터페이스를 사용하도록 지정해야 함
  (소스 파일 '../private/UIObject.cpp'을(를) 컴파일하는 중)
      C:\Program Files (x86)\Windows Kits\10\Include\10.0.28000.0\um\DirectXMath.h(661,12):
      'DirectX::XMFLOAT3' 선언을 참조하십시오.
  
C:\Users\kkth3\OneDrive\문서\GitHub\250531\Client\Engine\public\Engine_Struct.h(35,21): warning C4251: 'Engine::Light::Position': 'DirectX::XMFLOAT3'에서는 'Engine::Light'의 클라이언트에서 DLL 인터페이스를 사용하도록 지정해야 함
  (소스 파일 '../private/UIObject.cpp'을(를) 컴파일하는 중)
      C:\Program Files (x86)\Windows Kits\10\Include\10.0.28000.0\um\DirectXMath.h(661,12):
      'DirectX::XMFLOAT3' 선언을 참조하십시오.
  
C:\Users\kkth3\OneDrive\문서\GitHub\250531\Client\Engine\public\Engine_Struct.h(41,23): warning C4251: 'Engine::PassConstants::View': 'DirectX::XMFLOAT4X4'에서는 'Engine::PassConstants'의 클라이언트에서 DLL 인터페이스를 사용하도록 지정해야 함
  (소스 파일 '../private/UIObject.cpp'을(를) 컴파일하는 중)
      C:\Program Files (x86)\Windows Kits\10\Include\10.0.28000.0\um\DirectXMath.h(964,12):
      'DirectX::XMFLOAT4X4' 선언을 참조하십시오.
  
C:\Users\kkth3\OneDrive\문서\GitHub\250531\Client\Engine\public\Engine_Struct.h(42,23): warning C4251: 'Engine::PassConstants::InvView': 'DirectX::XMFLOAT4X4'에서는 'Engine::PassConstants'의 클라이언트에서 DLL 인터페이스를 사용하도록 지정해야 함
  (소스 파일 '../private/UIObject.cpp'을(를) 컴파일하는 중)
      C:\Program Files (x86)\Windows Kits\10\Include\10.0.28000.0\um\DirectXMath.h(964,12):
      'DirectX::XMFLOAT4X4' 선언을 참조하십시오.
  
C:\Users\kkth3\OneDrive\문서\GitHub\250531\Client\Engine\public\Engine_Struct.h(43,23): warning C4251: 'Engine::PassConstants::Proj': 'DirectX::XMFLOAT4X4'에서는 'Engine::PassConstants'의 클라이언트에서 DLL 인터페이스를 사용하도록 지정해야 함
  (소스 파일 '../private/UIObject.cpp'을(를) 컴파일하는 중)
      C:\Program Files (x86)\Windows Kits\10\Include\10.0.28000.0\um\DirectXMath.h(964,12):
      'DirectX::XMFLOAT4X4' 선언을 참조하십시오.
  
C:\Users\kkth3\OneDrive\문서\GitHub\250531\Client\Engine\public\Engine_Struct.h(44,23): warning C4251: 'Engine::PassConstants::InvProj': 'DirectX::XMFLOAT4X4'에서는 'Engine::PassConstants'의 클라이언트에서 DLL 인터페이스를 사용하도록 지정해야 함
  (소스 파일 '../private/UIObject.cpp'을(를) 컴파일하는 중)
      C:\Program Files (x86)\Windows Kits\10\Include\10.0.28000.0\um\DirectXMath.h(964,12):
      'DirectX::XMFLOAT4X4' 선언을 참조하십시오.
  
C:\Users\kkth3\OneDrive\문서\GitHub\250531\Client\Engine\public\Engine_Struct.h(45,23): warning C4251: 'Engine::PassConstants::ViewProj': 'DirectX::XMFLOAT4X4'에서는 'Engine::PassConstants'의 클라이언트에서 DLL 인터페이스를 사용하도록 지정해야 함
  (소스 파일 '../private/UIObject.cpp'을(를) 컴파일하는 중)
      C:\Program Files (x86)\Windows Kits\10\Include\10.0.28000.0\um\DirectXMath.h(964,12):
      'DirectX::XMFLOAT4X4' 선언을 참조하십시오.
  
C:\Users\kkth3\OneDrive\문서\GitHub\250531\Client\Engine\public\Engine_Struct.h(46,23): warning C4251: 'Engine::PassConstants::InvViewProj': 'DirectX::XMFLOAT4X4'에서는 'Engine::PassConstants'의 클라이언트에서 DLL 인터페이스를 사용하도록 지정해야 함
  (소스 파일 '../private/UIObject.cpp'을(를) 컴파일하는 중)
      C:\Program Files (x86)\Windows Kits\10\Include\10.0.28000.0\um\DirectXMath.h(964,12):
      'DirectX::XMFLOAT4X4' 선언을 참조하십시오.
  
C:\Users\kkth3\OneDrive\문서\GitHub\250531\Client\Engine\public\Engine_Struct.h(47,23): warning C4251: 'Engine::PassConstants::ShadowTransform': 'DirectX::XMFLOAT4X4'에서는 'Engine::PassConstants'의 클라이언트에서 DLL 인터페이스를 사용하도록 지정해야 함
  (소스 파일 '../private/UIObject.cpp'을(를) 컴파일하는 중)
      C:\Program Files (x86)\Windows Kits\10\Include\10.0.28000.0\um\DirectXMath.h(964,12):
      'DirectX::XMFLOAT4X4' 선언을 참조하십시오.
  
C:\Users\kkth3\OneDrive\문서\GitHub\250531\Client\Engine\public\Engine_Struct.h(48,21): warning C4251: 'Engine::PassConstants::EyePosW': 'DirectX::XMFLOAT3'에서는 'Engine::PassConstants'의 클라이언트에서 DLL 인터페이스를 사용하도록 지정해야 함
  (소스 파일 '../private/UIObject.cpp'을(를) 컴파일하는 중)
      C:\Program Files (x86)\Windows Kits\10\Include\10.0.28000.0\um\DirectXMath.h(661,12):
      'DirectX::XMFLOAT3' 선언을 참조하십시오.
  
C:\Users\kkth3\OneDrive\문서\GitHub\250531\Client\Engine\public\Engine_Struct.h(50,21): warning C4251: 'Engine::PassConstants::RenderTargetSize': 'DirectX::XMFLOAT2'에서는 'Engine::PassConstants'의 클라이언트에서 DLL 인터페이스를 사용하도록 지정해야 함
  (소스 파일 '../private/UIObject.cpp'을(를) 컴파일하는 중)
      C:\Program Files (x86)\Windows Kits\10\Include\10.0.28000.0\um\DirectXMath.h(584,12):
      'DirectX::XMFLOAT2' 선언을 참조하십시오.
  
C:\Users\kkth3\OneDrive\문서\GitHub\250531\Client\Engine\public\Engine_Struct.h(51,21): warning C4251: 'Engine::PassConstants::InvRenderTargetSize': 'DirectX::XMFLOAT2'에서는 'Engine::PassConstants'의 클라이언트에서 DLL 인터페이스를 사용하도록 지정해야 함
  (소스 파일 '../private/UIObject.cpp'을(를) 컴파일하는 중)
      C:\Program Files (x86)\Windows Kits\10\Include\10.0.28000.0\um\DirectXMath.h(584,12):
      'DirectX::XMFLOAT2' 선언을 참조하십시오.
  
C:\Users\kkth3\OneDrive\문서\GitHub\250531\Client\Engine\public\Engine_Struct.h(57,21): warning C4251: 'Engine::PassConstants::AmbientLight': 'DirectX::XMFLOAT4'에서는 'Engine::PassConstants'의 클라이언트에서 DLL 인터페이스를 사용하도록 지정해야 함
  (소스 파일 '../private/UIObject.cpp'을(를) 컴파일하는 중)
      C:\Program Files (x86)\Windows Kits\10\Include\10.0.28000.0\um\DirectXMath.h(736,12):
      'DirectX::XMFLOAT4' 선언을 참조하십시오.
  
C:\Users\kkth3\OneDrive\문서\GitHub\250531\Client\Engine\public\Engine_Struct.h(86,21): warning C4251: 'Engine::MaterialConstants::DiffuseAlbedo': 'DirectX::XMFLOAT4'에서는 'Engine::MaterialConstants'의 클라이언트에서 DLL 인터페이스를 사용하도록 지정해야 함
  (소스 파일 '../private/UIObject.cpp'을(를) 컴파일하는 중)
      C:\Program Files (x86)\Windows Kits\10\Include\10.0.28000.0\um\DirectXMath.h(736,12):
      'DirectX::XMFLOAT4' 선언을 참조하십시오.
  
C:\Users\kkth3\OneDrive\문서\GitHub\250531\Client\Engine\public\Engine_Struct.h(87,21): warning C4251: 'Engine::MaterialConstants::FresnelR0': 'DirectX::XMFLOAT3'에서는 'Engine::MaterialConstants'의 클라이언트에서 DLL 인터페이스를 사용하도록 지정해야 함
  (소스 파일 '../private/UIObject.cpp'을(를) 컴파일하는 중)
      C:\Program Files (x86)\Windows Kits\10\Include\10.0.28000.0\um\DirectXMath.h(661,12):
      'DirectX::XMFLOAT3' 선언을 참조하십시오.
  
C:\Users\kkth3\OneDrive\문서\GitHub\250531\Client\Engine\public\Engine_Struct.h(89,23): warning C4251: 'Engine::MaterialConstants::MatTransform': 'DirectX::XMFLOAT4X4'에서는 'Engine::MaterialConstants'의 클라이언트에서 DLL 인터페이스를 사용하도록 지정해야 함
  (소스 파일 '../private/UIObject.cpp'을(를) 컴파일하는 중)
      C:\Program Files (x86)\Windows Kits\10\Include\10.0.28000.0\um\DirectXMath.h(964,12):
      'DirectX::XMFLOAT4X4' 선언을 참조하십시오.
  
C:\Users\kkth3\OneDrive\문서\GitHub\250531\Client\Engine\public\Engine_Struct.h(94,21): warning C4251: 'Engine::MaterialData::DiffuseAlbedo': 'DirectX::XMFLOAT4'에서는 'Engine::MaterialData'의 클라이언트에서 DLL 인터페이스를 사용하도록 지정해야 함
  (소스 파일 '../private/UIObject.cpp'을(를) 컴파일하는 중)
      C:\Program Files (x86)\Windows Kits\10\Include\10.0.28000.0\um\DirectXMath.h(736,12):
      'DirectX::XMFLOAT4' 선언을 참조하십시오.
  
C:\Users\kkth3\OneDrive\문서\GitHub\250531\Client\Engine\public\Engine_Struct.h(95,21): warning C4251: 'Engine::MaterialData::FresnelR0': 'DirectX::XMFLOAT3'에서는 'Engine::MaterialData'의 클라이언트에서 DLL 인터페이스를 사용하도록 지정해야 함
  (소스 파일 '../private/UIObject.cpp'을(를) 컴파일하는 중)
      C:\Program Files (x86)\Windows Kits\10\Include\10.0.28000.0\um\DirectXMath.h(661,12):
      'DirectX::XMFLOAT3' 선언을 참조하십시오.
  
C:\Users\kkth3\OneDrive\문서\GitHub\250531\Client\Engine\public\Engine_Struct.h(99,23): warning C4251: 'Engine::MaterialData::MatTransform': 'DirectX::XMFLOAT4X4'에서는 'Engine::MaterialData'의 클라이언트에서 DLL 인터페이스를 사용하도록 지정해야 함
  (소스 파일 '../private/UIObject.cpp'을(를) 컴파일하는 중)
      C:\Program Files (x86)\Windows Kits\10\Include\10.0.28000.0\um\DirectXMath.h(964,12):
      'DirectX::XMFLOAT4X4' 선언을 참조하십시오.
  
C:\Users\kkth3\OneDrive\문서\GitHub\250531\Client\Engine\public\Engine_Struct.h(113,14): warning C4251: 'Engine::InstanceData::World': 'DirectX::XMFLOAT4X4'에서는 'Engine::InstanceData'의 클라이언트에서 DLL 인터페이스를 사용하도록 지정해야 함
  (소스 파일 '../private/UIObject.cpp'을(를) 컴파일하는 중)
      C:\Program Files (x86)\Windows Kits\10\Include\10.0.28000.0\um\DirectXMath.h(964,12):
      'DirectX::XMFLOAT4X4' 선언을 참조하십시오.
  
C:\Users\kkth3\OneDrive\문서\GitHub\250531\Client\Engine\public\Engine_Struct.h(142,13): warning C4251: 'Engine::tagVertex_Position::vPosition': 'DirectX::XMFLOAT3'에서는 'Engine::tagVertex_Position'의 클라이언트에서 DLL 인터페이스를 사용하도록 지정해야 함
  (소스 파일 '../private/UIObject.cpp'을(를) 컴파일하는 중)
      C:\Program Files (x86)\Windows Kits\10\Include\10.0.28000.0\um\DirectXMath.h(661,12):
      'DirectX::XMFLOAT3' 선언을 참조하십시오.
  
C:\Users\kkth3\OneDrive\문서\GitHub\250531\Client\Engine\public\Engine_Struct.h(151,13): warning C4251: 'Engine::tagVertex_Position_Normal::vPosition': 'DirectX::XMFLOAT3'에서는 'Engine::tagVertex_Position_Normal'의 클라이언트에서 DLL 인터페이스를 사용하도록 지정해야 함
  (소스 파일 '../private/UIObject.cpp'을(를) 컴파일하는 중)
      C:\Program Files (x86)\Windows Kits\10\Include\10.0.28000.0\um\DirectXMath.h(661,12):
      'DirectX::XMFLOAT3' 선언을 참조하십시오.
  
C:\Users\kkth3\OneDrive\문서\GitHub\250531\Client\Engine\public\Engine_Struct.h(152,13): warning C4251: 'Engine::tagVertex_Position_Normal::vNormal': 'DirectX::XMFLOAT3'에서는 'Engine::tagVertex_Position_Normal'의 클라이언트에서 DLL 인터페이스를 사용하도록 지정해야 함
  (소스 파일 '../private/UIObject.cpp'을(를) 컴파일하는 중)
      C:\Program Files (x86)\Windows Kits\10\Include\10.0.28000.0\um\DirectXMath.h(661,12):
      'DirectX::XMFLOAT3' 선언을 참조하십시오.
  
C:\Users\kkth3\OneDrive\문서\GitHub\250531\Client\Engine\public\Engine_Struct.h(161,13): warning C4251: 'Engine::tagVertex_Position_Texcoord::vPosition': 'DirectX::XMFLOAT3'에서는 'Engine::tagVertex_Position_Texcoord'의 클라이언트에서 DLL 인터페이스를 사용하도록 지정해야 함
  (소스 파일 '../private/UIObject.cpp'을(를) 컴파일하는 중)
      C:\Program Files (x86)\Windows Kits\10\Include\10.0.28000.0\um\DirectXMath.h(661,12):
      'DirectX::XMFLOAT3' 선언을 참조하십시오.
  
C:\Users\kkth3\OneDrive\문서\GitHub\250531\Client\Engine\public\Engine_Struct.h(162,13): warning C4251: 'Engine::tagVertex_Position_Texcoord::vTexcoord': 'DirectX::XMFLOAT2'에서는 'Engine::tagVertex_Position_Texcoord'의 클라이언트에서 DLL 인터페이스를 사용하도록 지정해야 함
  (소스 파일 '../private/UIObject.cpp'을(를) 컴파일하는 중)
      C:\Program Files (x86)\Windows Kits\10\Include\10.0.28000.0\um\DirectXMath.h(584,12):
      'DirectX::XMFLOAT2' 선언을 참조하십시오.
  
C:\Users\kkth3\OneDrive\문서\GitHub\250531\Client\Engine\public\Engine_Struct.h(171,13): warning C4251: 'Engine::tagVertex_Position_Normal_Texcoord::vPosition': 'DirectX::XMFLOAT3'에서는 'Engine::tagVertex_Position_Normal_Texcoord'의 클라이언트에서 DLL 인터페이스를 사용하도록 지정해야 함
  (소스 파일 '../private/UIObject.cpp'을(를) 컴파일하는 중)
      C:\Program Files (x86)\Windows Kits\10\Include\10.0.28000.0\um\DirectXMath.h(661,12):
      'DirectX::XMFLOAT3' 선언을 참조하십시오.
  
C:\Users\kkth3\OneDrive\문서\GitHub\250531\Client\Engine\public\Engine_Struct.h(172,13): warning C4251: 'Engine::tagVertex_Position_Normal_Texcoord::vNormal': 'DirectX::XMFLOAT3'에서는 'Engine::tagVertex_Position_Normal_Texcoord'의 클라이언트에서 DLL 인터페이스를 사용하도록 지정해야 함
  (소스 파일 '../private/UIObject.cpp'을(를) 컴파일하는 중)
      C:\Program Files (x86)\Windows Kits\10\Include\10.0.28000.0\um\DirectXMath.h(661,12):
      'DirectX::XMFLOAT3' 선언을 참조하십시오.
  
C:\Users\kkth3\OneDrive\문서\GitHub\250531\Client\Engine\public\Engine_Struct.h(173,13): warning C4251: 'Engine::tagVertex_Position_Normal_Texcoord::vTexcoord': 'DirectX::XMFLOAT2'에서는 'Engine::tagVertex_Position_Normal_Texcoord'의 클라이언트에서 DLL 인터페이스를 사용하도록 지정해야 함
  (소스 파일 '../private/UIObject.cpp'을(를) 컴파일하는 중)
      C:\Program Files (x86)\Windows Kits\10\Include\10.0.28000.0\um\DirectXMath.h(584,12):
      'DirectX::XMFLOAT2' 선언을 참조하십시오.
  
C:\Users\kkth3\OneDrive\문서\GitHub\250531\Client\Engine\public\Engine_Struct.h(182,13): warning C4251: 'Engine::tagVertex_Position_Cube_Texcoord::vPosition': 'DirectX::XMFLOAT3'에서는 'Engine::tagVertex_Position_Cube_Texcoord'의 클라이언트에서 DLL 인터페이스를 사용하도록 지정해야 함
  (소스 파일 '../private/UIObject.cpp'을(를) 컴파일하는 중)
      C:\Program Files (x86)\Windows Kits\10\Include\10.0.28000.0\um\DirectXMath.h(661,12):
      'DirectX::XMFLOAT3' 선언을 참조하십시오.
  
C:\Users\kkth3\OneDrive\문서\GitHub\250531\Client\Engine\public\Engine_Struct.h(183,13): warning C4251: 'Engine::tagVertex_Position_Cube_Texcoord::vTexcoord': 'DirectX::XMFLOAT3'에서는 'Engine::tagVertex_Position_Cube_Texcoord'의 클라이언트에서 DLL 인터페이스를 사용하도록 지정해야 함
  (소스 파일 '../private/UIObject.cpp'을(를) 컴파일하는 중)
      C:\Program Files (x86)\Windows Kits\10\Include\10.0.28000.0\um\DirectXMath.h(661,12):
      'DirectX::XMFLOAT3' 선언을 참조하십시오.
  
C:\Users\kkth3\OneDrive\문서\GitHub\250531\Client\Engine\public\Engine_Struct.h(192,13): warning C4251: 'Engine::tagVertex_Mesh::vPosition': 'DirectX::XMFLOAT3'에서는 'Engine::tagVertex_Mesh'의 클라이언트에서 DLL 인터페이스를 사용하도록 지정해야 함
  (소스 파일 '../private/UIObject.cpp'을(를) 컴파일하는 중)
      C:\Program Files (x86)\Windows Kits\10\Include\10.0.28000.0\um\DirectXMath.h(661,12):
      'DirectX::XMFLOAT3' 선언을 참조하십시오.
  
C:\Users\kkth3\OneDrive\문서\GitHub\250531\Client\Engine\public\Engine_Struct.h(193,13): warning C4251: 'Engine::tagVertex_Mesh::vNormal': 'DirectX::XMFLOAT3'에서는 'Engine::tagVertex_Mesh'의 클라이언트에서 DLL 인터페이스를 사용하도록 지정해야 함
  (소스 파일 '../private/UIObject.cpp'을(를) 컴파일하는 중)
      C:\Program Files (x86)\Windows Kits\10\Include\10.0.28000.0\um\DirectXMath.h(661,12):
      'DirectX::XMFLOAT3' 선언을 참조하십시오.
  
C:\Users\kkth3\OneDrive\문서\GitHub\250531\Client\Engine\public\Engine_Struct.h(194,13): warning C4251: 'Engine::tagVertex_Mesh::vTexcoord': 'DirectX::XMFLOAT2'에서는 'Engine::tagVertex_Mesh'의 클라이언트에서 DLL 인터페이스를 사용하도록 지정해야 함
  (소스 파일 '../private/UIObject.cpp'을(를) 컴파일하는 중)
      C:\Program Files (x86)\Windows Kits\10\Include\10.0.28000.0\um\DirectXMath.h(584,12):
      'DirectX::XMFLOAT2' 선언을 참조하십시오.
  
C:\Users\kkth3\OneDrive\문서\GitHub\250531\Client\Engine\public\Engine_Struct.h(195,13): warning C4251: 'Engine::tagVertex_Mesh::vTangent': 'DirectX::XMFLOAT3'에서는 'Engine::tagVertex_Mesh'의 클라이언트에서 DLL 인터페이스를 사용하도록 지정해야 함
  (소스 파일 '../private/UIObject.cpp'을(를) 컴파일하는 중)
      C:\Program Files (x86)\Windows Kits\10\Include\10.0.28000.0\um\DirectXMath.h(661,12):
      'DirectX::XMFLOAT3' 선언을 참조하십시오.
  
C:\Users\kkth3\OneDrive\문서\GitHub\250531\Client\Engine\public\Engine_Struct.h(204,13): warning C4251: 'Engine::tagVertex_Anim_Mesh::vPosition': 'DirectX::XMFLOAT3'에서는 'Engine::tagVertex_Anim_Mesh'의 클라이언트에서 DLL 인터페이스를 사용하도록 지정해야 함
  (소스 파일 '../private/UIObject.cpp'을(를) 컴파일하는 중)
      C:\Program Files (x86)\Windows Kits\10\Include\10.0.28000.0\um\DirectXMath.h(661,12):
      'DirectX::XMFLOAT3' 선언을 참조하십시오.
  
C:\Users\kkth3\OneDrive\문서\GitHub\250531\Client\Engine\public\Engine_Struct.h(205,13): warning C4251: 'Engine::tagVertex_Anim_Mesh::vNormal': 'DirectX::XMFLOAT3'에서는 'Engine::tagVertex_Anim_Mesh'의 클라이언트에서 DLL 인터페이스를 사용하도록 지정해야 함
  (소스 파일 '../private/UIObject.cpp'을(를) 컴파일하는 중)
      C:\Program Files (x86)\Windows Kits\10\Include\10.0.28000.0\um\DirectXMath.h(661,12):
      'DirectX::XMFLOAT3' 선언을 참조하십시오.
  
C:\Users\kkth3\OneDrive\문서\GitHub\250531\Client\Engine\public\Engine_Struct.h(206,13): warning C4251: 'Engine::tagVertex_Anim_Mesh::vTexcoord': 'DirectX::XMFLOAT2'에서는 'Engine::tagVertex_Anim_Mesh'의 클라이언트에서 DLL 인터페이스를 사용하도록 지정해야 함
  (소스 파일 '../private/UIObject.cpp'을(를) 컴파일하는 중)
      C:\Program Files (x86)\Windows Kits\10\Include\10.0.28000.0\um\DirectXMath.h(584,12):
      'DirectX::XMFLOAT2' 선언을 참조하십시오.
  
C:\Users\kkth3\OneDrive\문서\GitHub\250531\Client\Engine\public\Engine_Struct.h(207,13): warning C4251: 'Engine::tagVertex_Anim_Mesh::vTangent': 'DirectX::XMFLOAT3'에서는 'Engine::tagVertex_Anim_Mesh'의 클라이언트에서 DLL 인터페이스를 사용하도록 지정해야 함
  (소스 파일 '../private/UIObject.cpp'을(를) 컴파일하는 중)
      C:\Program Files (x86)\Windows Kits\10\Include\10.0.28000.0\um\DirectXMath.h(661,12):
      'DirectX::XMFLOAT3' 선언을 참조하십시오.
  
C:\Users\kkth3\OneDrive\문서\GitHub\250531\Client\Engine\public\Engine_Struct.h(209,13): warning C4251: 'Engine::tagVertex_Anim_Mesh::vBlendIndices': 'DirectX::XMUINT4'에서는 'Engine::tagVertex_Anim_Mesh'의 클라이언트에서 DLL 인터페이스를 사용하도록 지정해야 함
  (소스 파일 '../private/UIObject.cpp'을(를) 컴파일하는 중)
      C:\Program Files (x86)\Windows Kits\10\Include\10.0.28000.0\um\DirectXMath.h(793,12):
      'DirectX::XMUINT4' 선언을 참조하십시오.
  
C:\Users\kkth3\OneDrive\문서\GitHub\250531\Client\Engine\public\Engine_Struct.h(210,13): warning C4251: 'Engine::tagVertex_Anim_Mesh::vBlendWeights': 'DirectX::XMFLOAT4'에서는 'Engine::tagVertex_Anim_Mesh'의 클라이언트에서 DLL 인터페이스를 사용하도록 지정해야 함
  (소스 파일 '../private/UIObject.cpp'을(를) 컴파일하는 중)
      C:\Program Files (x86)\Windows Kits\10\Include\10.0.28000.0\um\DirectXMath.h(736,12):
      'DirectX::XMFLOAT4' 선언을 참조하십시오.
  
C:\Users\kkth3\OneDrive\문서\GitHub\250531\Client\Engine\public\Transform.h(106,13): warning C4251: 'Engine::CTransform::m_WorldMatrix': 'DirectX::XMFLOAT4X4'에서는 'Engine::CTransform'의 클라이언트에서 DLL 인터페이스를 사용하도록 지정해야 함
  (소스 파일 '../private/UIObject.cpp'을(를) 컴파일하는 중)
      C:\Program Files (x86)\Windows Kits\10\Include\10.0.28000.0\um\DirectXMath.h(964,12):
      'DirectX::XMFLOAT4X4' 선언을 참조하십시오.
  
C:\Users\kkth3\OneDrive\문서\GitHub\250531\Client\Engine\public\GameObject.h(39,43): warning C4251: 'Engine::CGameObject::m_Components': 'std::unordered_map<std::string,Engine::CComponent *,std::hash<std::string>,std::equal_to<std::string>,std::allocator<std::pair<const std::string,Engine::CComponent *>>>'에서는 'Engine::CGameObject'의 클라이언트에서 DLL 인터페이스를 사용하도록 지정해야 함
  (소스 파일 '../private/UIObject.cpp'을(를) 컴파일하는 중)
      C:\Program Files\Microsoft Visual Studio\2022\Community\VC\Tools\MSVC\14.44.35207\include\unordered_map(61,7):
      'std::unordered_map<std::string,Engine::CComponent *,std::hash<std::string>,std::equal_to<std::string>,std::allocator<std::pair<const std::string,Engine::CComponent *>>>' 선언을 참조하십시오.
  
C:\Users\kkth3\OneDrive\문서\GitHub\250531\Client\Engine\public\Renderer.h(34,25): warning C4251: 'Engine::CRenderer::m_vRenderObjects': 'std::vector<Engine::CRenderObject *,std::allocator<Engine::CRenderObject *>>'에서는 'Engine::CRenderer'의 클라이언트에서 DLL 인터페이스를 사용하도록 지정해야 함
  (소스 파일 '../private/UIObject.cpp'을(를) 컴파일하는 중)
      C:\Program Files\Microsoft Visual Studio\2022\Community\VC\Tools\MSVC\14.44.35207\include\vector(442,7):
      'std::vector<Engine::CRenderObject *,std::allocator<Engine::CRenderObject *>>' 선언을 참조하십시오.
  
C:\Users\kkth3\OneDrive\문서\GitHub\250531\Client\Engine\public\VIBuffer_Geos.h(24,50): warning C4251: 'Engine::CVIBuffer_Geos::m_SubMeshInfos': 'std::unordered_map<Engine::CVIBuffer_Geos::BASIC_SUBMESHES,SubmeshGeometry,std::hash<Engine::CVIBuffer_Geos::BASIC_SUBMESHES>,std::equal_to<Engine::CVIBuffer_Geos::BASIC_SUBMESHES>,std::allocator<std::pair<const Engine::CVIBuffer_Geos::BASIC_SUBMESHES,SubmeshGeometry>>>'에서는 'Engine::CVIBuffer_Geos'의 클라이언트에서 DLL 인터페이스를 사용하도록 지정해야 함
  (소스 파일 '../private/UIObject.cpp'을(를) 컴파일하는 중)
      C:\Program Files\Microsoft Visual Studio\2022\Community\VC\Tools\MSVC\14.44.35207\include\unordered_map(61,7):
      'std::unordered_map<Engine::CVIBuffer_Geos::BASIC_SUBMESHES,SubmeshGeometry,std::hash<Engine::CVIBuffer_Geos::BASIC_SUBMESHES>,std::equal_to<Engine::CVIBuffer_Geos::BASIC_SUBMESHES>,std::allocator<std::pair<const Engine::CVIBuffer_Geos::BASIC_SUBMESHES,SubmeshGeometry>>>' 선언을 참조하십시오.
  
C:\Users\kkth3\OneDrive\문서\GitHub\250531\Client\Engine\public\Model.h(62,16): warning C4251: 'Engine::CModel::m_PivotMatrix': 'DirectX::XMFLOAT4X4'에서는 'Engine::CModel'의 클라이언트에서 DLL 인터페이스를 사용하도록 지정해야 함
  (소스 파일 '../private/UIObject.cpp'을(를) 컴파일하는 중)
      C:\Program Files (x86)\Windows Kits\10\Include\10.0.28000.0\um\DirectXMath.h(964,12):
      'DirectX::XMFLOAT4X4' 선언을 참조하십시오.
  
C:\Users\kkth3\OneDrive\문서\GitHub\250531\Client\Engine\public\Model.h(66,26): warning C4251: 'Engine::CModel::m_Meshes': 'std::vector<Engine::CMesh *,std::allocator<Engine::CMesh *>>'에서는 'Engine::CModel'의 클라이언트에서 DLL 인터페이스를 사용하도록 지정해야 함
  (소스 파일 '../private/UIObject.cpp'을(를) 컴파일하는 중)
      C:\Program Files\Microsoft Visual Studio\2022\Community\VC\Tools\MSVC\14.44.35207\include\vector(442,7):
      'std::vector<Engine::CMesh *,std::allocator<Engine::CMesh *>>' 선언을 참조하십시오.
  
C:\Users\kkth3\OneDrive\문서\GitHub\250531\Client\Engine\public\Model.h(68,26): warning C4251: 'Engine::CModel::m_Bones': 'std::vector<Engine::CBone *,std::allocator<Engine::CBone *>>'에서는 'Engine::CModel'의 클라이언트에서 DLL 인터페이스를 사용하도록 지정해야 함
  (소스 파일 '../private/UIObject.cpp'을(를) 컴파일하는 중)
      C:\Program Files\Microsoft Visual Studio\2022\Community\VC\Tools\MSVC\14.44.35207\include\vector(442,7):
      'std::vector<Engine::CBone *,std::allocator<Engine::CBone *>>' 선언을 참조하십시오.
  
C:\Users\kkth3\OneDrive\문서\GitHub\250531\Client\Engine\public\VIBuffer_Terrain.h(72,41): warning C4251: 'Engine::CVIBuffer_Terrain::m_pHeightMap': 'std::shared_ptr<std::vector<float,std::allocator<float>>>'에서는 'Engine::CVIBuffer_Terrain'의 클라이언트에서 DLL 인터페이스를 사용하도록 지정해야 함
  (소스 파일 '../private/UIObject.cpp'을(를) 컴파일하는 중)
      C:\Program Files\Microsoft Visual Studio\2022\Community\VC\Tools\MSVC\14.44.35207\include\memory(1565,7):
      'std::shared_ptr<std::vector<float,std::allocator<float>>>' 선언을 참조하십시오.
  
C:\Users\kkth3\OneDrive\문서\GitHub\250531\Client\Engine\public\VIBuffer_Terrain.h(74,33): warning C4251: 'Engine::CVIBuffer_Terrain::m_Chunks': 'std::vector<Engine::CVIBuffer_Terrain::TERRAINCHUNK,std::allocator<Engine::CVIBuffer_Terrain::TERRAINCHUNK>>'에서는 'Engine::CVIBuffer_Terrain'의 클라이언트에서 DLL 인터페이스를 사용하도록 지정해야 함
  (소스 파일 '../private/UIObject.cpp'을(를) 컴파일하는 중)
      C:\Program Files\Microsoft Visual Studio\2022\Community\VC\Tools\MSVC\14.44.35207\include\vector(442,7):
      'std::vector<Engine::CVIBuffer_Terrain::TERRAINCHUNK,std::allocator<Engine::CVIBuffer_Terrain::TERRAINCHUNK>>' 선언을 참조하십시오.
  
C:\Users\kkth3\OneDrive\문서\GitHub\250531\Client\Engine\public\VIBuffer_Terrain.h(87,33): warning C4251: 'Engine::CVIBuffer_Terrain::m_ChunkLODs': 'std::vector<GeometryGenerator::uint32,std::allocator<GeometryGenerator::uint32>>'에서는 'Engine::CVIBuffer_Terrain'의 클라이언트에서 DLL 인터페이스를 사용하도록 지정해야 함
  (소스 파일 '../private/UIObject.cpp'을(를) 컴파일하는 중)
      C:\Program Files\Microsoft Visual Studio\2022\Community\VC\Tools\MSVC\14.44.35207\include\vector(442,7):
      'std::vector<GeometryGenerator::uint32,std::allocator<GeometryGenerator::uint32>>' 선언을 참조하십시오.
  
C:\Users\kkth3\OneDrive\문서\GitHub\250531\Client\Engine\public\VIBuffer_Terrain.h(89,33): warning C4251: 'Engine::CVIBuffer_Terrain::m_FrustumPlanes': 'DirectX::XMFLOAT4'에서는 'Engine::CVIBuffer_Terrain'의 클라이언트에서 DLL 인터페이스를 사용하도록 지정해야 함
  (소스 파일 '../private/UIObject.cpp'을(를) 컴파일하는 중)
      C:\Program Files (x86)\Windows Kits\10\Include\10.0.28000.0\um\DirectXMath.h(736,12):
      'DirectX::XMFLOAT4' 선언을 참조하십시오.
  
C:\Users\kkth3\OneDrive\문서\GitHub\250531\Client\Engine\public\CBBinding.h(26,54): warning C4244: '=': 'Engine::_uint'에서 'float'(으)로 변환하면서 데이터가 손실될 수 있습니다.
  (소스 파일 '../private/UIObject.cpp'을(를) 컴파일하는 중)
  
C:\Users\kkth3\OneDrive\문서\GitHub\250531\Client\Engine\public\MeshModel.h(33,35): warning C4251: 'Engine::CMeshModel::m_Meshes': 'std::vector<Engine::CVIBuffer_Mesh *,std::allocator<Engine::CVIBuffer_Mesh *>>'에서는 'Engine::CMeshModel'의 클라이언트에서 DLL 인터페이스를 사용하도록 지정해야 함
  (소스 파일 '../private/UIObject.cpp'을(를) 컴파일하는 중)
      C:\Program Files\Microsoft Visual Studio\2022\Community\VC\Tools\MSVC\14.44.35207\include\vector(442,7):
      'std::vector<Engine::CVIBuffer_Mesh *,std::allocator<Engine::CVIBuffer_Mesh *>>' 선언을 참조하십시오.
  
C:\Users\kkth3\OneDrive\문서\GitHub\250531\Client\Engine\public\RootSignatureMgr.h(29,54): warning C4251: 'Engine::CRootSignatureMgr::mRootSignatures': 'std::unordered_map<std::string,Engine::CRootSignature *,std::hash<std::string>,std::equal_to<std::string>,std::allocator<std::pair<const std::string,Engine::CRootSignature *>>>'에서는 'Engine::CRootSignatureMgr'의 클라이언트에서 DLL 인터페이스를 사용하도록 지정해야 함
  (소스 파일 '../private/UIObject.cpp'을(를) 컴파일하는 중)
      C:\Program Files\Microsoft Visual Studio\2022\Community\VC\Tools\MSVC\14.44.35207\include\unordered_map(61,7):
      'std::unordered_map<std::string,Engine::CRootSignature *,std::hash<std::string>,std::equal_to<std::string>,std::allocator<std::pair<const std::string,Engine::CRootSignature *>>>' 선언을 참조하십시오.
  
C:\Users\kkth3\OneDrive\문서\GitHub\250531\Client\Engine\public\ObjectMgr.h(53,34): warning C4251: 'Engine::CObjectMgr::m_Layers': 'std::unordered_map<std::string,Engine::CObjectMgr::Layer,std::hash<std::string>,std::equal_to<std::string>,std::allocator<std::pair<const std::string,Engine::CObjectMgr::Layer>>>'에서는 'Engine::CObjectMgr'의 클라이언트에서 DLL 인터페이스를 사용하도록 지정해야 함
  (소스 파일 '../private/UIObject.cpp'을(를) 컴파일하는 중)
      C:\Program Files\Microsoft Visual Studio\2022\Community\VC\Tools\MSVC\14.44.35207\include\unordered_map(61,7):
      'std::unordered_map<std::string,Engine::CObjectMgr::Layer,std::hash<std::string>,std::equal_to<std::string>,std::allocator<std::pair<const std::string,Engine::CObjectMgr::Layer>>>' 선언을 참조하십시오.
  
C:\Users\kkth3\OneDrive\문서\GitHub\250531\Client\Engine\public\ObjectMgr.h(54,41): warning C4251: 'Engine::CObjectMgr::m_Prototypes': 'std::unordered_map<std::string,Engine::CGameObject *,std::hash<std::string>,std::equal_to<std::string>,std::allocator<std::pair<const std::string,Engine::CGameObject *>>>'에서는 'Engine::CObjectMgr'의 클라이언트에서 DLL 인터페이스를 사용하도록 지정해야 함
  (소스 파일 '../private/UIObject.cpp'을(를) 컴파일하는 중)
      C:\Program Files\Microsoft Visual Studio\2022\Community\VC\Tools\MSVC\14.44.35207\include\unordered_map(61,7):
      'std::unordered_map<std::string,Engine::CGameObject *,std::hash<std::string>,std::equal_to<std::string>,std::allocator<std::pair<const std::string,Engine::CGameObject *>>>' 선언을 참조하십시오.
  
C:\Users\kkth3\OneDrive\문서\GitHub\250531\Client\Engine\public\TextureMgr.h(74,32): warning C4251: 'Engine::CTextureMgr::hDescriptor': 'CD3DX12_CPU_DESCRIPTOR_HANDLE'에서는 'Engine::CTextureMgr'의 클라이언트에서 DLL 인터페이스를 사용하도록 지정해야 함
  (소스 파일 '../private/UIObject.cpp'을(를) 컴파일하는 중)
      C:\Users\kkth3\OneDrive\문서\GitHub\250531\Client\Engine\public\d3dx12.h(1471,8):
      'CD3DX12_CPU_DESCRIPTOR_HANDLE' 선언을 참조하십시오.
  
C:\Users\kkth3\OneDrive\문서\GitHub\250531\Client\Engine\public\TextureMgr.h(78,34): warning C4251: 'Engine::CTextureMgr::m_Textures': 'std::vector<std::pair<std::string,Engine::CTexture *>,std::allocator<std::pair<std::string,Engine::CTexture *>>>'에서는 'Engine::CTextureMgr'의 클라이언트에서 DLL 인터페이스를 사용하도록 지정해야 함
  (소스 파일 '../private/UIObject.cpp'을(를) 컴파일하는 중)
      C:\Program Files\Microsoft Visual Studio\2022\Community\VC\Tools\MSVC\14.44.35207\include\vector(442,7):
      'std::vector<std::pair<std::string,Engine::CTexture *>,std::allocator<std::pair<std::string,Engine::CTexture *>>>' 선언을 참조하십시오.
  
C:\Users\kkth3\OneDrive\문서\GitHub\250531\Client\Engine\public\GameInstance.h(143,12): warning C4251: 'Engine::CGameInstance::m_CameraViewProj': 'DirectX::XMFLOAT4X4'에서는 'Engine::CGameInstance'의 클라이언트에서 DLL 인터페이스를 사용하도록 지정해야 함
  (소스 파일 '../private/UIObject.cpp'을(를) 컴파일하는 중)
      C:\Program Files (x86)\Windows Kits\10\Include\10.0.28000.0\um\DirectXMath.h(964,12):
      'DirectX::XMFLOAT4X4' 선언을 참조하십시오.
  
C:\Users\kkth3\OneDrive\문서\GitHub\250531\Client\Engine\public\GameInstance.h(144,12): warning C4251: 'Engine::CGameInstance::m_ShadowViewProj': 'DirectX::XMFLOAT4X4'에서는 'Engine::CGameInstance'의 클라이언트에서 DLL 인터페이스를 사용하도록 지정해야 함
  (소스 파일 '../private/UIObject.cpp'을(를) 컴파일하는 중)
      C:\Program Files (x86)\Windows Kits\10\Include\10.0.28000.0\um\DirectXMath.h(964,12):
      'DirectX::XMFLOAT4X4' 선언을 참조하십시오.
  
C:\Users\kkth3\OneDrive\문서\GitHub\250531\Client\Engine\public\GameInstance.h(145,11): warning C4251: 'Engine::CGameInstance::m_CameraEye': 'DirectX::XMFLOAT3'에서는 'Engine::CGameInstance'의 클라이언트에서 DLL 인터페이스를 사용하도록 지정해야 함
  (소스 파일 '../private/UIObject.cpp'을(를) 컴파일하는 중)
      C:\Program Files (x86)\Windows Kits\10\Include\10.0.28000.0\um\DirectXMath.h(661,12):
      'DirectX::XMFLOAT3' 선언을 참조하십시오.
  
  VIBuffer.cpp
C:\Users\kkth3\OneDrive\문서\GitHub\250531\Client\Engine\public\Engine_Struct.h(21,14): warning C4251: 'Engine::ObjectConstants::World': 'DirectX::XMFLOAT4X4'에서는 'Engine::ObjectConstants'의 클라이언트에서 DLL 인터페이스를 사용하도록 지정해야 함
  (소스 파일 '../private/VIBuffer.cpp'을(를) 컴파일하는 중)
      C:\Program Files (x86)\Windows Kits\10\Include\10.0.28000.0\um\DirectXMath.h(964,12):
      'DirectX::XMFLOAT4X4' 선언을 참조하십시오.
  
C:\Users\kkth3\OneDrive\문서\GitHub\250531\Client\Engine\public\Engine_Struct.h(22,14): warning C4251: 'Engine::ObjectConstants::TexTransform': 'DirectX::XMFLOAT4X4'에서는 'Engine::ObjectConstants'의 클라이언트에서 DLL 인터페이스를 사용하도록 지정해야 함
  (소스 파일 '../private/VIBuffer.cpp'을(를) 컴파일하는 중)
      C:\Program Files (x86)\Windows Kits\10\Include\10.0.28000.0\um\DirectXMath.h(964,12):
      'DirectX::XMFLOAT4X4' 선언을 참조하십시오.
  
C:\Users\kkth3\OneDrive\문서\GitHub\250531\Client\Engine\public\Engine_Struct.h(31,21): warning C4251: 'Engine::Light::Strength': 'DirectX::XMFLOAT3'에서는 'Engine::Light'의 클라이언트에서 DLL 인터페이스를 사용하도록 지정해야 함
  (소스 파일 '../private/VIBuffer.cpp'을(를) 컴파일하는 중)
      C:\Program Files (x86)\Windows Kits\10\Include\10.0.28000.0\um\DirectXMath.h(661,12):
      'DirectX::XMFLOAT3' 선언을 참조하십시오.
  
C:\Users\kkth3\OneDrive\문서\GitHub\250531\Client\Engine\public\Engine_Struct.h(33,21): warning C4251: 'Engine::Light::Direction': 'DirectX::XMFLOAT3'에서는 'Engine::Light'의 클라이언트에서 DLL 인터페이스를 사용하도록 지정해야 함
  (소스 파일 '../private/VIBuffer.cpp'을(를) 컴파일하는 중)
      C:\Program Files (x86)\Windows Kits\10\Include\10.0.28000.0\um\DirectXMath.h(661,12):
      'DirectX::XMFLOAT3' 선언을 참조하십시오.
  
C:\Users\kkth3\OneDrive\문서\GitHub\250531\Client\Engine\public\Engine_Struct.h(35,21): warning C4251: 'Engine::Light::Position': 'DirectX::XMFLOAT3'에서는 'Engine::Light'의 클라이언트에서 DLL 인터페이스를 사용하도록 지정해야 함
  (소스 파일 '../private/VIBuffer.cpp'을(를) 컴파일하는 중)
      C:\Program Files (x86)\Windows Kits\10\Include\10.0.28000.0\um\DirectXMath.h(661,12):
      'DirectX::XMFLOAT3' 선언을 참조하십시오.
  
C:\Users\kkth3\OneDrive\문서\GitHub\250531\Client\Engine\public\Engine_Struct.h(41,23): warning C4251: 'Engine::PassConstants::View': 'DirectX::XMFLOAT4X4'에서는 'Engine::PassConstants'의 클라이언트에서 DLL 인터페이스를 사용하도록 지정해야 함
  (소스 파일 '../private/VIBuffer.cpp'을(를) 컴파일하는 중)
      C:\Program Files (x86)\Windows Kits\10\Include\10.0.28000.0\um\DirectXMath.h(964,12):
      'DirectX::XMFLOAT4X4' 선언을 참조하십시오.
  
C:\Users\kkth3\OneDrive\문서\GitHub\250531\Client\Engine\public\Engine_Struct.h(42,23): warning C4251: 'Engine::PassConstants::InvView': 'DirectX::XMFLOAT4X4'에서는 'Engine::PassConstants'의 클라이언트에서 DLL 인터페이스를 사용하도록 지정해야 함
  (소스 파일 '../private/VIBuffer.cpp'을(를) 컴파일하는 중)
      C:\Program Files (x86)\Windows Kits\10\Include\10.0.28000.0\um\DirectXMath.h(964,12):
      'DirectX::XMFLOAT4X4' 선언을 참조하십시오.
  
C:\Users\kkth3\OneDrive\문서\GitHub\250531\Client\Engine\public\Engine_Struct.h(43,23): warning C4251: 'Engine::PassConstants::Proj': 'DirectX::XMFLOAT4X4'에서는 'Engine::PassConstants'의 클라이언트에서 DLL 인터페이스를 사용하도록 지정해야 함
  (소스 파일 '../private/VIBuffer.cpp'을(를) 컴파일하는 중)
      C:\Program Files (x86)\Windows Kits\10\Include\10.0.28000.0\um\DirectXMath.h(964,12):
      'DirectX::XMFLOAT4X4' 선언을 참조하십시오.
  
C:\Users\kkth3\OneDrive\문서\GitHub\250531\Client\Engine\public\Engine_Struct.h(44,23): warning C4251: 'Engine::PassConstants::InvProj': 'DirectX::XMFLOAT4X4'에서는 'Engine::PassConstants'의 클라이언트에서 DLL 인터페이스를 사용하도록 지정해야 함
  (소스 파일 '../private/VIBuffer.cpp'을(를) 컴파일하는 중)
      C:\Program Files (x86)\Windows Kits\10\Include\10.0.28000.0\um\DirectXMath.h(964,12):
      'DirectX::XMFLOAT4X4' 선언을 참조하십시오.
  
C:\Users\kkth3\OneDrive\문서\GitHub\250531\Client\Engine\public\Engine_Struct.h(45,23): warning C4251: 'Engine::PassConstants::ViewProj': 'DirectX::XMFLOAT4X4'에서는 'Engine::PassConstants'의 클라이언트에서 DLL 인터페이스를 사용하도록 지정해야 함
  (소스 파일 '../private/VIBuffer.cpp'을(를) 컴파일하는 중)
      C:\Program Files (x86)\Windows Kits\10\Include\10.0.28000.0\um\DirectXMath.h(964,12):
      'DirectX::XMFLOAT4X4' 선언을 참조하십시오.
  
C:\Users\kkth3\OneDrive\문서\GitHub\250531\Client\Engine\public\Engine_Struct.h(46,23): warning C4251: 'Engine::PassConstants::InvViewProj': 'DirectX::XMFLOAT4X4'에서는 'Engine::PassConstants'의 클라이언트에서 DLL 인터페이스를 사용하도록 지정해야 함
  (소스 파일 '../private/VIBuffer.cpp'을(를) 컴파일하는 중)
      C:\Program Files (x86)\Windows Kits\10\Include\10.0.28000.0\um\DirectXMath.h(964,12):
      'DirectX::XMFLOAT4X4' 선언을 참조하십시오.
  
C:\Users\kkth3\OneDrive\문서\GitHub\250531\Client\Engine\public\Engine_Struct.h(47,23): warning C4251: 'Engine::PassConstants::ShadowTransform': 'DirectX::XMFLOAT4X4'에서는 'Engine::PassConstants'의 클라이언트에서 DLL 인터페이스를 사용하도록 지정해야 함
  (소스 파일 '../private/VIBuffer.cpp'을(를) 컴파일하는 중)
      C:\Program Files (x86)\Windows Kits\10\Include\10.0.28000.0\um\DirectXMath.h(964,12):
      'DirectX::XMFLOAT4X4' 선언을 참조하십시오.
  
C:\Users\kkth3\OneDrive\문서\GitHub\250531\Client\Engine\public\Engine_Struct.h(48,21): warning C4251: 'Engine::PassConstants::EyePosW': 'DirectX::XMFLOAT3'에서는 'Engine::PassConstants'의 클라이언트에서 DLL 인터페이스를 사용하도록 지정해야 함
  (소스 파일 '../private/VIBuffer.cpp'을(를) 컴파일하는 중)
      C:\Program Files (x86)\Windows Kits\10\Include\10.0.28000.0\um\DirectXMath.h(661,12):
      'DirectX::XMFLOAT3' 선언을 참조하십시오.
  
C:\Users\kkth3\OneDrive\문서\GitHub\250531\Client\Engine\public\Engine_Struct.h(50,21): warning C4251: 'Engine::PassConstants::RenderTargetSize': 'DirectX::XMFLOAT2'에서는 'Engine::PassConstants'의 클라이언트에서 DLL 인터페이스를 사용하도록 지정해야 함
  (소스 파일 '../private/VIBuffer.cpp'을(를) 컴파일하는 중)
      C:\Program Files (x86)\Windows Kits\10\Include\10.0.28000.0\um\DirectXMath.h(584,12):
      'DirectX::XMFLOAT2' 선언을 참조하십시오.
  
C:\Users\kkth3\OneDrive\문서\GitHub\250531\Client\Engine\public\Engine_Struct.h(51,21): warning C4251: 'Engine::PassConstants::InvRenderTargetSize': 'DirectX::XMFLOAT2'에서는 'Engine::PassConstants'의 클라이언트에서 DLL 인터페이스를 사용하도록 지정해야 함
  (소스 파일 '../private/VIBuffer.cpp'을(를) 컴파일하는 중)
      C:\Program Files (x86)\Windows Kits\10\Include\10.0.28000.0\um\DirectXMath.h(584,12):
      'DirectX::XMFLOAT2' 선언을 참조하십시오.
  
C:\Users\kkth3\OneDrive\문서\GitHub\250531\Client\Engine\public\Engine_Struct.h(57,21): warning C4251: 'Engine::PassConstants::AmbientLight': 'DirectX::XMFLOAT4'에서는 'Engine::PassConstants'의 클라이언트에서 DLL 인터페이스를 사용하도록 지정해야 함
  (소스 파일 '../private/VIBuffer.cpp'을(를) 컴파일하는 중)
      C:\Program Files (x86)\Windows Kits\10\Include\10.0.28000.0\um\DirectXMath.h(736,12):
      'DirectX::XMFLOAT4' 선언을 참조하십시오.
  
C:\Users\kkth3\OneDrive\문서\GitHub\250531\Client\Engine\public\Engine_Struct.h(86,21): warning C4251: 'Engine::MaterialConstants::DiffuseAlbedo': 'DirectX::XMFLOAT4'에서는 'Engine::MaterialConstants'의 클라이언트에서 DLL 인터페이스를 사용하도록 지정해야 함
  (소스 파일 '../private/VIBuffer.cpp'을(를) 컴파일하는 중)
      C:\Program Files (x86)\Windows Kits\10\Include\10.0.28000.0\um\DirectXMath.h(736,12):
      'DirectX::XMFLOAT4' 선언을 참조하십시오.
  
C:\Users\kkth3\OneDrive\문서\GitHub\250531\Client\Engine\public\Engine_Struct.h(87,21): warning C4251: 'Engine::MaterialConstants::FresnelR0': 'DirectX::XMFLOAT3'에서는 'Engine::MaterialConstants'의 클라이언트에서 DLL 인터페이스를 사용하도록 지정해야 함
  (소스 파일 '../private/VIBuffer.cpp'을(를) 컴파일하는 중)
      C:\Program Files (x86)\Windows Kits\10\Include\10.0.28000.0\um\DirectXMath.h(661,12):
      'DirectX::XMFLOAT3' 선언을 참조하십시오.
  
C:\Users\kkth3\OneDrive\문서\GitHub\250531\Client\Engine\public\Engine_Struct.h(89,23): warning C4251: 'Engine::MaterialConstants::MatTransform': 'DirectX::XMFLOAT4X4'에서는 'Engine::MaterialConstants'의 클라이언트에서 DLL 인터페이스를 사용하도록 지정해야 함
  (소스 파일 '../private/VIBuffer.cpp'을(를) 컴파일하는 중)
      C:\Program Files (x86)\Windows Kits\10\Include\10.0.28000.0\um\DirectXMath.h(964,12):
      'DirectX::XMFLOAT4X4' 선언을 참조하십시오.
  
C:\Users\kkth3\OneDrive\문서\GitHub\250531\Client\Engine\public\Engine_Struct.h(94,21): warning C4251: 'Engine::MaterialData::DiffuseAlbedo': 'DirectX::XMFLOAT4'에서는 'Engine::MaterialData'의 클라이언트에서 DLL 인터페이스를 사용하도록 지정해야 함
  (소스 파일 '../private/VIBuffer.cpp'을(를) 컴파일하는 중)
      C:\Program Files (x86)\Windows Kits\10\Include\10.0.28000.0\um\DirectXMath.h(736,12):
      'DirectX::XMFLOAT4' 선언을 참조하십시오.
  
C:\Users\kkth3\OneDrive\문서\GitHub\250531\Client\Engine\public\Engine_Struct.h(95,21): warning C4251: 'Engine::MaterialData::FresnelR0': 'DirectX::XMFLOAT3'에서는 'Engine::MaterialData'의 클라이언트에서 DLL 인터페이스를 사용하도록 지정해야 함
  (소스 파일 '../private/VIBuffer.cpp'을(를) 컴파일하는 중)
      C:\Program Files (x86)\Windows Kits\10\Include\10.0.28000.0\um\DirectXMath.h(661,12):
      'DirectX::XMFLOAT3' 선언을 참조하십시오.
  
C:\Users\kkth3\OneDrive\문서\GitHub\250531\Client\Engine\public\Engine_Struct.h(99,23): warning C4251: 'Engine::MaterialData::MatTransform': 'DirectX::XMFLOAT4X4'에서는 'Engine::MaterialData'의 클라이언트에서 DLL 인터페이스를 사용하도록 지정해야 함
  (소스 파일 '../private/VIBuffer.cpp'을(를) 컴파일하는 중)
      C:\Program Files (x86)\Windows Kits\10\Include\10.0.28000.0\um\DirectXMath.h(964,12):
      'DirectX::XMFLOAT4X4' 선언을 참조하십시오.
  
C:\Users\kkth3\OneDrive\문서\GitHub\250531\Client\Engine\public\Engine_Struct.h(113,14): warning C4251: 'Engine::InstanceData::World': 'DirectX::XMFLOAT4X4'에서는 'Engine::InstanceData'의 클라이언트에서 DLL 인터페이스를 사용하도록 지정해야 함
  (소스 파일 '../private/VIBuffer.cpp'을(를) 컴파일하는 중)
      C:\Program Files (x86)\Windows Kits\10\Include\10.0.28000.0\um\DirectXMath.h(964,12):
      'DirectX::XMFLOAT4X4' 선언을 참조하십시오.
  
C:\Users\kkth3\OneDrive\문서\GitHub\250531\Client\Engine\public\Engine_Struct.h(142,13): warning C4251: 'Engine::tagVertex_Position::vPosition': 'DirectX::XMFLOAT3'에서는 'Engine::tagVertex_Position'의 클라이언트에서 DLL 인터페이스를 사용하도록 지정해야 함
  (소스 파일 '../private/VIBuffer.cpp'을(를) 컴파일하는 중)
      C:\Program Files (x86)\Windows Kits\10\Include\10.0.28000.0\um\DirectXMath.h(661,12):
      'DirectX::XMFLOAT3' 선언을 참조하십시오.
  
C:\Users\kkth3\OneDrive\문서\GitHub\250531\Client\Engine\public\Engine_Struct.h(151,13): warning C4251: 'Engine::tagVertex_Position_Normal::vPosition': 'DirectX::XMFLOAT3'에서는 'Engine::tagVertex_Position_Normal'의 클라이언트에서 DLL 인터페이스를 사용하도록 지정해야 함
  (소스 파일 '../private/VIBuffer.cpp'을(를) 컴파일하는 중)
      C:\Program Files (x86)\Windows Kits\10\Include\10.0.28000.0\um\DirectXMath.h(661,12):
      'DirectX::XMFLOAT3' 선언을 참조하십시오.
  
C:\Users\kkth3\OneDrive\문서\GitHub\250531\Client\Engine\public\Engine_Struct.h(152,13): warning C4251: 'Engine::tagVertex_Position_Normal::vNormal': 'DirectX::XMFLOAT3'에서는 'Engine::tagVertex_Position_Normal'의 클라이언트에서 DLL 인터페이스를 사용하도록 지정해야 함
  (소스 파일 '../private/VIBuffer.cpp'을(를) 컴파일하는 중)
      C:\Program Files (x86)\Windows Kits\10\Include\10.0.28000.0\um\DirectXMath.h(661,12):
      'DirectX::XMFLOAT3' 선언을 참조하십시오.
  
C:\Users\kkth3\OneDrive\문서\GitHub\250531\Client\Engine\public\Engine_Struct.h(161,13): warning C4251: 'Engine::tagVertex_Position_Texcoord::vPosition': 'DirectX::XMFLOAT3'에서는 'Engine::tagVertex_Position_Texcoord'의 클라이언트에서 DLL 인터페이스를 사용하도록 지정해야 함
  (소스 파일 '../private/VIBuffer.cpp'을(를) 컴파일하는 중)
      C:\Program Files (x86)\Windows Kits\10\Include\10.0.28000.0\um\DirectXMath.h(661,12):
      'DirectX::XMFLOAT3' 선언을 참조하십시오.
  
C:\Users\kkth3\OneDrive\문서\GitHub\250531\Client\Engine\public\Engine_Struct.h(162,13): warning C4251: 'Engine::tagVertex_Position_Texcoord::vTexcoord': 'DirectX::XMFLOAT2'에서는 'Engine::tagVertex_Position_Texcoord'의 클라이언트에서 DLL 인터페이스를 사용하도록 지정해야 함
  (소스 파일 '../private/VIBuffer.cpp'을(를) 컴파일하는 중)
      C:\Program Files (x86)\Windows Kits\10\Include\10.0.28000.0\um\DirectXMath.h(584,12):
      'DirectX::XMFLOAT2' 선언을 참조하십시오.
  
C:\Users\kkth3\OneDrive\문서\GitHub\250531\Client\Engine\public\Engine_Struct.h(171,13): warning C4251: 'Engine::tagVertex_Position_Normal_Texcoord::vPosition': 'DirectX::XMFLOAT3'에서는 'Engine::tagVertex_Position_Normal_Texcoord'의 클라이언트에서 DLL 인터페이스를 사용하도록 지정해야 함
  (소스 파일 '../private/VIBuffer.cpp'을(를) 컴파일하는 중)
      C:\Program Files (x86)\Windows Kits\10\Include\10.0.28000.0\um\DirectXMath.h(661,12):
      'DirectX::XMFLOAT3' 선언을 참조하십시오.
  
C:\Users\kkth3\OneDrive\문서\GitHub\250531\Client\Engine\public\Engine_Struct.h(172,13): warning C4251: 'Engine::tagVertex_Position_Normal_Texcoord::vNormal': 'DirectX::XMFLOAT3'에서는 'Engine::tagVertex_Position_Normal_Texcoord'의 클라이언트에서 DLL 인터페이스를 사용하도록 지정해야 함
  (소스 파일 '../private/VIBuffer.cpp'을(를) 컴파일하는 중)
      C:\Program Files (x86)\Windows Kits\10\Include\10.0.28000.0\um\DirectXMath.h(661,12):
      'DirectX::XMFLOAT3' 선언을 참조하십시오.
  
C:\Users\kkth3\OneDrive\문서\GitHub\250531\Client\Engine\public\Engine_Struct.h(173,13): warning C4251: 'Engine::tagVertex_Position_Normal_Texcoord::vTexcoord': 'DirectX::XMFLOAT2'에서는 'Engine::tagVertex_Position_Normal_Texcoord'의 클라이언트에서 DLL 인터페이스를 사용하도록 지정해야 함
  (소스 파일 '../private/VIBuffer.cpp'을(를) 컴파일하는 중)
      C:\Program Files (x86)\Windows Kits\10\Include\10.0.28000.0\um\DirectXMath.h(584,12):
      'DirectX::XMFLOAT2' 선언을 참조하십시오.
  
C:\Users\kkth3\OneDrive\문서\GitHub\250531\Client\Engine\public\Engine_Struct.h(182,13): warning C4251: 'Engine::tagVertex_Position_Cube_Texcoord::vPosition': 'DirectX::XMFLOAT3'에서는 'Engine::tagVertex_Position_Cube_Texcoord'의 클라이언트에서 DLL 인터페이스를 사용하도록 지정해야 함
  (소스 파일 '../private/VIBuffer.cpp'을(를) 컴파일하는 중)
      C:\Program Files (x86)\Windows Kits\10\Include\10.0.28000.0\um\DirectXMath.h(661,12):
      'DirectX::XMFLOAT3' 선언을 참조하십시오.
  
C:\Users\kkth3\OneDrive\문서\GitHub\250531\Client\Engine\public\Engine_Struct.h(183,13): warning C4251: 'Engine::tagVertex_Position_Cube_Texcoord::vTexcoord': 'DirectX::XMFLOAT3'에서는 'Engine::tagVertex_Position_Cube_Texcoord'의 클라이언트에서 DLL 인터페이스를 사용하도록 지정해야 함
  (소스 파일 '../private/VIBuffer.cpp'을(를) 컴파일하는 중)
      C:\Program Files (x86)\Windows Kits\10\Include\10.0.28000.0\um\DirectXMath.h(661,12):
      'DirectX::XMFLOAT3' 선언을 참조하십시오.
  
C:\Users\kkth3\OneDrive\문서\GitHub\250531\Client\Engine\public\Engine_Struct.h(192,13): warning C4251: 'Engine::tagVertex_Mesh::vPosition': 'DirectX::XMFLOAT3'에서는 'Engine::tagVertex_Mesh'의 클라이언트에서 DLL 인터페이스를 사용하도록 지정해야 함
  (소스 파일 '../private/VIBuffer.cpp'을(를) 컴파일하는 중)
      C:\Program Files (x86)\Windows Kits\10\Include\10.0.28000.0\um\DirectXMath.h(661,12):
      'DirectX::XMFLOAT3' 선언을 참조하십시오.
  
C:\Users\kkth3\OneDrive\문서\GitHub\250531\Client\Engine\public\Engine_Struct.h(193,13): warning C4251: 'Engine::tagVertex_Mesh::vNormal': 'DirectX::XMFLOAT3'에서는 'Engine::tagVertex_Mesh'의 클라이언트에서 DLL 인터페이스를 사용하도록 지정해야 함
  (소스 파일 '../private/VIBuffer.cpp'을(를) 컴파일하는 중)
      C:\Program Files (x86)\Windows Kits\10\Include\10.0.28000.0\um\DirectXMath.h(661,12):
      'DirectX::XMFLOAT3' 선언을 참조하십시오.
  
C:\Users\kkth3\OneDrive\문서\GitHub\250531\Client\Engine\public\Engine_Struct.h(194,13): warning C4251: 'Engine::tagVertex_Mesh::vTexcoord': 'DirectX::XMFLOAT2'에서는 'Engine::tagVertex_Mesh'의 클라이언트에서 DLL 인터페이스를 사용하도록 지정해야 함
  (소스 파일 '../private/VIBuffer.cpp'을(를) 컴파일하는 중)
      C:\Program Files (x86)\Windows Kits\10\Include\10.0.28000.0\um\DirectXMath.h(584,12):
      'DirectX::XMFLOAT2' 선언을 참조하십시오.
  
C:\Users\kkth3\OneDrive\문서\GitHub\250531\Client\Engine\public\Engine_Struct.h(195,13): warning C4251: 'Engine::tagVertex_Mesh::vTangent': 'DirectX::XMFLOAT3'에서는 'Engine::tagVertex_Mesh'의 클라이언트에서 DLL 인터페이스를 사용하도록 지정해야 함
  (소스 파일 '../private/VIBuffer.cpp'을(를) 컴파일하는 중)
      C:\Program Files (x86)\Windows Kits\10\Include\10.0.28000.0\um\DirectXMath.h(661,12):
      'DirectX::XMFLOAT3' 선언을 참조하십시오.
  
C:\Users\kkth3\OneDrive\문서\GitHub\250531\Client\Engine\public\Engine_Struct.h(204,13): warning C4251: 'Engine::tagVertex_Anim_Mesh::vPosition': 'DirectX::XMFLOAT3'에서는 'Engine::tagVertex_Anim_Mesh'의 클라이언트에서 DLL 인터페이스를 사용하도록 지정해야 함
  (소스 파일 '../private/VIBuffer.cpp'을(를) 컴파일하는 중)
      C:\Program Files (x86)\Windows Kits\10\Include\10.0.28000.0\um\DirectXMath.h(661,12):
      'DirectX::XMFLOAT3' 선언을 참조하십시오.
  
C:\Users\kkth3\OneDrive\문서\GitHub\250531\Client\Engine\public\Engine_Struct.h(205,13): warning C4251: 'Engine::tagVertex_Anim_Mesh::vNormal': 'DirectX::XMFLOAT3'에서는 'Engine::tagVertex_Anim_Mesh'의 클라이언트에서 DLL 인터페이스를 사용하도록 지정해야 함
  (소스 파일 '../private/VIBuffer.cpp'을(를) 컴파일하는 중)
      C:\Program Files (x86)\Windows Kits\10\Include\10.0.28000.0\um\DirectXMath.h(661,12):
      'DirectX::XMFLOAT3' 선언을 참조하십시오.
  
C:\Users\kkth3\OneDrive\문서\GitHub\250531\Client\Engine\public\Engine_Struct.h(206,13): warning C4251: 'Engine::tagVertex_Anim_Mesh::vTexcoord': 'DirectX::XMFLOAT2'에서는 'Engine::tagVertex_Anim_Mesh'의 클라이언트에서 DLL 인터페이스를 사용하도록 지정해야 함
  (소스 파일 '../private/VIBuffer.cpp'을(를) 컴파일하는 중)
      C:\Program Files (x86)\Windows Kits\10\Include\10.0.28000.0\um\DirectXMath.h(584,12):
      'DirectX::XMFLOAT2' 선언을 참조하십시오.
  
C:\Users\kkth3\OneDrive\문서\GitHub\250531\Client\Engine\public\Engine_Struct.h(207,13): warning C4251: 'Engine::tagVertex_Anim_Mesh::vTangent': 'DirectX::XMFLOAT3'에서는 'Engine::tagVertex_Anim_Mesh'의 클라이언트에서 DLL 인터페이스를 사용하도록 지정해야 함
  (소스 파일 '../private/VIBuffer.cpp'을(를) 컴파일하는 중)
      C:\Program Files (x86)\Windows Kits\10\Include\10.0.28000.0\um\DirectXMath.h(661,12):
      'DirectX::XMFLOAT3' 선언을 참조하십시오.
  
C:\Users\kkth3\OneDrive\문서\GitHub\250531\Client\Engine\public\Engine_Struct.h(209,13): warning C4251: 'Engine::tagVertex_Anim_Mesh::vBlendIndices': 'DirectX::XMUINT4'에서는 'Engine::tagVertex_Anim_Mesh'의 클라이언트에서 DLL 인터페이스를 사용하도록 지정해야 함
  (소스 파일 '../private/VIBuffer.cpp'을(를) 컴파일하는 중)
      C:\Program Files (x86)\Windows Kits\10\Include\10.0.28000.0\um\DirectXMath.h(793,12):
      'DirectX::XMUINT4' 선언을 참조하십시오.
  
C:\Users\kkth3\OneDrive\문서\GitHub\250531\Client\Engine\public\Engine_Struct.h(210,13): warning C4251: 'Engine::tagVertex_Anim_Mesh::vBlendWeights': 'DirectX::XMFLOAT4'에서는 'Engine::tagVertex_Anim_Mesh'의 클라이언트에서 DLL 인터페이스를 사용하도록 지정해야 함
  (소스 파일 '../private/VIBuffer.cpp'을(를) 컴파일하는 중)
      C:\Program Files (x86)\Windows Kits\10\Include\10.0.28000.0\um\DirectXMath.h(736,12):
      'DirectX::XMFLOAT4' 선언을 참조하십시오.
  
C:\Users\kkth3\OneDrive\문서\GitHub\250531\Client\Engine\public\Transform.h(106,13): warning C4251: 'Engine::CTransform::m_WorldMatrix': 'DirectX::XMFLOAT4X4'에서는 'Engine::CTransform'의 클라이언트에서 DLL 인터페이스를 사용하도록 지정해야 함
  (소스 파일 '../private/VIBuffer.cpp'을(를) 컴파일하는 중)
      C:\Program Files (x86)\Windows Kits\10\Include\10.0.28000.0\um\DirectXMath.h(964,12):
      'DirectX::XMFLOAT4X4' 선언을 참조하십시오.
  
C:\Users\kkth3\OneDrive\문서\GitHub\250531\Client\Engine\public\GameObject.h(39,43): warning C4251: 'Engine::CGameObject::m_Components': 'std::unordered_map<std::string,Engine::CComponent *,std::hash<std::string>,std::equal_to<std::string>,std::allocator<std::pair<const std::string,Engine::CComponent *>>>'에서는 'Engine::CGameObject'의 클라이언트에서 DLL 인터페이스를 사용하도록 지정해야 함
  (소스 파일 '../private/VIBuffer.cpp'을(를) 컴파일하는 중)
      C:\Program Files\Microsoft Visual Studio\2022\Community\VC\Tools\MSVC\14.44.35207\include\unordered_map(61,7):
      'std::unordered_map<std::string,Engine::CComponent *,std::hash<std::string>,std::equal_to<std::string>,std::allocator<std::pair<const std::string,Engine::CComponent *>>>' 선언을 참조하십시오.
  
C:\Users\kkth3\OneDrive\문서\GitHub\250531\Client\Engine\public\Renderer.h(34,25): warning C4251: 'Engine::CRenderer::m_vRenderObjects': 'std::vector<Engine::CRenderObject *,std::allocator<Engine::CRenderObject *>>'에서는 'Engine::CRenderer'의 클라이언트에서 DLL 인터페이스를 사용하도록 지정해야 함
  (소스 파일 '../private/VIBuffer.cpp'을(를) 컴파일하는 중)
      C:\Program Files\Microsoft Visual Studio\2022\Community\VC\Tools\MSVC\14.44.35207\include\vector(442,7):
      'std::vector<Engine::CRenderObject *,std::allocator<Engine::CRenderObject *>>' 선언을 참조하십시오.
  
C:\Users\kkth3\OneDrive\문서\GitHub\250531\Client\Engine\public\VIBuffer_Geos.h(24,50): warning C4251: 'Engine::CVIBuffer_Geos::m_SubMeshInfos': 'std::unordered_map<Engine::CVIBuffer_Geos::BASIC_SUBMESHES,SubmeshGeometry,std::hash<Engine::CVIBuffer_Geos::BASIC_SUBMESHES>,std::equal_to<Engine::CVIBuffer_Geos::BASIC_SUBMESHES>,std::allocator<std::pair<const Engine::CVIBuffer_Geos::BASIC_SUBMESHES,SubmeshGeometry>>>'에서는 'Engine::CVIBuffer_Geos'의 클라이언트에서 DLL 인터페이스를 사용하도록 지정해야 함
  (소스 파일 '../private/VIBuffer.cpp'을(를) 컴파일하는 중)
      C:\Program Files\Microsoft Visual Studio\2022\Community\VC\Tools\MSVC\14.44.35207\include\unordered_map(61,7):
      'std::unordered_map<Engine::CVIBuffer_Geos::BASIC_SUBMESHES,SubmeshGeometry,std::hash<Engine::CVIBuffer_Geos::BASIC_SUBMESHES>,std::equal_to<Engine::CVIBuffer_Geos::BASIC_SUBMESHES>,std::allocator<std::pair<const Engine::CVIBuffer_Geos::BASIC_SUBMESHES,SubmeshGeometry>>>' 선언을 참조하십시오.
  
C:\Users\kkth3\OneDrive\문서\GitHub\250531\Client\Engine\public\Model.h(62,16): warning C4251: 'Engine::CModel::m_PivotMatrix': 'DirectX::XMFLOAT4X4'에서는 'Engine::CModel'의 클라이언트에서 DLL 인터페이스를 사용하도록 지정해야 함
  (소스 파일 '../private/VIBuffer.cpp'을(를) 컴파일하는 중)
      C:\Program Files (x86)\Windows Kits\10\Include\10.0.28000.0\um\DirectXMath.h(964,12):
      'DirectX::XMFLOAT4X4' 선언을 참조하십시오.
  
C:\Users\kkth3\OneDrive\문서\GitHub\250531\Client\Engine\public\Model.h(66,26): warning C4251: 'Engine::CModel::m_Meshes': 'std::vector<Engine::CMesh *,std::allocator<Engine::CMesh *>>'에서는 'Engine::CModel'의 클라이언트에서 DLL 인터페이스를 사용하도록 지정해야 함
  (소스 파일 '../private/VIBuffer.cpp'을(를) 컴파일하는 중)
      C:\Program Files\Microsoft Visual Studio\2022\Community\VC\Tools\MSVC\14.44.35207\include\vector(442,7):
      'std::vector<Engine::CMesh *,std::allocator<Engine::CMesh *>>' 선언을 참조하십시오.
  
C:\Users\kkth3\OneDrive\문서\GitHub\250531\Client\Engine\public\Model.h(68,26): warning C4251: 'Engine::CModel::m_Bones': 'std::vector<Engine::CBone *,std::allocator<Engine::CBone *>>'에서는 'Engine::CModel'의 클라이언트에서 DLL 인터페이스를 사용하도록 지정해야 함
  (소스 파일 '../private/VIBuffer.cpp'을(를) 컴파일하는 중)
      C:\Program Files\Microsoft Visual Studio\2022\Community\VC\Tools\MSVC\14.44.35207\include\vector(442,7):
      'std::vector<Engine::CBone *,std::allocator<Engine::CBone *>>' 선언을 참조하십시오.
  
C:\Users\kkth3\OneDrive\문서\GitHub\250531\Client\Engine\public\VIBuffer_Terrain.h(72,41): warning C4251: 'Engine::CVIBuffer_Terrain::m_pHeightMap': 'std::shared_ptr<std::vector<float,std::allocator<float>>>'에서는 'Engine::CVIBuffer_Terrain'의 클라이언트에서 DLL 인터페이스를 사용하도록 지정해야 함
  (소스 파일 '../private/VIBuffer.cpp'을(를) 컴파일하는 중)
      C:\Program Files\Microsoft Visual Studio\2022\Community\VC\Tools\MSVC\14.44.35207\include\memory(1565,7):
      'std::shared_ptr<std::vector<float,std::allocator<float>>>' 선언을 참조하십시오.
  
C:\Users\kkth3\OneDrive\문서\GitHub\250531\Client\Engine\public\VIBuffer_Terrain.h(74,33): warning C4251: 'Engine::CVIBuffer_Terrain::m_Chunks': 'std::vector<Engine::CVIBuffer_Terrain::TERRAINCHUNK,std::allocator<Engine::CVIBuffer_Terrain::TERRAINCHUNK>>'에서는 'Engine::CVIBuffer_Terrain'의 클라이언트에서 DLL 인터페이스를 사용하도록 지정해야 함
  (소스 파일 '../private/VIBuffer.cpp'을(를) 컴파일하는 중)
      C:\Program Files\Microsoft Visual Studio\2022\Community\VC\Tools\MSVC\14.44.35207\include\vector(442,7):
      'std::vector<Engine::CVIBuffer_Terrain::TERRAINCHUNK,std::allocator<Engine::CVIBuffer_Terrain::TERRAINCHUNK>>' 선언을 참조하십시오.
  
C:\Users\kkth3\OneDrive\문서\GitHub\250531\Client\Engine\public\VIBuffer_Terrain.h(87,33): warning C4251: 'Engine::CVIBuffer_Terrain::m_ChunkLODs': 'std::vector<GeometryGenerator::uint32,std::allocator<GeometryGenerator::uint32>>'에서는 'Engine::CVIBuffer_Terrain'의 클라이언트에서 DLL 인터페이스를 사용하도록 지정해야 함
  (소스 파일 '../private/VIBuffer.cpp'을(를) 컴파일하는 중)
      C:\Program Files\Microsoft Visual Studio\2022\Community\VC\Tools\MSVC\14.44.35207\include\vector(442,7):
      'std::vector<GeometryGenerator::uint32,std::allocator<GeometryGenerator::uint32>>' 선언을 참조하십시오.
  
C:\Users\kkth3\OneDrive\문서\GitHub\250531\Client\Engine\public\VIBuffer_Terrain.h(89,33): warning C4251: 'Engine::CVIBuffer_Terrain::m_FrustumPlanes': 'DirectX::XMFLOAT4'에서는 'Engine::CVIBuffer_Terrain'의 클라이언트에서 DLL 인터페이스를 사용하도록 지정해야 함
  (소스 파일 '../private/VIBuffer.cpp'을(를) 컴파일하는 중)
      C:\Program Files (x86)\Windows Kits\10\Include\10.0.28000.0\um\DirectXMath.h(736,12):
      'DirectX::XMFLOAT4' 선언을 참조하십시오.
  
C:\Users\kkth3\OneDrive\문서\GitHub\250531\Client\Engine\public\CBBinding.h(26,54): warning C4244: '=': 'Engine::_uint'에서 'float'(으)로 변환하면서 데이터가 손실될 수 있습니다.
  (소스 파일 '../private/VIBuffer.cpp'을(를) 컴파일하는 중)
  
C:\Users\kkth3\OneDrive\문서\GitHub\250531\Client\Engine\public\MeshModel.h(33,35): warning C4251: 'Engine::CMeshModel::m_Meshes': 'std::vector<Engine::CVIBuffer_Mesh *,std::allocator<Engine::CVIBuffer_Mesh *>>'에서는 'Engine::CMeshModel'의 클라이언트에서 DLL 인터페이스를 사용하도록 지정해야 함
  (소스 파일 '../private/VIBuffer.cpp'을(를) 컴파일하는 중)
      C:\Program Files\Microsoft Visual Studio\2022\Community\VC\Tools\MSVC\14.44.35207\include\vector(442,7):
      'std::vector<Engine::CVIBuffer_Mesh *,std::allocator<Engine::CVIBuffer_Mesh *>>' 선언을 참조하십시오.
  
C:\Users\kkth3\OneDrive\문서\GitHub\250531\Client\Engine\public\RootSignatureMgr.h(29,54): warning C4251: 'Engine::CRootSignatureMgr::mRootSignatures': 'std::unordered_map<std::string,Engine::CRootSignature *,std::hash<std::string>,std::equal_to<std::string>,std::allocator<std::pair<const std::string,Engine::CRootSignature *>>>'에서는 'Engine::CRootSignatureMgr'의 클라이언트에서 DLL 인터페이스를 사용하도록 지정해야 함
  (소스 파일 '../private/VIBuffer.cpp'을(를) 컴파일하는 중)
      C:\Program Files\Microsoft Visual Studio\2022\Community\VC\Tools\MSVC\14.44.35207\include\unordered_map(61,7):
      'std::unordered_map<std::string,Engine::CRootSignature *,std::hash<std::string>,std::equal_to<std::string>,std::allocator<std::pair<const std::string,Engine::CRootSignature *>>>' 선언을 참조하십시오.
  
C:\Users\kkth3\OneDrive\문서\GitHub\250531\Client\Engine\public\ObjectMgr.h(53,34): warning C4251: 'Engine::CObjectMgr::m_Layers': 'std::unordered_map<std::string,Engine::CObjectMgr::Layer,std::hash<std::string>,std::equal_to<std::string>,std::allocator<std::pair<const std::string,Engine::CObjectMgr::Layer>>>'에서는 'Engine::CObjectMgr'의 클라이언트에서 DLL 인터페이스를 사용하도록 지정해야 함
  (소스 파일 '../private/VIBuffer.cpp'을(를) 컴파일하는 중)
      C:\Program Files\Microsoft Visual Studio\2022\Community\VC\Tools\MSVC\14.44.35207\include\unordered_map(61,7):
      'std::unordered_map<std::string,Engine::CObjectMgr::Layer,std::hash<std::string>,std::equal_to<std::string>,std::allocator<std::pair<const std::string,Engine::CObjectMgr::Layer>>>' 선언을 참조하십시오.
  
C:\Users\kkth3\OneDrive\문서\GitHub\250531\Client\Engine\public\ObjectMgr.h(54,41): warning C4251: 'Engine::CObjectMgr::m_Prototypes': 'std::unordered_map<std::string,Engine::CGameObject *,std::hash<std::string>,std::equal_to<std::string>,std::allocator<std::pair<const std::string,Engine::CGameObject *>>>'에서는 'Engine::CObjectMgr'의 클라이언트에서 DLL 인터페이스를 사용하도록 지정해야 함
  (소스 파일 '../private/VIBuffer.cpp'을(를) 컴파일하는 중)
      C:\Program Files\Microsoft Visual Studio\2022\Community\VC\Tools\MSVC\14.44.35207\include\unordered_map(61,7):
      'std::unordered_map<std::string,Engine::CGameObject *,std::hash<std::string>,std::equal_to<std::string>,std::allocator<std::pair<const std::string,Engine::CGameObject *>>>' 선언을 참조하십시오.
  
C:\Users\kkth3\OneDrive\문서\GitHub\250531\Client\Engine\public\TextureMgr.h(74,32): warning C4251: 'Engine::CTextureMgr::hDescriptor': 'CD3DX12_CPU_DESCRIPTOR_HANDLE'에서는 'Engine::CTextureMgr'의 클라이언트에서 DLL 인터페이스를 사용하도록 지정해야 함
  (소스 파일 '../private/VIBuffer.cpp'을(를) 컴파일하는 중)
      C:\Users\kkth3\OneDrive\문서\GitHub\250531\Client\Engine\public\d3dx12.h(1471,8):
      'CD3DX12_CPU_DESCRIPTOR_HANDLE' 선언을 참조하십시오.
  
C:\Users\kkth3\OneDrive\문서\GitHub\250531\Client\Engine\public\TextureMgr.h(78,34): warning C4251: 'Engine::CTextureMgr::m_Textures': 'std::vector<std::pair<std::string,Engine::CTexture *>,std::allocator<std::pair<std::string,Engine::CTexture *>>>'에서는 'Engine::CTextureMgr'의 클라이언트에서 DLL 인터페이스를 사용하도록 지정해야 함
  (소스 파일 '../private/VIBuffer.cpp'을(를) 컴파일하는 중)
      C:\Program Files\Microsoft Visual Studio\2022\Community\VC\Tools\MSVC\14.44.35207\include\vector(442,7):
      'std::vector<std::pair<std::string,Engine::CTexture *>,std::allocator<std::pair<std::string,Engine::CTexture *>>>' 선언을 참조하십시오.
  
C:\Users\kkth3\OneDrive\문서\GitHub\250531\Client\Engine\public\GameInstance.h(143,12): warning C4251: 'Engine::CGameInstance::m_CameraViewProj': 'DirectX::XMFLOAT4X4'에서는 'Engine::CGameInstance'의 클라이언트에서 DLL 인터페이스를 사용하도록 지정해야 함
  (소스 파일 '../private/VIBuffer.cpp'을(를) 컴파일하는 중)
      C:\Program Files (x86)\Windows Kits\10\Include\10.0.28000.0\um\DirectXMath.h(964,12):
      'DirectX::XMFLOAT4X4' 선언을 참조하십시오.
  
C:\Users\kkth3\OneDrive\문서\GitHub\250531\Client\Engine\public\GameInstance.h(144,12): warning C4251: 'Engine::CGameInstance::m_ShadowViewProj': 'DirectX::XMFLOAT4X4'에서는 'Engine::CGameInstance'의 클라이언트에서 DLL 인터페이스를 사용하도록 지정해야 함
  (소스 파일 '../private/VIBuffer.cpp'을(를) 컴파일하는 중)
      C:\Program Files (x86)\Windows Kits\10\Include\10.0.28000.0\um\DirectXMath.h(964,12):
      'DirectX::XMFLOAT4X4' 선언을 참조하십시오.
  
C:\Users\kkth3\OneDrive\문서\GitHub\250531\Client\Engine\public\GameInstance.h(145,11): warning C4251: 'Engine::CGameInstance::m_CameraEye': 'DirectX::XMFLOAT3'에서는 'Engine::CGameInstance'의 클라이언트에서 DLL 인터페이스를 사용하도록 지정해야 함
  (소스 파일 '../private/VIBuffer.cpp'을(를) 컴파일하는 중)
      C:\Program Files (x86)\Windows Kits\10\Include\10.0.28000.0\um\DirectXMath.h(661,12):
      'DirectX::XMFLOAT3' 선언을 참조하십시오.
  
  VIBuffer_Geos.cpp
C:\Users\kkth3\OneDrive\문서\GitHub\250531\Client\Engine\public\Engine_Struct.h(21,14): warning C4251: 'Engine::ObjectConstants::World': 'DirectX::XMFLOAT4X4'에서는 'Engine::ObjectConstants'의 클라이언트에서 DLL 인터페이스를 사용하도록 지정해야 함
  (소스 파일 '../private/VIBuffer_Geos.cpp'을(를) 컴파일하는 중)
      C:\Program Files (x86)\Windows Kits\10\Include\10.0.28000.0\um\DirectXMath.h(964,12):
      'DirectX::XMFLOAT4X4' 선언을 참조하십시오.
  
C:\Users\kkth3\OneDrive\문서\GitHub\250531\Client\Engine\public\Engine_Struct.h(22,14): warning C4251: 'Engine::ObjectConstants::TexTransform': 'DirectX::XMFLOAT4X4'에서는 'Engine::ObjectConstants'의 클라이언트에서 DLL 인터페이스를 사용하도록 지정해야 함
  (소스 파일 '../private/VIBuffer_Geos.cpp'을(를) 컴파일하는 중)
      C:\Program Files (x86)\Windows Kits\10\Include\10.0.28000.0\um\DirectXMath.h(964,12):
      'DirectX::XMFLOAT4X4' 선언을 참조하십시오.
  
C:\Users\kkth3\OneDrive\문서\GitHub\250531\Client\Engine\public\Engine_Struct.h(31,21): warning C4251: 'Engine::Light::Strength': 'DirectX::XMFLOAT3'에서는 'Engine::Light'의 클라이언트에서 DLL 인터페이스를 사용하도록 지정해야 함
  (소스 파일 '../private/VIBuffer_Geos.cpp'을(를) 컴파일하는 중)
      C:\Program Files (x86)\Windows Kits\10\Include\10.0.28000.0\um\DirectXMath.h(661,12):
      'DirectX::XMFLOAT3' 선언을 참조하십시오.
  
C:\Users\kkth3\OneDrive\문서\GitHub\250531\Client\Engine\public\Engine_Struct.h(33,21): warning C4251: 'Engine::Light::Direction': 'DirectX::XMFLOAT3'에서는 'Engine::Light'의 클라이언트에서 DLL 인터페이스를 사용하도록 지정해야 함
  (소스 파일 '../private/VIBuffer_Geos.cpp'을(를) 컴파일하는 중)
      C:\Program Files (x86)\Windows Kits\10\Include\10.0.28000.0\um\DirectXMath.h(661,12):
      'DirectX::XMFLOAT3' 선언을 참조하십시오.
  
C:\Users\kkth3\OneDrive\문서\GitHub\250531\Client\Engine\public\Engine_Struct.h(35,21): warning C4251: 'Engine::Light::Position': 'DirectX::XMFLOAT3'에서는 'Engine::Light'의 클라이언트에서 DLL 인터페이스를 사용하도록 지정해야 함
  (소스 파일 '../private/VIBuffer_Geos.cpp'을(를) 컴파일하는 중)
      C:\Program Files (x86)\Windows Kits\10\Include\10.0.28000.0\um\DirectXMath.h(661,12):
      'DirectX::XMFLOAT3' 선언을 참조하십시오.
  
C:\Users\kkth3\OneDrive\문서\GitHub\250531\Client\Engine\public\Engine_Struct.h(41,23): warning C4251: 'Engine::PassConstants::View': 'DirectX::XMFLOAT4X4'에서는 'Engine::PassConstants'의 클라이언트에서 DLL 인터페이스를 사용하도록 지정해야 함
  (소스 파일 '../private/VIBuffer_Geos.cpp'을(를) 컴파일하는 중)
      C:\Program Files (x86)\Windows Kits\10\Include\10.0.28000.0\um\DirectXMath.h(964,12):
      'DirectX::XMFLOAT4X4' 선언을 참조하십시오.
  
C:\Users\kkth3\OneDrive\문서\GitHub\250531\Client\Engine\public\Engine_Struct.h(42,23): warning C4251: 'Engine::PassConstants::InvView': 'DirectX::XMFLOAT4X4'에서는 'Engine::PassConstants'의 클라이언트에서 DLL 인터페이스를 사용하도록 지정해야 함
  (소스 파일 '../private/VIBuffer_Geos.cpp'을(를) 컴파일하는 중)
      C:\Program Files (x86)\Windows Kits\10\Include\10.0.28000.0\um\DirectXMath.h(964,12):
      'DirectX::XMFLOAT4X4' 선언을 참조하십시오.
  
C:\Users\kkth3\OneDrive\문서\GitHub\250531\Client\Engine\public\Engine_Struct.h(43,23): warning C4251: 'Engine::PassConstants::Proj': 'DirectX::XMFLOAT4X4'에서는 'Engine::PassConstants'의 클라이언트에서 DLL 인터페이스를 사용하도록 지정해야 함
  (소스 파일 '../private/VIBuffer_Geos.cpp'을(를) 컴파일하는 중)
      C:\Program Files (x86)\Windows Kits\10\Include\10.0.28000.0\um\DirectXMath.h(964,12):
      'DirectX::XMFLOAT4X4' 선언을 참조하십시오.
  
C:\Users\kkth3\OneDrive\문서\GitHub\250531\Client\Engine\public\Engine_Struct.h(44,23): warning C4251: 'Engine::PassConstants::InvProj': 'DirectX::XMFLOAT4X4'에서는 'Engine::PassConstants'의 클라이언트에서 DLL 인터페이스를 사용하도록 지정해야 함
  (소스 파일 '../private/VIBuffer_Geos.cpp'을(를) 컴파일하는 중)
      C:\Program Files (x86)\Windows Kits\10\Include\10.0.28000.0\um\DirectXMath.h(964,12):
      'DirectX::XMFLOAT4X4' 선언을 참조하십시오.
  
C:\Users\kkth3\OneDrive\문서\GitHub\250531\Client\Engine\public\Engine_Struct.h(45,23): warning C4251: 'Engine::PassConstants::ViewProj': 'DirectX::XMFLOAT4X4'에서는 'Engine::PassConstants'의 클라이언트에서 DLL 인터페이스를 사용하도록 지정해야 함
  (소스 파일 '../private/VIBuffer_Geos.cpp'을(를) 컴파일하는 중)
      C:\Program Files (x86)\Windows Kits\10\Include\10.0.28000.0\um\DirectXMath.h(964,12):
      'DirectX::XMFLOAT4X4' 선언을 참조하십시오.
  
C:\Users\kkth3\OneDrive\문서\GitHub\250531\Client\Engine\public\Engine_Struct.h(46,23): warning C4251: 'Engine::PassConstants::InvViewProj': 'DirectX::XMFLOAT4X4'에서는 'Engine::PassConstants'의 클라이언트에서 DLL 인터페이스를 사용하도록 지정해야 함
  (소스 파일 '../private/VIBuffer_Geos.cpp'을(를) 컴파일하는 중)
      C:\Program Files (x86)\Windows Kits\10\Include\10.0.28000.0\um\DirectXMath.h(964,12):
      'DirectX::XMFLOAT4X4' 선언을 참조하십시오.
  
C:\Users\kkth3\OneDrive\문서\GitHub\250531\Client\Engine\public\Engine_Struct.h(47,23): warning C4251: 'Engine::PassConstants::ShadowTransform': 'DirectX::XMFLOAT4X4'에서는 'Engine::PassConstants'의 클라이언트에서 DLL 인터페이스를 사용하도록 지정해야 함
  (소스 파일 '../private/VIBuffer_Geos.cpp'을(를) 컴파일하는 중)
      C:\Program Files (x86)\Windows Kits\10\Include\10.0.28000.0\um\DirectXMath.h(964,12):
      'DirectX::XMFLOAT4X4' 선언을 참조하십시오.
  
C:\Users\kkth3\OneDrive\문서\GitHub\250531\Client\Engine\public\Engine_Struct.h(48,21): warning C4251: 'Engine::PassConstants::EyePosW': 'DirectX::XMFLOAT3'에서는 'Engine::PassConstants'의 클라이언트에서 DLL 인터페이스를 사용하도록 지정해야 함
  (소스 파일 '../private/VIBuffer_Geos.cpp'을(를) 컴파일하는 중)
      C:\Program Files (x86)\Windows Kits\10\Include\10.0.28000.0\um\DirectXMath.h(661,12):
      'DirectX::XMFLOAT3' 선언을 참조하십시오.
  
C:\Users\kkth3\OneDrive\문서\GitHub\250531\Client\Engine\public\Engine_Struct.h(50,21): warning C4251: 'Engine::PassConstants::RenderTargetSize': 'DirectX::XMFLOAT2'에서는 'Engine::PassConstants'의 클라이언트에서 DLL 인터페이스를 사용하도록 지정해야 함
  (소스 파일 '../private/VIBuffer_Geos.cpp'을(를) 컴파일하는 중)
      C:\Program Files (x86)\Windows Kits\10\Include\10.0.28000.0\um\DirectXMath.h(584,12):
      'DirectX::XMFLOAT2' 선언을 참조하십시오.
  
C:\Users\kkth3\OneDrive\문서\GitHub\250531\Client\Engine\public\Engine_Struct.h(51,21): warning C4251: 'Engine::PassConstants::InvRenderTargetSize': 'DirectX::XMFLOAT2'에서는 'Engine::PassConstants'의 클라이언트에서 DLL 인터페이스를 사용하도록 지정해야 함
  (소스 파일 '../private/VIBuffer_Geos.cpp'을(를) 컴파일하는 중)
      C:\Program Files (x86)\Windows Kits\10\Include\10.0.28000.0\um\DirectXMath.h(584,12):
      'DirectX::XMFLOAT2' 선언을 참조하십시오.
  
C:\Users\kkth3\OneDrive\문서\GitHub\250531\Client\Engine\public\Engine_Struct.h(57,21): warning C4251: 'Engine::PassConstants::AmbientLight': 'DirectX::XMFLOAT4'에서는 'Engine::PassConstants'의 클라이언트에서 DLL 인터페이스를 사용하도록 지정해야 함
  (소스 파일 '../private/VIBuffer_Geos.cpp'을(를) 컴파일하는 중)
      C:\Program Files (x86)\Windows Kits\10\Include\10.0.28000.0\um\DirectXMath.h(736,12):
      'DirectX::XMFLOAT4' 선언을 참조하십시오.
  
C:\Users\kkth3\OneDrive\문서\GitHub\250531\Client\Engine\public\Engine_Struct.h(86,21): warning C4251: 'Engine::MaterialConstants::DiffuseAlbedo': 'DirectX::XMFLOAT4'에서는 'Engine::MaterialConstants'의 클라이언트에서 DLL 인터페이스를 사용하도록 지정해야 함
  (소스 파일 '../private/VIBuffer_Geos.cpp'을(를) 컴파일하는 중)
      C:\Program Files (x86)\Windows Kits\10\Include\10.0.28000.0\um\DirectXMath.h(736,12):
      'DirectX::XMFLOAT4' 선언을 참조하십시오.
  
C:\Users\kkth3\OneDrive\문서\GitHub\250531\Client\Engine\public\Engine_Struct.h(87,21): warning C4251: 'Engine::MaterialConstants::FresnelR0': 'DirectX::XMFLOAT3'에서는 'Engine::MaterialConstants'의 클라이언트에서 DLL 인터페이스를 사용하도록 지정해야 함
  (소스 파일 '../private/VIBuffer_Geos.cpp'을(를) 컴파일하는 중)
      C:\Program Files (x86)\Windows Kits\10\Include\10.0.28000.0\um\DirectXMath.h(661,12):
      'DirectX::XMFLOAT3' 선언을 참조하십시오.
  
C:\Users\kkth3\OneDrive\문서\GitHub\250531\Client\Engine\public\Engine_Struct.h(89,23): warning C4251: 'Engine::MaterialConstants::MatTransform': 'DirectX::XMFLOAT4X4'에서는 'Engine::MaterialConstants'의 클라이언트에서 DLL 인터페이스를 사용하도록 지정해야 함
  (소스 파일 '../private/VIBuffer_Geos.cpp'을(를) 컴파일하는 중)
      C:\Program Files (x86)\Windows Kits\10\Include\10.0.28000.0\um\DirectXMath.h(964,12):
      'DirectX::XMFLOAT4X4' 선언을 참조하십시오.
  
C:\Users\kkth3\OneDrive\문서\GitHub\250531\Client\Engine\public\Engine_Struct.h(94,21): warning C4251: 'Engine::MaterialData::DiffuseAlbedo': 'DirectX::XMFLOAT4'에서는 'Engine::MaterialData'의 클라이언트에서 DLL 인터페이스를 사용하도록 지정해야 함
  (소스 파일 '../private/VIBuffer_Geos.cpp'을(를) 컴파일하는 중)
      C:\Program Files (x86)\Windows Kits\10\Include\10.0.28000.0\um\DirectXMath.h(736,12):
      'DirectX::XMFLOAT4' 선언을 참조하십시오.
  
C:\Users\kkth3\OneDrive\문서\GitHub\250531\Client\Engine\public\Engine_Struct.h(95,21): warning C4251: 'Engine::MaterialData::FresnelR0': 'DirectX::XMFLOAT3'에서는 'Engine::MaterialData'의 클라이언트에서 DLL 인터페이스를 사용하도록 지정해야 함
  (소스 파일 '../private/VIBuffer_Geos.cpp'을(를) 컴파일하는 중)
      C:\Program Files (x86)\Windows Kits\10\Include\10.0.28000.0\um\DirectXMath.h(661,12):
      'DirectX::XMFLOAT3' 선언을 참조하십시오.
  
C:\Users\kkth3\OneDrive\문서\GitHub\250531\Client\Engine\public\Engine_Struct.h(99,23): warning C4251: 'Engine::MaterialData::MatTransform': 'DirectX::XMFLOAT4X4'에서는 'Engine::MaterialData'의 클라이언트에서 DLL 인터페이스를 사용하도록 지정해야 함
  (소스 파일 '../private/VIBuffer_Geos.cpp'을(를) 컴파일하는 중)
      C:\Program Files (x86)\Windows Kits\10\Include\10.0.28000.0\um\DirectXMath.h(964,12):
      'DirectX::XMFLOAT4X4' 선언을 참조하십시오.
  
C:\Users\kkth3\OneDrive\문서\GitHub\250531\Client\Engine\public\Engine_Struct.h(113,14): warning C4251: 'Engine::InstanceData::World': 'DirectX::XMFLOAT4X4'에서는 'Engine::InstanceData'의 클라이언트에서 DLL 인터페이스를 사용하도록 지정해야 함
  (소스 파일 '../private/VIBuffer_Geos.cpp'을(를) 컴파일하는 중)
      C:\Program Files (x86)\Windows Kits\10\Include\10.0.28000.0\um\DirectXMath.h(964,12):
      'DirectX::XMFLOAT4X4' 선언을 참조하십시오.
  
C:\Users\kkth3\OneDrive\문서\GitHub\250531\Client\Engine\public\Engine_Struct.h(142,13): warning C4251: 'Engine::tagVertex_Position::vPosition': 'DirectX::XMFLOAT3'에서는 'Engine::tagVertex_Position'의 클라이언트에서 DLL 인터페이스를 사용하도록 지정해야 함
  (소스 파일 '../private/VIBuffer_Geos.cpp'을(를) 컴파일하는 중)
      C:\Program Files (x86)\Windows Kits\10\Include\10.0.28000.0\um\DirectXMath.h(661,12):
      'DirectX::XMFLOAT3' 선언을 참조하십시오.
  
C:\Users\kkth3\OneDrive\문서\GitHub\250531\Client\Engine\public\Engine_Struct.h(151,13): warning C4251: 'Engine::tagVertex_Position_Normal::vPosition': 'DirectX::XMFLOAT3'에서는 'Engine::tagVertex_Position_Normal'의 클라이언트에서 DLL 인터페이스를 사용하도록 지정해야 함
  (소스 파일 '../private/VIBuffer_Geos.cpp'을(를) 컴파일하는 중)
      C:\Program Files (x86)\Windows Kits\10\Include\10.0.28000.0\um\DirectXMath.h(661,12):
      'DirectX::XMFLOAT3' 선언을 참조하십시오.
  
C:\Users\kkth3\OneDrive\문서\GitHub\250531\Client\Engine\public\Engine_Struct.h(152,13): warning C4251: 'Engine::tagVertex_Position_Normal::vNormal': 'DirectX::XMFLOAT3'에서는 'Engine::tagVertex_Position_Normal'의 클라이언트에서 DLL 인터페이스를 사용하도록 지정해야 함
  (소스 파일 '../private/VIBuffer_Geos.cpp'을(를) 컴파일하는 중)
      C:\Program Files (x86)\Windows Kits\10\Include\10.0.28000.0\um\DirectXMath.h(661,12):
      'DirectX::XMFLOAT3' 선언을 참조하십시오.
  
C:\Users\kkth3\OneDrive\문서\GitHub\250531\Client\Engine\public\Engine_Struct.h(161,13): warning C4251: 'Engine::tagVertex_Position_Texcoord::vPosition': 'DirectX::XMFLOAT3'에서는 'Engine::tagVertex_Position_Texcoord'의 클라이언트에서 DLL 인터페이스를 사용하도록 지정해야 함
  (소스 파일 '../private/VIBuffer_Geos.cpp'을(를) 컴파일하는 중)
      C:\Program Files (x86)\Windows Kits\10\Include\10.0.28000.0\um\DirectXMath.h(661,12):
      'DirectX::XMFLOAT3' 선언을 참조하십시오.
  
C:\Users\kkth3\OneDrive\문서\GitHub\250531\Client\Engine\public\Engine_Struct.h(162,13): warning C4251: 'Engine::tagVertex_Position_Texcoord::vTexcoord': 'DirectX::XMFLOAT2'에서는 'Engine::tagVertex_Position_Texcoord'의 클라이언트에서 DLL 인터페이스를 사용하도록 지정해야 함
  (소스 파일 '../private/VIBuffer_Geos.cpp'을(를) 컴파일하는 중)
      C:\Program Files (x86)\Windows Kits\10\Include\10.0.28000.0\um\DirectXMath.h(584,12):
      'DirectX::XMFLOAT2' 선언을 참조하십시오.
  
C:\Users\kkth3\OneDrive\문서\GitHub\250531\Client\Engine\public\Engine_Struct.h(171,13): warning C4251: 'Engine::tagVertex_Position_Normal_Texcoord::vPosition': 'DirectX::XMFLOAT3'에서는 'Engine::tagVertex_Position_Normal_Texcoord'의 클라이언트에서 DLL 인터페이스를 사용하도록 지정해야 함
  (소스 파일 '../private/VIBuffer_Geos.cpp'을(를) 컴파일하는 중)
      C:\Program Files (x86)\Windows Kits\10\Include\10.0.28000.0\um\DirectXMath.h(661,12):
      'DirectX::XMFLOAT3' 선언을 참조하십시오.
  
C:\Users\kkth3\OneDrive\문서\GitHub\250531\Client\Engine\public\Engine_Struct.h(172,13): warning C4251: 'Engine::tagVertex_Position_Normal_Texcoord::vNormal': 'DirectX::XMFLOAT3'에서는 'Engine::tagVertex_Position_Normal_Texcoord'의 클라이언트에서 DLL 인터페이스를 사용하도록 지정해야 함
  (소스 파일 '../private/VIBuffer_Geos.cpp'을(를) 컴파일하는 중)
      C:\Program Files (x86)\Windows Kits\10\Include\10.0.28000.0\um\DirectXMath.h(661,12):
      'DirectX::XMFLOAT3' 선언을 참조하십시오.
  
C:\Users\kkth3\OneDrive\문서\GitHub\250531\Client\Engine\public\Engine_Struct.h(173,13): warning C4251: 'Engine::tagVertex_Position_Normal_Texcoord::vTexcoord': 'DirectX::XMFLOAT2'에서는 'Engine::tagVertex_Position_Normal_Texcoord'의 클라이언트에서 DLL 인터페이스를 사용하도록 지정해야 함
  (소스 파일 '../private/VIBuffer_Geos.cpp'을(를) 컴파일하는 중)
      C:\Program Files (x86)\Windows Kits\10\Include\10.0.28000.0\um\DirectXMath.h(584,12):
      'DirectX::XMFLOAT2' 선언을 참조하십시오.
  
C:\Users\kkth3\OneDrive\문서\GitHub\250531\Client\Engine\public\Engine_Struct.h(182,13): warning C4251: 'Engine::tagVertex_Position_Cube_Texcoord::vPosition': 'DirectX::XMFLOAT3'에서는 'Engine::tagVertex_Position_Cube_Texcoord'의 클라이언트에서 DLL 인터페이스를 사용하도록 지정해야 함
  (소스 파일 '../private/VIBuffer_Geos.cpp'을(를) 컴파일하는 중)
      C:\Program Files (x86)\Windows Kits\10\Include\10.0.28000.0\um\DirectXMath.h(661,12):
      'DirectX::XMFLOAT3' 선언을 참조하십시오.
  
C:\Users\kkth3\OneDrive\문서\GitHub\250531\Client\Engine\public\Engine_Struct.h(183,13): warning C4251: 'Engine::tagVertex_Position_Cube_Texcoord::vTexcoord': 'DirectX::XMFLOAT3'에서는 'Engine::tagVertex_Position_Cube_Texcoord'의 클라이언트에서 DLL 인터페이스를 사용하도록 지정해야 함
  (소스 파일 '../private/VIBuffer_Geos.cpp'을(를) 컴파일하는 중)
      C:\Program Files (x86)\Windows Kits\10\Include\10.0.28000.0\um\DirectXMath.h(661,12):
      'DirectX::XMFLOAT3' 선언을 참조하십시오.
  
C:\Users\kkth3\OneDrive\문서\GitHub\250531\Client\Engine\public\Engine_Struct.h(192,13): warning C4251: 'Engine::tagVertex_Mesh::vPosition': 'DirectX::XMFLOAT3'에서는 'Engine::tagVertex_Mesh'의 클라이언트에서 DLL 인터페이스를 사용하도록 지정해야 함
  (소스 파일 '../private/VIBuffer_Geos.cpp'을(를) 컴파일하는 중)
      C:\Program Files (x86)\Windows Kits\10\Include\10.0.28000.0\um\DirectXMath.h(661,12):
      'DirectX::XMFLOAT3' 선언을 참조하십시오.
  
C:\Users\kkth3\OneDrive\문서\GitHub\250531\Client\Engine\public\Engine_Struct.h(193,13): warning C4251: 'Engine::tagVertex_Mesh::vNormal': 'DirectX::XMFLOAT3'에서는 'Engine::tagVertex_Mesh'의 클라이언트에서 DLL 인터페이스를 사용하도록 지정해야 함
  (소스 파일 '../private/VIBuffer_Geos.cpp'을(를) 컴파일하는 중)
      C:\Program Files (x86)\Windows Kits\10\Include\10.0.28000.0\um\DirectXMath.h(661,12):
      'DirectX::XMFLOAT3' 선언을 참조하십시오.
  
C:\Users\kkth3\OneDrive\문서\GitHub\250531\Client\Engine\public\Engine_Struct.h(194,13): warning C4251: 'Engine::tagVertex_Mesh::vTexcoord': 'DirectX::XMFLOAT2'에서는 'Engine::tagVertex_Mesh'의 클라이언트에서 DLL 인터페이스를 사용하도록 지정해야 함
  (소스 파일 '../private/VIBuffer_Geos.cpp'을(를) 컴파일하는 중)
      C:\Program Files (x86)\Windows Kits\10\Include\10.0.28000.0\um\DirectXMath.h(584,12):
      'DirectX::XMFLOAT2' 선언을 참조하십시오.
  
C:\Users\kkth3\OneDrive\문서\GitHub\250531\Client\Engine\public\Engine_Struct.h(195,13): warning C4251: 'Engine::tagVertex_Mesh::vTangent': 'DirectX::XMFLOAT3'에서는 'Engine::tagVertex_Mesh'의 클라이언트에서 DLL 인터페이스를 사용하도록 지정해야 함
  (소스 파일 '../private/VIBuffer_Geos.cpp'을(를) 컴파일하는 중)
      C:\Program Files (x86)\Windows Kits\10\Include\10.0.28000.0\um\DirectXMath.h(661,12):
      'DirectX::XMFLOAT3' 선언을 참조하십시오.
  
C:\Users\kkth3\OneDrive\문서\GitHub\250531\Client\Engine\public\Engine_Struct.h(204,13): warning C4251: 'Engine::tagVertex_Anim_Mesh::vPosition': 'DirectX::XMFLOAT3'에서는 'Engine::tagVertex_Anim_Mesh'의 클라이언트에서 DLL 인터페이스를 사용하도록 지정해야 함
  (소스 파일 '../private/VIBuffer_Geos.cpp'을(를) 컴파일하는 중)
      C:\Program Files (x86)\Windows Kits\10\Include\10.0.28000.0\um\DirectXMath.h(661,12):
      'DirectX::XMFLOAT3' 선언을 참조하십시오.
  
C:\Users\kkth3\OneDrive\문서\GitHub\250531\Client\Engine\public\Engine_Struct.h(205,13): warning C4251: 'Engine::tagVertex_Anim_Mesh::vNormal': 'DirectX::XMFLOAT3'에서는 'Engine::tagVertex_Anim_Mesh'의 클라이언트에서 DLL 인터페이스를 사용하도록 지정해야 함
  (소스 파일 '../private/VIBuffer_Geos.cpp'을(를) 컴파일하는 중)
      C:\Program Files (x86)\Windows Kits\10\Include\10.0.28000.0\um\DirectXMath.h(661,12):
      'DirectX::XMFLOAT3' 선언을 참조하십시오.
  
C:\Users\kkth3\OneDrive\문서\GitHub\250531\Client\Engine\public\Engine_Struct.h(206,13): warning C4251: 'Engine::tagVertex_Anim_Mesh::vTexcoord': 'DirectX::XMFLOAT2'에서는 'Engine::tagVertex_Anim_Mesh'의 클라이언트에서 DLL 인터페이스를 사용하도록 지정해야 함
  (소스 파일 '../private/VIBuffer_Geos.cpp'을(를) 컴파일하는 중)
      C:\Program Files (x86)\Windows Kits\10\Include\10.0.28000.0\um\DirectXMath.h(584,12):
      'DirectX::XMFLOAT2' 선언을 참조하십시오.
  
C:\Users\kkth3\OneDrive\문서\GitHub\250531\Client\Engine\public\Engine_Struct.h(207,13): warning C4251: 'Engine::tagVertex_Anim_Mesh::vTangent': 'DirectX::XMFLOAT3'에서는 'Engine::tagVertex_Anim_Mesh'의 클라이언트에서 DLL 인터페이스를 사용하도록 지정해야 함
  (소스 파일 '../private/VIBuffer_Geos.cpp'을(를) 컴파일하는 중)
      C:\Program Files (x86)\Windows Kits\10\Include\10.0.28000.0\um\DirectXMath.h(661,12):
      'DirectX::XMFLOAT3' 선언을 참조하십시오.
  
C:\Users\kkth3\OneDrive\문서\GitHub\250531\Client\Engine\public\Engine_Struct.h(209,13): warning C4251: 'Engine::tagVertex_Anim_Mesh::vBlendIndices': 'DirectX::XMUINT4'에서는 'Engine::tagVertex_Anim_Mesh'의 클라이언트에서 DLL 인터페이스를 사용하도록 지정해야 함
  (소스 파일 '../private/VIBuffer_Geos.cpp'을(를) 컴파일하는 중)
      C:\Program Files (x86)\Windows Kits\10\Include\10.0.28000.0\um\DirectXMath.h(793,12):
      'DirectX::XMUINT4' 선언을 참조하십시오.
  
C:\Users\kkth3\OneDrive\문서\GitHub\250531\Client\Engine\public\Engine_Struct.h(210,13): warning C4251: 'Engine::tagVertex_Anim_Mesh::vBlendWeights': 'DirectX::XMFLOAT4'에서는 'Engine::tagVertex_Anim_Mesh'의 클라이언트에서 DLL 인터페이스를 사용하도록 지정해야 함
  (소스 파일 '../private/VIBuffer_Geos.cpp'을(를) 컴파일하는 중)
      C:\Program Files (x86)\Windows Kits\10\Include\10.0.28000.0\um\DirectXMath.h(736,12):
      'DirectX::XMFLOAT4' 선언을 참조하십시오.
  
C:\Users\kkth3\OneDrive\문서\GitHub\250531\Client\Engine\public\VIBuffer_Geos.h(24,50): warning C4251: 'Engine::CVIBuffer_Geos::m_SubMeshInfos': 'std::unordered_map<Engine::CVIBuffer_Geos::BASIC_SUBMESHES,SubmeshGeometry,std::hash<Engine::CVIBuffer_Geos::BASIC_SUBMESHES>,std::equal_to<Engine::CVIBuffer_Geos::BASIC_SUBMESHES>,std::allocator<std::pair<const Engine::CVIBuffer_Geos::BASIC_SUBMESHES,SubmeshGeometry>>>'에서는 'Engine::CVIBuffer_Geos'의 클라이언트에서 DLL 인터페이스를 사용하도록 지정해야 함
  (소스 파일 '../private/VIBuffer_Geos.cpp'을(를) 컴파일하는 중)
      C:\Program Files\Microsoft Visual Studio\2022\Community\VC\Tools\MSVC\14.44.35207\include\unordered_map(61,7):
      'std::unordered_map<Engine::CVIBuffer_Geos::BASIC_SUBMESHES,SubmeshGeometry,std::hash<Engine::CVIBuffer_Geos::BASIC_SUBMESHES>,std::equal_to<Engine::CVIBuffer_Geos::BASIC_SUBMESHES>,std::allocator<std::pair<const Engine::CVIBuffer_Geos::BASIC_SUBMESHES,SubmeshGeometry>>>' 선언을 참조하십시오.
  
C:\Users\kkth3\OneDrive\문서\GitHub\250531\Client\Engine\private\VIBuffer_Geos.cpp(80,26): warning C4267: '=': 'size_t'에서 'UINT32'(으)로 변환하면서 데이터가 손실될 수 있습니다.
C:\Users\kkth3\OneDrive\문서\GitHub\250531\Client\Engine\private\VIBuffer_Geos.cpp(124,27): warning C4267: '=': 'size_t'에서 'UINT32'(으)로 변환하면서 데이터가 손실될 수 있습니다.
  VIBuffer_Mesh.cpp
C:\Users\kkth3\OneDrive\문서\GitHub\250531\Client\Engine\public\Engine_Struct.h(21,14): warning C4251: 'Engine::ObjectConstants::World': 'DirectX::XMFLOAT4X4'에서는 'Engine::ObjectConstants'의 클라이언트에서 DLL 인터페이스를 사용하도록 지정해야 함
  (소스 파일 '../private/VIBuffer_Mesh.cpp'을(를) 컴파일하는 중)
      C:\Program Files (x86)\Windows Kits\10\Include\10.0.28000.0\um\DirectXMath.h(964,12):
      'DirectX::XMFLOAT4X4' 선언을 참조하십시오.
  
C:\Users\kkth3\OneDrive\문서\GitHub\250531\Client\Engine\public\Engine_Struct.h(22,14): warning C4251: 'Engine::ObjectConstants::TexTransform': 'DirectX::XMFLOAT4X4'에서는 'Engine::ObjectConstants'의 클라이언트에서 DLL 인터페이스를 사용하도록 지정해야 함
  (소스 파일 '../private/VIBuffer_Mesh.cpp'을(를) 컴파일하는 중)
      C:\Program Files (x86)\Windows Kits\10\Include\10.0.28000.0\um\DirectXMath.h(964,12):
      'DirectX::XMFLOAT4X4' 선언을 참조하십시오.
  
C:\Users\kkth3\OneDrive\문서\GitHub\250531\Client\Engine\public\Engine_Struct.h(31,21): warning C4251: 'Engine::Light::Strength': 'DirectX::XMFLOAT3'에서는 'Engine::Light'의 클라이언트에서 DLL 인터페이스를 사용하도록 지정해야 함
  (소스 파일 '../private/VIBuffer_Mesh.cpp'을(를) 컴파일하는 중)
      C:\Program Files (x86)\Windows Kits\10\Include\10.0.28000.0\um\DirectXMath.h(661,12):
      'DirectX::XMFLOAT3' 선언을 참조하십시오.
  
C:\Users\kkth3\OneDrive\문서\GitHub\250531\Client\Engine\public\Engine_Struct.h(33,21): warning C4251: 'Engine::Light::Direction': 'DirectX::XMFLOAT3'에서는 'Engine::Light'의 클라이언트에서 DLL 인터페이스를 사용하도록 지정해야 함
  (소스 파일 '../private/VIBuffer_Mesh.cpp'을(를) 컴파일하는 중)
      C:\Program Files (x86)\Windows Kits\10\Include\10.0.28000.0\um\DirectXMath.h(661,12):
      'DirectX::XMFLOAT3' 선언을 참조하십시오.
  
C:\Users\kkth3\OneDrive\문서\GitHub\250531\Client\Engine\public\Engine_Struct.h(35,21): warning C4251: 'Engine::Light::Position': 'DirectX::XMFLOAT3'에서는 'Engine::Light'의 클라이언트에서 DLL 인터페이스를 사용하도록 지정해야 함
  (소스 파일 '../private/VIBuffer_Mesh.cpp'을(를) 컴파일하는 중)
      C:\Program Files (x86)\Windows Kits\10\Include\10.0.28000.0\um\DirectXMath.h(661,12):
      'DirectX::XMFLOAT3' 선언을 참조하십시오.
  
C:\Users\kkth3\OneDrive\문서\GitHub\250531\Client\Engine\public\Engine_Struct.h(41,23): warning C4251: 'Engine::PassConstants::View': 'DirectX::XMFLOAT4X4'에서는 'Engine::PassConstants'의 클라이언트에서 DLL 인터페이스를 사용하도록 지정해야 함
  (소스 파일 '../private/VIBuffer_Mesh.cpp'을(를) 컴파일하는 중)
      C:\Program Files (x86)\Windows Kits\10\Include\10.0.28000.0\um\DirectXMath.h(964,12):
      'DirectX::XMFLOAT4X4' 선언을 참조하십시오.
  
C:\Users\kkth3\OneDrive\문서\GitHub\250531\Client\Engine\public\Engine_Struct.h(42,23): warning C4251: 'Engine::PassConstants::InvView': 'DirectX::XMFLOAT4X4'에서는 'Engine::PassConstants'의 클라이언트에서 DLL 인터페이스를 사용하도록 지정해야 함
  (소스 파일 '../private/VIBuffer_Mesh.cpp'을(를) 컴파일하는 중)
      C:\Program Files (x86)\Windows Kits\10\Include\10.0.28000.0\um\DirectXMath.h(964,12):
      'DirectX::XMFLOAT4X4' 선언을 참조하십시오.
  
C:\Users\kkth3\OneDrive\문서\GitHub\250531\Client\Engine\public\Engine_Struct.h(43,23): warning C4251: 'Engine::PassConstants::Proj': 'DirectX::XMFLOAT4X4'에서는 'Engine::PassConstants'의 클라이언트에서 DLL 인터페이스를 사용하도록 지정해야 함
  (소스 파일 '../private/VIBuffer_Mesh.cpp'을(를) 컴파일하는 중)
      C:\Program Files (x86)\Windows Kits\10\Include\10.0.28000.0\um\DirectXMath.h(964,12):
      'DirectX::XMFLOAT4X4' 선언을 참조하십시오.
  
C:\Users\kkth3\OneDrive\문서\GitHub\250531\Client\Engine\public\Engine_Struct.h(44,23): warning C4251: 'Engine::PassConstants::InvProj': 'DirectX::XMFLOAT4X4'에서는 'Engine::PassConstants'의 클라이언트에서 DLL 인터페이스를 사용하도록 지정해야 함
  (소스 파일 '../private/VIBuffer_Mesh.cpp'을(를) 컴파일하는 중)
      C:\Program Files (x86)\Windows Kits\10\Include\10.0.28000.0\um\DirectXMath.h(964,12):
      'DirectX::XMFLOAT4X4' 선언을 참조하십시오.
  
C:\Users\kkth3\OneDrive\문서\GitHub\250531\Client\Engine\public\Engine_Struct.h(45,23): warning C4251: 'Engine::PassConstants::ViewProj': 'DirectX::XMFLOAT4X4'에서는 'Engine::PassConstants'의 클라이언트에서 DLL 인터페이스를 사용하도록 지정해야 함
  (소스 파일 '../private/VIBuffer_Mesh.cpp'을(를) 컴파일하는 중)
      C:\Program Files (x86)\Windows Kits\10\Include\10.0.28000.0\um\DirectXMath.h(964,12):
      'DirectX::XMFLOAT4X4' 선언을 참조하십시오.
  
C:\Users\kkth3\OneDrive\문서\GitHub\250531\Client\Engine\public\Engine_Struct.h(46,23): warning C4251: 'Engine::PassConstants::InvViewProj': 'DirectX::XMFLOAT4X4'에서는 'Engine::PassConstants'의 클라이언트에서 DLL 인터페이스를 사용하도록 지정해야 함
  (소스 파일 '../private/VIBuffer_Mesh.cpp'을(를) 컴파일하는 중)
      C:\Program Files (x86)\Windows Kits\10\Include\10.0.28000.0\um\DirectXMath.h(964,12):
      'DirectX::XMFLOAT4X4' 선언을 참조하십시오.
  
C:\Users\kkth3\OneDrive\문서\GitHub\250531\Client\Engine\public\Engine_Struct.h(47,23): warning C4251: 'Engine::PassConstants::ShadowTransform': 'DirectX::XMFLOAT4X4'에서는 'Engine::PassConstants'의 클라이언트에서 DLL 인터페이스를 사용하도록 지정해야 함
  (소스 파일 '../private/VIBuffer_Mesh.cpp'을(를) 컴파일하는 중)
      C:\Program Files (x86)\Windows Kits\10\Include\10.0.28000.0\um\DirectXMath.h(964,12):
      'DirectX::XMFLOAT4X4' 선언을 참조하십시오.
  
C:\Users\kkth3\OneDrive\문서\GitHub\250531\Client\Engine\public\Engine_Struct.h(48,21): warning C4251: 'Engine::PassConstants::EyePosW': 'DirectX::XMFLOAT3'에서는 'Engine::PassConstants'의 클라이언트에서 DLL 인터페이스를 사용하도록 지정해야 함
  (소스 파일 '../private/VIBuffer_Mesh.cpp'을(를) 컴파일하는 중)
      C:\Program Files (x86)\Windows Kits\10\Include\10.0.28000.0\um\DirectXMath.h(661,12):
      'DirectX::XMFLOAT3' 선언을 참조하십시오.
  
C:\Users\kkth3\OneDrive\문서\GitHub\250531\Client\Engine\public\Engine_Struct.h(50,21): warning C4251: 'Engine::PassConstants::RenderTargetSize': 'DirectX::XMFLOAT2'에서는 'Engine::PassConstants'의 클라이언트에서 DLL 인터페이스를 사용하도록 지정해야 함
  (소스 파일 '../private/VIBuffer_Mesh.cpp'을(를) 컴파일하는 중)
      C:\Program Files (x86)\Windows Kits\10\Include\10.0.28000.0\um\DirectXMath.h(584,12):
      'DirectX::XMFLOAT2' 선언을 참조하십시오.
  
C:\Users\kkth3\OneDrive\문서\GitHub\250531\Client\Engine\public\Engine_Struct.h(51,21): warning C4251: 'Engine::PassConstants::InvRenderTargetSize': 'DirectX::XMFLOAT2'에서는 'Engine::PassConstants'의 클라이언트에서 DLL 인터페이스를 사용하도록 지정해야 함
  (소스 파일 '../private/VIBuffer_Mesh.cpp'을(를) 컴파일하는 중)
      C:\Program Files (x86)\Windows Kits\10\Include\10.0.28000.0\um\DirectXMath.h(584,12):
      'DirectX::XMFLOAT2' 선언을 참조하십시오.
  
C:\Users\kkth3\OneDrive\문서\GitHub\250531\Client\Engine\public\Engine_Struct.h(57,21): warning C4251: 'Engine::PassConstants::AmbientLight': 'DirectX::XMFLOAT4'에서는 'Engine::PassConstants'의 클라이언트에서 DLL 인터페이스를 사용하도록 지정해야 함
  (소스 파일 '../private/VIBuffer_Mesh.cpp'을(를) 컴파일하는 중)
      C:\Program Files (x86)\Windows Kits\10\Include\10.0.28000.0\um\DirectXMath.h(736,12):
      'DirectX::XMFLOAT4' 선언을 참조하십시오.
  
C:\Users\kkth3\OneDrive\문서\GitHub\250531\Client\Engine\public\Engine_Struct.h(86,21): warning C4251: 'Engine::MaterialConstants::DiffuseAlbedo': 'DirectX::XMFLOAT4'에서는 'Engine::MaterialConstants'의 클라이언트에서 DLL 인터페이스를 사용하도록 지정해야 함
  (소스 파일 '../private/VIBuffer_Mesh.cpp'을(를) 컴파일하는 중)
      C:\Program Files (x86)\Windows Kits\10\Include\10.0.28000.0\um\DirectXMath.h(736,12):
      'DirectX::XMFLOAT4' 선언을 참조하십시오.
  
C:\Users\kkth3\OneDrive\문서\GitHub\250531\Client\Engine\public\Engine_Struct.h(87,21): warning C4251: 'Engine::MaterialConstants::FresnelR0': 'DirectX::XMFLOAT3'에서는 'Engine::MaterialConstants'의 클라이언트에서 DLL 인터페이스를 사용하도록 지정해야 함
  (소스 파일 '../private/VIBuffer_Mesh.cpp'을(를) 컴파일하는 중)
      C:\Program Files (x86)\Windows Kits\10\Include\10.0.28000.0\um\DirectXMath.h(661,12):
      'DirectX::XMFLOAT3' 선언을 참조하십시오.
  
C:\Users\kkth3\OneDrive\문서\GitHub\250531\Client\Engine\public\Engine_Struct.h(89,23): warning C4251: 'Engine::MaterialConstants::MatTransform': 'DirectX::XMFLOAT4X4'에서는 'Engine::MaterialConstants'의 클라이언트에서 DLL 인터페이스를 사용하도록 지정해야 함
  (소스 파일 '../private/VIBuffer_Mesh.cpp'을(를) 컴파일하는 중)
      C:\Program Files (x86)\Windows Kits\10\Include\10.0.28000.0\um\DirectXMath.h(964,12):
      'DirectX::XMFLOAT4X4' 선언을 참조하십시오.
  
C:\Users\kkth3\OneDrive\문서\GitHub\250531\Client\Engine\public\Engine_Struct.h(94,21): warning C4251: 'Engine::MaterialData::DiffuseAlbedo': 'DirectX::XMFLOAT4'에서는 'Engine::MaterialData'의 클라이언트에서 DLL 인터페이스를 사용하도록 지정해야 함
  (소스 파일 '../private/VIBuffer_Mesh.cpp'을(를) 컴파일하는 중)
      C:\Program Files (x86)\Windows Kits\10\Include\10.0.28000.0\um\DirectXMath.h(736,12):
      'DirectX::XMFLOAT4' 선언을 참조하십시오.
  
C:\Users\kkth3\OneDrive\문서\GitHub\250531\Client\Engine\public\Engine_Struct.h(95,21): warning C4251: 'Engine::MaterialData::FresnelR0': 'DirectX::XMFLOAT3'에서는 'Engine::MaterialData'의 클라이언트에서 DLL 인터페이스를 사용하도록 지정해야 함
  (소스 파일 '../private/VIBuffer_Mesh.cpp'을(를) 컴파일하는 중)
      C:\Program Files (x86)\Windows Kits\10\Include\10.0.28000.0\um\DirectXMath.h(661,12):
      'DirectX::XMFLOAT3' 선언을 참조하십시오.
  
C:\Users\kkth3\OneDrive\문서\GitHub\250531\Client\Engine\public\Engine_Struct.h(99,23): warning C4251: 'Engine::MaterialData::MatTransform': 'DirectX::XMFLOAT4X4'에서는 'Engine::MaterialData'의 클라이언트에서 DLL 인터페이스를 사용하도록 지정해야 함
  (소스 파일 '../private/VIBuffer_Mesh.cpp'을(를) 컴파일하는 중)
      C:\Program Files (x86)\Windows Kits\10\Include\10.0.28000.0\um\DirectXMath.h(964,12):
      'DirectX::XMFLOAT4X4' 선언을 참조하십시오.
  
C:\Users\kkth3\OneDrive\문서\GitHub\250531\Client\Engine\public\Engine_Struct.h(113,14): warning C4251: 'Engine::InstanceData::World': 'DirectX::XMFLOAT4X4'에서는 'Engine::InstanceData'의 클라이언트에서 DLL 인터페이스를 사용하도록 지정해야 함
  (소스 파일 '../private/VIBuffer_Mesh.cpp'을(를) 컴파일하는 중)
      C:\Program Files (x86)\Windows Kits\10\Include\10.0.28000.0\um\DirectXMath.h(964,12):
      'DirectX::XMFLOAT4X4' 선언을 참조하십시오.
  
C:\Users\kkth3\OneDrive\문서\GitHub\250531\Client\Engine\public\Engine_Struct.h(142,13): warning C4251: 'Engine::tagVertex_Position::vPosition': 'DirectX::XMFLOAT3'에서는 'Engine::tagVertex_Position'의 클라이언트에서 DLL 인터페이스를 사용하도록 지정해야 함
  (소스 파일 '../private/VIBuffer_Mesh.cpp'을(를) 컴파일하는 중)
      C:\Program Files (x86)\Windows Kits\10\Include\10.0.28000.0\um\DirectXMath.h(661,12):
      'DirectX::XMFLOAT3' 선언을 참조하십시오.
  
C:\Users\kkth3\OneDrive\문서\GitHub\250531\Client\Engine\public\Engine_Struct.h(151,13): warning C4251: 'Engine::tagVertex_Position_Normal::vPosition': 'DirectX::XMFLOAT3'에서는 'Engine::tagVertex_Position_Normal'의 클라이언트에서 DLL 인터페이스를 사용하도록 지정해야 함
  (소스 파일 '../private/VIBuffer_Mesh.cpp'을(를) 컴파일하는 중)
      C:\Program Files (x86)\Windows Kits\10\Include\10.0.28000.0\um\DirectXMath.h(661,12):
      'DirectX::XMFLOAT3' 선언을 참조하십시오.
  
C:\Users\kkth3\OneDrive\문서\GitHub\250531\Client\Engine\public\Engine_Struct.h(152,13): warning C4251: 'Engine::tagVertex_Position_Normal::vNormal': 'DirectX::XMFLOAT3'에서는 'Engine::tagVertex_Position_Normal'의 클라이언트에서 DLL 인터페이스를 사용하도록 지정해야 함
  (소스 파일 '../private/VIBuffer_Mesh.cpp'을(를) 컴파일하는 중)
      C:\Program Files (x86)\Windows Kits\10\Include\10.0.28000.0\um\DirectXMath.h(661,12):
      'DirectX::XMFLOAT3' 선언을 참조하십시오.
  
C:\Users\kkth3\OneDrive\문서\GitHub\250531\Client\Engine\public\Engine_Struct.h(161,13): warning C4251: 'Engine::tagVertex_Position_Texcoord::vPosition': 'DirectX::XMFLOAT3'에서는 'Engine::tagVertex_Position_Texcoord'의 클라이언트에서 DLL 인터페이스를 사용하도록 지정해야 함
  (소스 파일 '../private/VIBuffer_Mesh.cpp'을(를) 컴파일하는 중)
      C:\Program Files (x86)\Windows Kits\10\Include\10.0.28000.0\um\DirectXMath.h(661,12):
      'DirectX::XMFLOAT3' 선언을 참조하십시오.
  
C:\Users\kkth3\OneDrive\문서\GitHub\250531\Client\Engine\public\Engine_Struct.h(162,13): warning C4251: 'Engine::tagVertex_Position_Texcoord::vTexcoord': 'DirectX::XMFLOAT2'에서는 'Engine::tagVertex_Position_Texcoord'의 클라이언트에서 DLL 인터페이스를 사용하도록 지정해야 함
  (소스 파일 '../private/VIBuffer_Mesh.cpp'을(를) 컴파일하는 중)
      C:\Program Files (x86)\Windows Kits\10\Include\10.0.28000.0\um\DirectXMath.h(584,12):
      'DirectX::XMFLOAT2' 선언을 참조하십시오.
  
C:\Users\kkth3\OneDrive\문서\GitHub\250531\Client\Engine\public\Engine_Struct.h(171,13): warning C4251: 'Engine::tagVertex_Position_Normal_Texcoord::vPosition': 'DirectX::XMFLOAT3'에서는 'Engine::tagVertex_Position_Normal_Texcoord'의 클라이언트에서 DLL 인터페이스를 사용하도록 지정해야 함
  (소스 파일 '../private/VIBuffer_Mesh.cpp'을(를) 컴파일하는 중)
      C:\Program Files (x86)\Windows Kits\10\Include\10.0.28000.0\um\DirectXMath.h(661,12):
      'DirectX::XMFLOAT3' 선언을 참조하십시오.
  
C:\Users\kkth3\OneDrive\문서\GitHub\250531\Client\Engine\public\Engine_Struct.h(172,13): warning C4251: 'Engine::tagVertex_Position_Normal_Texcoord::vNormal': 'DirectX::XMFLOAT3'에서는 'Engine::tagVertex_Position_Normal_Texcoord'의 클라이언트에서 DLL 인터페이스를 사용하도록 지정해야 함
  (소스 파일 '../private/VIBuffer_Mesh.cpp'을(를) 컴파일하는 중)
      C:\Program Files (x86)\Windows Kits\10\Include\10.0.28000.0\um\DirectXMath.h(661,12):
      'DirectX::XMFLOAT3' 선언을 참조하십시오.
  
C:\Users\kkth3\OneDrive\문서\GitHub\250531\Client\Engine\public\Engine_Struct.h(173,13): warning C4251: 'Engine::tagVertex_Position_Normal_Texcoord::vTexcoord': 'DirectX::XMFLOAT2'에서는 'Engine::tagVertex_Position_Normal_Texcoord'의 클라이언트에서 DLL 인터페이스를 사용하도록 지정해야 함
  (소스 파일 '../private/VIBuffer_Mesh.cpp'을(를) 컴파일하는 중)
      C:\Program Files (x86)\Windows Kits\10\Include\10.0.28000.0\um\DirectXMath.h(584,12):
      'DirectX::XMFLOAT2' 선언을 참조하십시오.
  
C:\Users\kkth3\OneDrive\문서\GitHub\250531\Client\Engine\public\Engine_Struct.h(182,13): warning C4251: 'Engine::tagVertex_Position_Cube_Texcoord::vPosition': 'DirectX::XMFLOAT3'에서는 'Engine::tagVertex_Position_Cube_Texcoord'의 클라이언트에서 DLL 인터페이스를 사용하도록 지정해야 함
  (소스 파일 '../private/VIBuffer_Mesh.cpp'을(를) 컴파일하는 중)
      C:\Program Files (x86)\Windows Kits\10\Include\10.0.28000.0\um\DirectXMath.h(661,12):
      'DirectX::XMFLOAT3' 선언을 참조하십시오.
  
C:\Users\kkth3\OneDrive\문서\GitHub\250531\Client\Engine\public\Engine_Struct.h(183,13): warning C4251: 'Engine::tagVertex_Position_Cube_Texcoord::vTexcoord': 'DirectX::XMFLOAT3'에서는 'Engine::tagVertex_Position_Cube_Texcoord'의 클라이언트에서 DLL 인터페이스를 사용하도록 지정해야 함
  (소스 파일 '../private/VIBuffer_Mesh.cpp'을(를) 컴파일하는 중)
      C:\Program Files (x86)\Windows Kits\10\Include\10.0.28000.0\um\DirectXMath.h(661,12):
      'DirectX::XMFLOAT3' 선언을 참조하십시오.
  
C:\Users\kkth3\OneDrive\문서\GitHub\250531\Client\Engine\public\Engine_Struct.h(192,13): warning C4251: 'Engine::tagVertex_Mesh::vPosition': 'DirectX::XMFLOAT3'에서는 'Engine::tagVertex_Mesh'의 클라이언트에서 DLL 인터페이스를 사용하도록 지정해야 함
  (소스 파일 '../private/VIBuffer_Mesh.cpp'을(를) 컴파일하는 중)
      C:\Program Files (x86)\Windows Kits\10\Include\10.0.28000.0\um\DirectXMath.h(661,12):
      'DirectX::XMFLOAT3' 선언을 참조하십시오.
  
C:\Users\kkth3\OneDrive\문서\GitHub\250531\Client\Engine\public\Engine_Struct.h(193,13): warning C4251: 'Engine::tagVertex_Mesh::vNormal': 'DirectX::XMFLOAT3'에서는 'Engine::tagVertex_Mesh'의 클라이언트에서 DLL 인터페이스를 사용하도록 지정해야 함
  (소스 파일 '../private/VIBuffer_Mesh.cpp'을(를) 컴파일하는 중)
      C:\Program Files (x86)\Windows Kits\10\Include\10.0.28000.0\um\DirectXMath.h(661,12):
      'DirectX::XMFLOAT3' 선언을 참조하십시오.
  
C:\Users\kkth3\OneDrive\문서\GitHub\250531\Client\Engine\public\Engine_Struct.h(194,13): warning C4251: 'Engine::tagVertex_Mesh::vTexcoord': 'DirectX::XMFLOAT2'에서는 'Engine::tagVertex_Mesh'의 클라이언트에서 DLL 인터페이스를 사용하도록 지정해야 함
  (소스 파일 '../private/VIBuffer_Mesh.cpp'을(를) 컴파일하는 중)
      C:\Program Files (x86)\Windows Kits\10\Include\10.0.28000.0\um\DirectXMath.h(584,12):
      'DirectX::XMFLOAT2' 선언을 참조하십시오.
  
C:\Users\kkth3\OneDrive\문서\GitHub\250531\Client\Engine\public\Engine_Struct.h(195,13): warning C4251: 'Engine::tagVertex_Mesh::vTangent': 'DirectX::XMFLOAT3'에서는 'Engine::tagVertex_Mesh'의 클라이언트에서 DLL 인터페이스를 사용하도록 지정해야 함
  (소스 파일 '../private/VIBuffer_Mesh.cpp'을(를) 컴파일하는 중)
      C:\Program Files (x86)\Windows Kits\10\Include\10.0.28000.0\um\DirectXMath.h(661,12):
      'DirectX::XMFLOAT3' 선언을 참조하십시오.
  
C:\Users\kkth3\OneDrive\문서\GitHub\250531\Client\Engine\public\Engine_Struct.h(204,13): warning C4251: 'Engine::tagVertex_Anim_Mesh::vPosition': 'DirectX::XMFLOAT3'에서는 'Engine::tagVertex_Anim_Mesh'의 클라이언트에서 DLL 인터페이스를 사용하도록 지정해야 함
  (소스 파일 '../private/VIBuffer_Mesh.cpp'을(를) 컴파일하는 중)
      C:\Program Files (x86)\Windows Kits\10\Include\10.0.28000.0\um\DirectXMath.h(661,12):
      'DirectX::XMFLOAT3' 선언을 참조하십시오.
  
C:\Users\kkth3\OneDrive\문서\GitHub\250531\Client\Engine\public\Engine_Struct.h(205,13): warning C4251: 'Engine::tagVertex_Anim_Mesh::vNormal': 'DirectX::XMFLOAT3'에서는 'Engine::tagVertex_Anim_Mesh'의 클라이언트에서 DLL 인터페이스를 사용하도록 지정해야 함
  (소스 파일 '../private/VIBuffer_Mesh.cpp'을(를) 컴파일하는 중)
      C:\Program Files (x86)\Windows Kits\10\Include\10.0.28000.0\um\DirectXMath.h(661,12):
      'DirectX::XMFLOAT3' 선언을 참조하십시오.
  
C:\Users\kkth3\OneDrive\문서\GitHub\250531\Client\Engine\public\Engine_Struct.h(206,13): warning C4251: 'Engine::tagVertex_Anim_Mesh::vTexcoord': 'DirectX::XMFLOAT2'에서는 'Engine::tagVertex_Anim_Mesh'의 클라이언트에서 DLL 인터페이스를 사용하도록 지정해야 함
  (소스 파일 '../private/VIBuffer_Mesh.cpp'을(를) 컴파일하는 중)
      C:\Program Files (x86)\Windows Kits\10\Include\10.0.28000.0\um\DirectXMath.h(584,12):
      'DirectX::XMFLOAT2' 선언을 참조하십시오.
  
C:\Users\kkth3\OneDrive\문서\GitHub\250531\Client\Engine\public\Engine_Struct.h(207,13): warning C4251: 'Engine::tagVertex_Anim_Mesh::vTangent': 'DirectX::XMFLOAT3'에서는 'Engine::tagVertex_Anim_Mesh'의 클라이언트에서 DLL 인터페이스를 사용하도록 지정해야 함
  (소스 파일 '../private/VIBuffer_Mesh.cpp'을(를) 컴파일하는 중)
      C:\Program Files (x86)\Windows Kits\10\Include\10.0.28000.0\um\DirectXMath.h(661,12):
      'DirectX::XMFLOAT3' 선언을 참조하십시오.
  
C:\Users\kkth3\OneDrive\문서\GitHub\250531\Client\Engine\public\Engine_Struct.h(209,13): warning C4251: 'Engine::tagVertex_Anim_Mesh::vBlendIndices': 'DirectX::XMUINT4'에서는 'Engine::tagVertex_Anim_Mesh'의 클라이언트에서 DLL 인터페이스를 사용하도록 지정해야 함
  (소스 파일 '../private/VIBuffer_Mesh.cpp'을(를) 컴파일하는 중)
      C:\Program Files (x86)\Windows Kits\10\Include\10.0.28000.0\um\DirectXMath.h(793,12):
      'DirectX::XMUINT4' 선언을 참조하십시오.
  
C:\Users\kkth3\OneDrive\문서\GitHub\250531\Client\Engine\public\Engine_Struct.h(210,13): warning C4251: 'Engine::tagVertex_Anim_Mesh::vBlendWeights': 'DirectX::XMFLOAT4'에서는 'Engine::tagVertex_Anim_Mesh'의 클라이언트에서 DLL 인터페이스를 사용하도록 지정해야 함
  (소스 파일 '../private/VIBuffer_Mesh.cpp'을(를) 컴파일하는 중)
      C:\Program Files (x86)\Windows Kits\10\Include\10.0.28000.0\um\DirectXMath.h(736,12):
      'DirectX::XMFLOAT4' 선언을 참조하십시오.
  
C:\Users\kkth3\OneDrive\문서\GitHub\250531\Client\Engine\public\Transform.h(106,13): warning C4251: 'Engine::CTransform::m_WorldMatrix': 'DirectX::XMFLOAT4X4'에서는 'Engine::CTransform'의 클라이언트에서 DLL 인터페이스를 사용하도록 지정해야 함
  (소스 파일 '../private/VIBuffer_Mesh.cpp'을(를) 컴파일하는 중)
      C:\Program Files (x86)\Windows Kits\10\Include\10.0.28000.0\um\DirectXMath.h(964,12):
      'DirectX::XMFLOAT4X4' 선언을 참조하십시오.
  
C:\Users\kkth3\OneDrive\문서\GitHub\250531\Client\Engine\public\GameObject.h(39,43): warning C4251: 'Engine::CGameObject::m_Components': 'std::unordered_map<std::string,Engine::CComponent *,std::hash<std::string>,std::equal_to<std::string>,std::allocator<std::pair<const std::string,Engine::CComponent *>>>'에서는 'Engine::CGameObject'의 클라이언트에서 DLL 인터페이스를 사용하도록 지정해야 함
  (소스 파일 '../private/VIBuffer_Mesh.cpp'을(를) 컴파일하는 중)
      C:\Program Files\Microsoft Visual Studio\2022\Community\VC\Tools\MSVC\14.44.35207\include\unordered_map(61,7):
      'std::unordered_map<std::string,Engine::CComponent *,std::hash<std::string>,std::equal_to<std::string>,std::allocator<std::pair<const std::string,Engine::CComponent *>>>' 선언을 참조하십시오.
  
C:\Users\kkth3\OneDrive\문서\GitHub\250531\Client\Engine\public\Renderer.h(34,25): warning C4251: 'Engine::CRenderer::m_vRenderObjects': 'std::vector<Engine::CRenderObject *,std::allocator<Engine::CRenderObject *>>'에서는 'Engine::CRenderer'의 클라이언트에서 DLL 인터페이스를 사용하도록 지정해야 함
  (소스 파일 '../private/VIBuffer_Mesh.cpp'을(를) 컴파일하는 중)
      C:\Program Files\Microsoft Visual Studio\2022\Community\VC\Tools\MSVC\14.44.35207\include\vector(442,7):
      'std::vector<Engine::CRenderObject *,std::allocator<Engine::CRenderObject *>>' 선언을 참조하십시오.
  
C:\Users\kkth3\OneDrive\문서\GitHub\250531\Client\Engine\public\VIBuffer_Geos.h(24,50): warning C4251: 'Engine::CVIBuffer_Geos::m_SubMeshInfos': 'std::unordered_map<Engine::CVIBuffer_Geos::BASIC_SUBMESHES,SubmeshGeometry,std::hash<Engine::CVIBuffer_Geos::BASIC_SUBMESHES>,std::equal_to<Engine::CVIBuffer_Geos::BASIC_SUBMESHES>,std::allocator<std::pair<const Engine::CVIBuffer_Geos::BASIC_SUBMESHES,SubmeshGeometry>>>'에서는 'Engine::CVIBuffer_Geos'의 클라이언트에서 DLL 인터페이스를 사용하도록 지정해야 함
  (소스 파일 '../private/VIBuffer_Mesh.cpp'을(를) 컴파일하는 중)
      C:\Program Files\Microsoft Visual Studio\2022\Community\VC\Tools\MSVC\14.44.35207\include\unordered_map(61,7):
      'std::unordered_map<Engine::CVIBuffer_Geos::BASIC_SUBMESHES,SubmeshGeometry,std::hash<Engine::CVIBuffer_Geos::BASIC_SUBMESHES>,std::equal_to<Engine::CVIBuffer_Geos::BASIC_SUBMESHES>,std::allocator<std::pair<const Engine::CVIBuffer_Geos::BASIC_SUBMESHES,SubmeshGeometry>>>' 선언을 참조하십시오.
  
C:\Users\kkth3\OneDrive\문서\GitHub\250531\Client\Engine\public\Model.h(62,16): warning C4251: 'Engine::CModel::m_PivotMatrix': 'DirectX::XMFLOAT4X4'에서는 'Engine::CModel'의 클라이언트에서 DLL 인터페이스를 사용하도록 지정해야 함
  (소스 파일 '../private/VIBuffer_Mesh.cpp'을(를) 컴파일하는 중)
      C:\Program Files (x86)\Windows Kits\10\Include\10.0.28000.0\um\DirectXMath.h(964,12):
      'DirectX::XMFLOAT4X4' 선언을 참조하십시오.
  
C:\Users\kkth3\OneDrive\문서\GitHub\250531\Client\Engine\public\Model.h(66,26): warning C4251: 'Engine::CModel::m_Meshes': 'std::vector<Engine::CMesh *,std::allocator<Engine::CMesh *>>'에서는 'Engine::CModel'의 클라이언트에서 DLL 인터페이스를 사용하도록 지정해야 함
  (소스 파일 '../private/VIBuffer_Mesh.cpp'을(를) 컴파일하는 중)
      C:\Program Files\Microsoft Visual Studio\2022\Community\VC\Tools\MSVC\14.44.35207\include\vector(442,7):
      'std::vector<Engine::CMesh *,std::allocator<Engine::CMesh *>>' 선언을 참조하십시오.
  
C:\Users\kkth3\OneDrive\문서\GitHub\250531\Client\Engine\public\Model.h(68,26): warning C4251: 'Engine::CModel::m_Bones': 'std::vector<Engine::CBone *,std::allocator<Engine::CBone *>>'에서는 'Engine::CModel'의 클라이언트에서 DLL 인터페이스를 사용하도록 지정해야 함
  (소스 파일 '../private/VIBuffer_Mesh.cpp'을(를) 컴파일하는 중)
      C:\Program Files\Microsoft Visual Studio\2022\Community\VC\Tools\MSVC\14.44.35207\include\vector(442,7):
      'std::vector<Engine::CBone *,std::allocator<Engine::CBone *>>' 선언을 참조하십시오.
  
C:\Users\kkth3\OneDrive\문서\GitHub\250531\Client\Engine\public\VIBuffer_Terrain.h(72,41): warning C4251: 'Engine::CVIBuffer_Terrain::m_pHeightMap': 'std::shared_ptr<std::vector<float,std::allocator<float>>>'에서는 'Engine::CVIBuffer_Terrain'의 클라이언트에서 DLL 인터페이스를 사용하도록 지정해야 함
  (소스 파일 '../private/VIBuffer_Mesh.cpp'을(를) 컴파일하는 중)
      C:\Program Files\Microsoft Visual Studio\2022\Community\VC\Tools\MSVC\14.44.35207\include\memory(1565,7):
      'std::shared_ptr<std::vector<float,std::allocator<float>>>' 선언을 참조하십시오.
  
C:\Users\kkth3\OneDrive\문서\GitHub\250531\Client\Engine\public\VIBuffer_Terrain.h(74,33): warning C4251: 'Engine::CVIBuffer_Terrain::m_Chunks': 'std::vector<Engine::CVIBuffer_Terrain::TERRAINCHUNK,std::allocator<Engine::CVIBuffer_Terrain::TERRAINCHUNK>>'에서는 'Engine::CVIBuffer_Terrain'의 클라이언트에서 DLL 인터페이스를 사용하도록 지정해야 함
  (소스 파일 '../private/VIBuffer_Mesh.cpp'을(를) 컴파일하는 중)
      C:\Program Files\Microsoft Visual Studio\2022\Community\VC\Tools\MSVC\14.44.35207\include\vector(442,7):
      'std::vector<Engine::CVIBuffer_Terrain::TERRAINCHUNK,std::allocator<Engine::CVIBuffer_Terrain::TERRAINCHUNK>>' 선언을 참조하십시오.
  
C:\Users\kkth3\OneDrive\문서\GitHub\250531\Client\Engine\public\VIBuffer_Terrain.h(87,33): warning C4251: 'Engine::CVIBuffer_Terrain::m_ChunkLODs': 'std::vector<GeometryGenerator::uint32,std::allocator<GeometryGenerator::uint32>>'에서는 'Engine::CVIBuffer_Terrain'의 클라이언트에서 DLL 인터페이스를 사용하도록 지정해야 함
  (소스 파일 '../private/VIBuffer_Mesh.cpp'을(를) 컴파일하는 중)
      C:\Program Files\Microsoft Visual Studio\2022\Community\VC\Tools\MSVC\14.44.35207\include\vector(442,7):
      'std::vector<GeometryGenerator::uint32,std::allocator<GeometryGenerator::uint32>>' 선언을 참조하십시오.
  
C:\Users\kkth3\OneDrive\문서\GitHub\250531\Client\Engine\public\VIBuffer_Terrain.h(89,33): warning C4251: 'Engine::CVIBuffer_Terrain::m_FrustumPlanes': 'DirectX::XMFLOAT4'에서는 'Engine::CVIBuffer_Terrain'의 클라이언트에서 DLL 인터페이스를 사용하도록 지정해야 함
  (소스 파일 '../private/VIBuffer_Mesh.cpp'을(를) 컴파일하는 중)
      C:\Program Files (x86)\Windows Kits\10\Include\10.0.28000.0\um\DirectXMath.h(736,12):
      'DirectX::XMFLOAT4' 선언을 참조하십시오.
  
C:\Users\kkth3\OneDrive\문서\GitHub\250531\Client\Engine\public\CBBinding.h(26,54): warning C4244: '=': 'Engine::_uint'에서 'float'(으)로 변환하면서 데이터가 손실될 수 있습니다.
  (소스 파일 '../private/VIBuffer_Mesh.cpp'을(를) 컴파일하는 중)
  
C:\Users\kkth3\OneDrive\문서\GitHub\250531\Client\Engine\public\MeshModel.h(33,35): warning C4251: 'Engine::CMeshModel::m_Meshes': 'std::vector<Engine::CVIBuffer_Mesh *,std::allocator<Engine::CVIBuffer_Mesh *>>'에서는 'Engine::CMeshModel'의 클라이언트에서 DLL 인터페이스를 사용하도록 지정해야 함
  (소스 파일 '../private/VIBuffer_Mesh.cpp'을(를) 컴파일하는 중)
      C:\Program Files\Microsoft Visual Studio\2022\Community\VC\Tools\MSVC\14.44.35207\include\vector(442,7):
      'std::vector<Engine::CVIBuffer_Mesh *,std::allocator<Engine::CVIBuffer_Mesh *>>' 선언을 참조하십시오.
  
C:\Users\kkth3\OneDrive\문서\GitHub\250531\Client\Engine\public\RootSignatureMgr.h(29,54): warning C4251: 'Engine::CRootSignatureMgr::mRootSignatures': 'std::unordered_map<std::string,Engine::CRootSignature *,std::hash<std::string>,std::equal_to<std::string>,std::allocator<std::pair<const std::string,Engine::CRootSignature *>>>'에서는 'Engine::CRootSignatureMgr'의 클라이언트에서 DLL 인터페이스를 사용하도록 지정해야 함
  (소스 파일 '../private/VIBuffer_Mesh.cpp'을(를) 컴파일하는 중)
      C:\Program Files\Microsoft Visual Studio\2022\Community\VC\Tools\MSVC\14.44.35207\include\unordered_map(61,7):
      'std::unordered_map<std::string,Engine::CRootSignature *,std::hash<std::string>,std::equal_to<std::string>,std::allocator<std::pair<const std::string,Engine::CRootSignature *>>>' 선언을 참조하십시오.
  
C:\Users\kkth3\OneDrive\문서\GitHub\250531\Client\Engine\public\ObjectMgr.h(53,34): warning C4251: 'Engine::CObjectMgr::m_Layers': 'std::unordered_map<std::string,Engine::CObjectMgr::Layer,std::hash<std::string>,std::equal_to<std::string>,std::allocator<std::pair<const std::string,Engine::CObjectMgr::Layer>>>'에서는 'Engine::CObjectMgr'의 클라이언트에서 DLL 인터페이스를 사용하도록 지정해야 함
  (소스 파일 '../private/VIBuffer_Mesh.cpp'을(를) 컴파일하는 중)
      C:\Program Files\Microsoft Visual Studio\2022\Community\VC\Tools\MSVC\14.44.35207\include\unordered_map(61,7):
      'std::unordered_map<std::string,Engine::CObjectMgr::Layer,std::hash<std::string>,std::equal_to<std::string>,std::allocator<std::pair<const std::string,Engine::CObjectMgr::Layer>>>' 선언을 참조하십시오.
  
C:\Users\kkth3\OneDrive\문서\GitHub\250531\Client\Engine\public\ObjectMgr.h(54,41): warning C4251: 'Engine::CObjectMgr::m_Prototypes': 'std::unordered_map<std::string,Engine::CGameObject *,std::hash<std::string>,std::equal_to<std::string>,std::allocator<std::pair<const std::string,Engine::CGameObject *>>>'에서는 'Engine::CObjectMgr'의 클라이언트에서 DLL 인터페이스를 사용하도록 지정해야 함
  (소스 파일 '../private/VIBuffer_Mesh.cpp'을(를) 컴파일하는 중)
      C:\Program Files\Microsoft Visual Studio\2022\Community\VC\Tools\MSVC\14.44.35207\include\unordered_map(61,7):
      'std::unordered_map<std::string,Engine::CGameObject *,std::hash<std::string>,std::equal_to<std::string>,std::allocator<std::pair<const std::string,Engine::CGameObject *>>>' 선언을 참조하십시오.
  
C:\Users\kkth3\OneDrive\문서\GitHub\250531\Client\Engine\public\TextureMgr.h(74,32): warning C4251: 'Engine::CTextureMgr::hDescriptor': 'CD3DX12_CPU_DESCRIPTOR_HANDLE'에서는 'Engine::CTextureMgr'의 클라이언트에서 DLL 인터페이스를 사용하도록 지정해야 함
  (소스 파일 '../private/VIBuffer_Mesh.cpp'을(를) 컴파일하는 중)
      C:\Users\kkth3\OneDrive\문서\GitHub\250531\Client\Engine\public\d3dx12.h(1471,8):
      'CD3DX12_CPU_DESCRIPTOR_HANDLE' 선언을 참조하십시오.
  
C:\Users\kkth3\OneDrive\문서\GitHub\250531\Client\Engine\public\TextureMgr.h(78,34): warning C4251: 'Engine::CTextureMgr::m_Textures': 'std::vector<std::pair<std::string,Engine::CTexture *>,std::allocator<std::pair<std::string,Engine::CTexture *>>>'에서는 'Engine::CTextureMgr'의 클라이언트에서 DLL 인터페이스를 사용하도록 지정해야 함
  (소스 파일 '../private/VIBuffer_Mesh.cpp'을(를) 컴파일하는 중)
      C:\Program Files\Microsoft Visual Studio\2022\Community\VC\Tools\MSVC\14.44.35207\include\vector(442,7):
      'std::vector<std::pair<std::string,Engine::CTexture *>,std::allocator<std::pair<std::string,Engine::CTexture *>>>' 선언을 참조하십시오.
  
C:\Users\kkth3\OneDrive\문서\GitHub\250531\Client\Engine\public\GameInstance.h(143,12): warning C4251: 'Engine::CGameInstance::m_CameraViewProj': 'DirectX::XMFLOAT4X4'에서는 'Engine::CGameInstance'의 클라이언트에서 DLL 인터페이스를 사용하도록 지정해야 함
  (소스 파일 '../private/VIBuffer_Mesh.cpp'을(를) 컴파일하는 중)
      C:\Program Files (x86)\Windows Kits\10\Include\10.0.28000.0\um\DirectXMath.h(964,12):
      'DirectX::XMFLOAT4X4' 선언을 참조하십시오.
  
C:\Users\kkth3\OneDrive\문서\GitHub\250531\Client\Engine\public\GameInstance.h(144,12): warning C4251: 'Engine::CGameInstance::m_ShadowViewProj': 'DirectX::XMFLOAT4X4'에서는 'Engine::CGameInstance'의 클라이언트에서 DLL 인터페이스를 사용하도록 지정해야 함
  (소스 파일 '../private/VIBuffer_Mesh.cpp'을(를) 컴파일하는 중)
      C:\Program Files (x86)\Windows Kits\10\Include\10.0.28000.0\um\DirectXMath.h(964,12):
      'DirectX::XMFLOAT4X4' 선언을 참조하십시오.
  
C:\Users\kkth3\OneDrive\문서\GitHub\250531\Client\Engine\public\GameInstance.h(145,11): warning C4251: 'Engine::CGameInstance::m_CameraEye': 'DirectX::XMFLOAT3'에서는 'Engine::CGameInstance'의 클라이언트에서 DLL 인터페이스를 사용하도록 지정해야 함
  (소스 파일 '../private/VIBuffer_Mesh.cpp'을(를) 컴파일하는 중)
      C:\Program Files (x86)\Windows Kits\10\Include\10.0.28000.0\um\DirectXMath.h(661,12):
      'DirectX::XMFLOAT3' 선언을 참조하십시오.
  
  VIBuffer_Quad.cpp
C:\Users\kkth3\OneDrive\문서\GitHub\250531\Client\Engine\public\Engine_Struct.h(21,14): warning C4251: 'Engine::ObjectConstants::World': 'DirectX::XMFLOAT4X4'에서는 'Engine::ObjectConstants'의 클라이언트에서 DLL 인터페이스를 사용하도록 지정해야 함
  (소스 파일 '../private/VIBuffer_Quad.cpp'을(를) 컴파일하는 중)
      C:\Program Files (x86)\Windows Kits\10\Include\10.0.28000.0\um\DirectXMath.h(964,12):
      'DirectX::XMFLOAT4X4' 선언을 참조하십시오.
  
C:\Users\kkth3\OneDrive\문서\GitHub\250531\Client\Engine\public\Engine_Struct.h(22,14): warning C4251: 'Engine::ObjectConstants::TexTransform': 'DirectX::XMFLOAT4X4'에서는 'Engine::ObjectConstants'의 클라이언트에서 DLL 인터페이스를 사용하도록 지정해야 함
  (소스 파일 '../private/VIBuffer_Quad.cpp'을(를) 컴파일하는 중)
      C:\Program Files (x86)\Windows Kits\10\Include\10.0.28000.0\um\DirectXMath.h(964,12):
      'DirectX::XMFLOAT4X4' 선언을 참조하십시오.
  
C:\Users\kkth3\OneDrive\문서\GitHub\250531\Client\Engine\public\Engine_Struct.h(31,21): warning C4251: 'Engine::Light::Strength': 'DirectX::XMFLOAT3'에서는 'Engine::Light'의 클라이언트에서 DLL 인터페이스를 사용하도록 지정해야 함
  (소스 파일 '../private/VIBuffer_Quad.cpp'을(를) 컴파일하는 중)
      C:\Program Files (x86)\Windows Kits\10\Include\10.0.28000.0\um\DirectXMath.h(661,12):
      'DirectX::XMFLOAT3' 선언을 참조하십시오.
  
C:\Users\kkth3\OneDrive\문서\GitHub\250531\Client\Engine\public\Engine_Struct.h(33,21): warning C4251: 'Engine::Light::Direction': 'DirectX::XMFLOAT3'에서는 'Engine::Light'의 클라이언트에서 DLL 인터페이스를 사용하도록 지정해야 함
  (소스 파일 '../private/VIBuffer_Quad.cpp'을(를) 컴파일하는 중)
      C:\Program Files (x86)\Windows Kits\10\Include\10.0.28000.0\um\DirectXMath.h(661,12):
      'DirectX::XMFLOAT3' 선언을 참조하십시오.
  
C:\Users\kkth3\OneDrive\문서\GitHub\250531\Client\Engine\public\Engine_Struct.h(35,21): warning C4251: 'Engine::Light::Position': 'DirectX::XMFLOAT3'에서는 'Engine::Light'의 클라이언트에서 DLL 인터페이스를 사용하도록 지정해야 함
  (소스 파일 '../private/VIBuffer_Quad.cpp'을(를) 컴파일하는 중)
      C:\Program Files (x86)\Windows Kits\10\Include\10.0.28000.0\um\DirectXMath.h(661,12):
      'DirectX::XMFLOAT3' 선언을 참조하십시오.
  
C:\Users\kkth3\OneDrive\문서\GitHub\250531\Client\Engine\public\Engine_Struct.h(41,23): warning C4251: 'Engine::PassConstants::View': 'DirectX::XMFLOAT4X4'에서는 'Engine::PassConstants'의 클라이언트에서 DLL 인터페이스를 사용하도록 지정해야 함
  (소스 파일 '../private/VIBuffer_Quad.cpp'을(를) 컴파일하는 중)
      C:\Program Files (x86)\Windows Kits\10\Include\10.0.28000.0\um\DirectXMath.h(964,12):
      'DirectX::XMFLOAT4X4' 선언을 참조하십시오.
  
C:\Users\kkth3\OneDrive\문서\GitHub\250531\Client\Engine\public\Engine_Struct.h(42,23): warning C4251: 'Engine::PassConstants::InvView': 'DirectX::XMFLOAT4X4'에서는 'Engine::PassConstants'의 클라이언트에서 DLL 인터페이스를 사용하도록 지정해야 함
  (소스 파일 '../private/VIBuffer_Quad.cpp'을(를) 컴파일하는 중)
      C:\Program Files (x86)\Windows Kits\10\Include\10.0.28000.0\um\DirectXMath.h(964,12):
      'DirectX::XMFLOAT4X4' 선언을 참조하십시오.
  
C:\Users\kkth3\OneDrive\문서\GitHub\250531\Client\Engine\public\Engine_Struct.h(43,23): warning C4251: 'Engine::PassConstants::Proj': 'DirectX::XMFLOAT4X4'에서는 'Engine::PassConstants'의 클라이언트에서 DLL 인터페이스를 사용하도록 지정해야 함
  (소스 파일 '../private/VIBuffer_Quad.cpp'을(를) 컴파일하는 중)
      C:\Program Files (x86)\Windows Kits\10\Include\10.0.28000.0\um\DirectXMath.h(964,12):
      'DirectX::XMFLOAT4X4' 선언을 참조하십시오.
  
C:\Users\kkth3\OneDrive\문서\GitHub\250531\Client\Engine\public\Engine_Struct.h(44,23): warning C4251: 'Engine::PassConstants::InvProj': 'DirectX::XMFLOAT4X4'에서는 'Engine::PassConstants'의 클라이언트에서 DLL 인터페이스를 사용하도록 지정해야 함
  (소스 파일 '../private/VIBuffer_Quad.cpp'을(를) 컴파일하는 중)
      C:\Program Files (x86)\Windows Kits\10\Include\10.0.28000.0\um\DirectXMath.h(964,12):
      'DirectX::XMFLOAT4X4' 선언을 참조하십시오.
  
C:\Users\kkth3\OneDrive\문서\GitHub\250531\Client\Engine\public\Engine_Struct.h(45,23): warning C4251: 'Engine::PassConstants::ViewProj': 'DirectX::XMFLOAT4X4'에서는 'Engine::PassConstants'의 클라이언트에서 DLL 인터페이스를 사용하도록 지정해야 함
  (소스 파일 '../private/VIBuffer_Quad.cpp'을(를) 컴파일하는 중)
      C:\Program Files (x86)\Windows Kits\10\Include\10.0.28000.0\um\DirectXMath.h(964,12):
      'DirectX::XMFLOAT4X4' 선언을 참조하십시오.
  
C:\Users\kkth3\OneDrive\문서\GitHub\250531\Client\Engine\public\Engine_Struct.h(46,23): warning C4251: 'Engine::PassConstants::InvViewProj': 'DirectX::XMFLOAT4X4'에서는 'Engine::PassConstants'의 클라이언트에서 DLL 인터페이스를 사용하도록 지정해야 함
  (소스 파일 '../private/VIBuffer_Quad.cpp'을(를) 컴파일하는 중)
      C:\Program Files (x86)\Windows Kits\10\Include\10.0.28000.0\um\DirectXMath.h(964,12):
      'DirectX::XMFLOAT4X4' 선언을 참조하십시오.
  
C:\Users\kkth3\OneDrive\문서\GitHub\250531\Client\Engine\public\Engine_Struct.h(47,23): warning C4251: 'Engine::PassConstants::ShadowTransform': 'DirectX::XMFLOAT4X4'에서는 'Engine::PassConstants'의 클라이언트에서 DLL 인터페이스를 사용하도록 지정해야 함
  (소스 파일 '../private/VIBuffer_Quad.cpp'을(를) 컴파일하는 중)
      C:\Program Files (x86)\Windows Kits\10\Include\10.0.28000.0\um\DirectXMath.h(964,12):
      'DirectX::XMFLOAT4X4' 선언을 참조하십시오.
  
C:\Users\kkth3\OneDrive\문서\GitHub\250531\Client\Engine\public\Engine_Struct.h(48,21): warning C4251: 'Engine::PassConstants::EyePosW': 'DirectX::XMFLOAT3'에서는 'Engine::PassConstants'의 클라이언트에서 DLL 인터페이스를 사용하도록 지정해야 함
  (소스 파일 '../private/VIBuffer_Quad.cpp'을(를) 컴파일하는 중)
      C:\Program Files (x86)\Windows Kits\10\Include\10.0.28000.0\um\DirectXMath.h(661,12):
      'DirectX::XMFLOAT3' 선언을 참조하십시오.
  
C:\Users\kkth3\OneDrive\문서\GitHub\250531\Client\Engine\public\Engine_Struct.h(50,21): warning C4251: 'Engine::PassConstants::RenderTargetSize': 'DirectX::XMFLOAT2'에서는 'Engine::PassConstants'의 클라이언트에서 DLL 인터페이스를 사용하도록 지정해야 함
  (소스 파일 '../private/VIBuffer_Quad.cpp'을(를) 컴파일하는 중)
      C:\Program Files (x86)\Windows Kits\10\Include\10.0.28000.0\um\DirectXMath.h(584,12):
      'DirectX::XMFLOAT2' 선언을 참조하십시오.
  
C:\Users\kkth3\OneDrive\문서\GitHub\250531\Client\Engine\public\Engine_Struct.h(51,21): warning C4251: 'Engine::PassConstants::InvRenderTargetSize': 'DirectX::XMFLOAT2'에서는 'Engine::PassConstants'의 클라이언트에서 DLL 인터페이스를 사용하도록 지정해야 함
  (소스 파일 '../private/VIBuffer_Quad.cpp'을(를) 컴파일하는 중)
      C:\Program Files (x86)\Windows Kits\10\Include\10.0.28000.0\um\DirectXMath.h(584,12):
      'DirectX::XMFLOAT2' 선언을 참조하십시오.
  
C:\Users\kkth3\OneDrive\문서\GitHub\250531\Client\Engine\public\Engine_Struct.h(57,21): warning C4251: 'Engine::PassConstants::AmbientLight': 'DirectX::XMFLOAT4'에서는 'Engine::PassConstants'의 클라이언트에서 DLL 인터페이스를 사용하도록 지정해야 함
  (소스 파일 '../private/VIBuffer_Quad.cpp'을(를) 컴파일하는 중)
      C:\Program Files (x86)\Windows Kits\10\Include\10.0.28000.0\um\DirectXMath.h(736,12):
      'DirectX::XMFLOAT4' 선언을 참조하십시오.
  
C:\Users\kkth3\OneDrive\문서\GitHub\250531\Client\Engine\public\Engine_Struct.h(86,21): warning C4251: 'Engine::MaterialConstants::DiffuseAlbedo': 'DirectX::XMFLOAT4'에서는 'Engine::MaterialConstants'의 클라이언트에서 DLL 인터페이스를 사용하도록 지정해야 함
  (소스 파일 '../private/VIBuffer_Quad.cpp'을(를) 컴파일하는 중)
      C:\Program Files (x86)\Windows Kits\10\Include\10.0.28000.0\um\DirectXMath.h(736,12):
      'DirectX::XMFLOAT4' 선언을 참조하십시오.
  
C:\Users\kkth3\OneDrive\문서\GitHub\250531\Client\Engine\public\Engine_Struct.h(87,21): warning C4251: 'Engine::MaterialConstants::FresnelR0': 'DirectX::XMFLOAT3'에서는 'Engine::MaterialConstants'의 클라이언트에서 DLL 인터페이스를 사용하도록 지정해야 함
  (소스 파일 '../private/VIBuffer_Quad.cpp'을(를) 컴파일하는 중)
      C:\Program Files (x86)\Windows Kits\10\Include\10.0.28000.0\um\DirectXMath.h(661,12):
      'DirectX::XMFLOAT3' 선언을 참조하십시오.
  
C:\Users\kkth3\OneDrive\문서\GitHub\250531\Client\Engine\public\Engine_Struct.h(89,23): warning C4251: 'Engine::MaterialConstants::MatTransform': 'DirectX::XMFLOAT4X4'에서는 'Engine::MaterialConstants'의 클라이언트에서 DLL 인터페이스를 사용하도록 지정해야 함
  (소스 파일 '../private/VIBuffer_Quad.cpp'을(를) 컴파일하는 중)
      C:\Program Files (x86)\Windows Kits\10\Include\10.0.28000.0\um\DirectXMath.h(964,12):
      'DirectX::XMFLOAT4X4' 선언을 참조하십시오.
  
C:\Users\kkth3\OneDrive\문서\GitHub\250531\Client\Engine\public\Engine_Struct.h(94,21): warning C4251: 'Engine::MaterialData::DiffuseAlbedo': 'DirectX::XMFLOAT4'에서는 'Engine::MaterialData'의 클라이언트에서 DLL 인터페이스를 사용하도록 지정해야 함
  (소스 파일 '../private/VIBuffer_Quad.cpp'을(를) 컴파일하는 중)
      C:\Program Files (x86)\Windows Kits\10\Include\10.0.28000.0\um\DirectXMath.h(736,12):
      'DirectX::XMFLOAT4' 선언을 참조하십시오.
  
C:\Users\kkth3\OneDrive\문서\GitHub\250531\Client\Engine\public\Engine_Struct.h(95,21): warning C4251: 'Engine::MaterialData::FresnelR0': 'DirectX::XMFLOAT3'에서는 'Engine::MaterialData'의 클라이언트에서 DLL 인터페이스를 사용하도록 지정해야 함
  (소스 파일 '../private/VIBuffer_Quad.cpp'을(를) 컴파일하는 중)
      C:\Program Files (x86)\Windows Kits\10\Include\10.0.28000.0\um\DirectXMath.h(661,12):
      'DirectX::XMFLOAT3' 선언을 참조하십시오.
  
C:\Users\kkth3\OneDrive\문서\GitHub\250531\Client\Engine\public\Engine_Struct.h(99,23): warning C4251: 'Engine::MaterialData::MatTransform': 'DirectX::XMFLOAT4X4'에서는 'Engine::MaterialData'의 클라이언트에서 DLL 인터페이스를 사용하도록 지정해야 함
  (소스 파일 '../private/VIBuffer_Quad.cpp'을(를) 컴파일하는 중)
      C:\Program Files (x86)\Windows Kits\10\Include\10.0.28000.0\um\DirectXMath.h(964,12):
      'DirectX::XMFLOAT4X4' 선언을 참조하십시오.
  
C:\Users\kkth3\OneDrive\문서\GitHub\250531\Client\Engine\public\Engine_Struct.h(113,14): warning C4251: 'Engine::InstanceData::World': 'DirectX::XMFLOAT4X4'에서는 'Engine::InstanceData'의 클라이언트에서 DLL 인터페이스를 사용하도록 지정해야 함
  (소스 파일 '../private/VIBuffer_Quad.cpp'을(를) 컴파일하는 중)
      C:\Program Files (x86)\Windows Kits\10\Include\10.0.28000.0\um\DirectXMath.h(964,12):
      'DirectX::XMFLOAT4X4' 선언을 참조하십시오.
  
C:\Users\kkth3\OneDrive\문서\GitHub\250531\Client\Engine\public\Engine_Struct.h(142,13): warning C4251: 'Engine::tagVertex_Position::vPosition': 'DirectX::XMFLOAT3'에서는 'Engine::tagVertex_Position'의 클라이언트에서 DLL 인터페이스를 사용하도록 지정해야 함
  (소스 파일 '../private/VIBuffer_Quad.cpp'을(를) 컴파일하는 중)
      C:\Program Files (x86)\Windows Kits\10\Include\10.0.28000.0\um\DirectXMath.h(661,12):
      'DirectX::XMFLOAT3' 선언을 참조하십시오.
  
C:\Users\kkth3\OneDrive\문서\GitHub\250531\Client\Engine\public\Engine_Struct.h(151,13): warning C4251: 'Engine::tagVertex_Position_Normal::vPosition': 'DirectX::XMFLOAT3'에서는 'Engine::tagVertex_Position_Normal'의 클라이언트에서 DLL 인터페이스를 사용하도록 지정해야 함
  (소스 파일 '../private/VIBuffer_Quad.cpp'을(를) 컴파일하는 중)
      C:\Program Files (x86)\Windows Kits\10\Include\10.0.28000.0\um\DirectXMath.h(661,12):
      'DirectX::XMFLOAT3' 선언을 참조하십시오.
  
C:\Users\kkth3\OneDrive\문서\GitHub\250531\Client\Engine\public\Engine_Struct.h(152,13): warning C4251: 'Engine::tagVertex_Position_Normal::vNormal': 'DirectX::XMFLOAT3'에서는 'Engine::tagVertex_Position_Normal'의 클라이언트에서 DLL 인터페이스를 사용하도록 지정해야 함
  (소스 파일 '../private/VIBuffer_Quad.cpp'을(를) 컴파일하는 중)
      C:\Program Files (x86)\Windows Kits\10\Include\10.0.28000.0\um\DirectXMath.h(661,12):
      'DirectX::XMFLOAT3' 선언을 참조하십시오.
  
C:\Users\kkth3\OneDrive\문서\GitHub\250531\Client\Engine\public\Engine_Struct.h(161,13): warning C4251: 'Engine::tagVertex_Position_Texcoord::vPosition': 'DirectX::XMFLOAT3'에서는 'Engine::tagVertex_Position_Texcoord'의 클라이언트에서 DLL 인터페이스를 사용하도록 지정해야 함
  (소스 파일 '../private/VIBuffer_Quad.cpp'을(를) 컴파일하는 중)
      C:\Program Files (x86)\Windows Kits\10\Include\10.0.28000.0\um\DirectXMath.h(661,12):
      'DirectX::XMFLOAT3' 선언을 참조하십시오.
  
C:\Users\kkth3\OneDrive\문서\GitHub\250531\Client\Engine\public\Engine_Struct.h(162,13): warning C4251: 'Engine::tagVertex_Position_Texcoord::vTexcoord': 'DirectX::XMFLOAT2'에서는 'Engine::tagVertex_Position_Texcoord'의 클라이언트에서 DLL 인터페이스를 사용하도록 지정해야 함
  (소스 파일 '../private/VIBuffer_Quad.cpp'을(를) 컴파일하는 중)
      C:\Program Files (x86)\Windows Kits\10\Include\10.0.28000.0\um\DirectXMath.h(584,12):
      'DirectX::XMFLOAT2' 선언을 참조하십시오.
  
C:\Users\kkth3\OneDrive\문서\GitHub\250531\Client\Engine\public\Engine_Struct.h(171,13): warning C4251: 'Engine::tagVertex_Position_Normal_Texcoord::vPosition': 'DirectX::XMFLOAT3'에서는 'Engine::tagVertex_Position_Normal_Texcoord'의 클라이언트에서 DLL 인터페이스를 사용하도록 지정해야 함
  (소스 파일 '../private/VIBuffer_Quad.cpp'을(를) 컴파일하는 중)
      C:\Program Files (x86)\Windows Kits\10\Include\10.0.28000.0\um\DirectXMath.h(661,12):
      'DirectX::XMFLOAT3' 선언을 참조하십시오.
  
C:\Users\kkth3\OneDrive\문서\GitHub\250531\Client\Engine\public\Engine_Struct.h(172,13): warning C4251: 'Engine::tagVertex_Position_Normal_Texcoord::vNormal': 'DirectX::XMFLOAT3'에서는 'Engine::tagVertex_Position_Normal_Texcoord'의 클라이언트에서 DLL 인터페이스를 사용하도록 지정해야 함
  (소스 파일 '../private/VIBuffer_Quad.cpp'을(를) 컴파일하는 중)
      C:\Program Files (x86)\Windows Kits\10\Include\10.0.28000.0\um\DirectXMath.h(661,12):
      'DirectX::XMFLOAT3' 선언을 참조하십시오.
  
C:\Users\kkth3\OneDrive\문서\GitHub\250531\Client\Engine\public\Engine_Struct.h(173,13): warning C4251: 'Engine::tagVertex_Position_Normal_Texcoord::vTexcoord': 'DirectX::XMFLOAT2'에서는 'Engine::tagVertex_Position_Normal_Texcoord'의 클라이언트에서 DLL 인터페이스를 사용하도록 지정해야 함
  (소스 파일 '../private/VIBuffer_Quad.cpp'을(를) 컴파일하는 중)
      C:\Program Files (x86)\Windows Kits\10\Include\10.0.28000.0\um\DirectXMath.h(584,12):
      'DirectX::XMFLOAT2' 선언을 참조하십시오.
  
C:\Users\kkth3\OneDrive\문서\GitHub\250531\Client\Engine\public\Engine_Struct.h(182,13): warning C4251: 'Engine::tagVertex_Position_Cube_Texcoord::vPosition': 'DirectX::XMFLOAT3'에서는 'Engine::tagVertex_Position_Cube_Texcoord'의 클라이언트에서 DLL 인터페이스를 사용하도록 지정해야 함
  (소스 파일 '../private/VIBuffer_Quad.cpp'을(를) 컴파일하는 중)
      C:\Program Files (x86)\Windows Kits\10\Include\10.0.28000.0\um\DirectXMath.h(661,12):
      'DirectX::XMFLOAT3' 선언을 참조하십시오.
  
C:\Users\kkth3\OneDrive\문서\GitHub\250531\Client\Engine\public\Engine_Struct.h(183,13): warning C4251: 'Engine::tagVertex_Position_Cube_Texcoord::vTexcoord': 'DirectX::XMFLOAT3'에서는 'Engine::tagVertex_Position_Cube_Texcoord'의 클라이언트에서 DLL 인터페이스를 사용하도록 지정해야 함
  (소스 파일 '../private/VIBuffer_Quad.cpp'을(를) 컴파일하는 중)
      C:\Program Files (x86)\Windows Kits\10\Include\10.0.28000.0\um\DirectXMath.h(661,12):
      'DirectX::XMFLOAT3' 선언을 참조하십시오.
  
C:\Users\kkth3\OneDrive\문서\GitHub\250531\Client\Engine\public\Engine_Struct.h(192,13): warning C4251: 'Engine::tagVertex_Mesh::vPosition': 'DirectX::XMFLOAT3'에서는 'Engine::tagVertex_Mesh'의 클라이언트에서 DLL 인터페이스를 사용하도록 지정해야 함
  (소스 파일 '../private/VIBuffer_Quad.cpp'을(를) 컴파일하는 중)
      C:\Program Files (x86)\Windows Kits\10\Include\10.0.28000.0\um\DirectXMath.h(661,12):
      'DirectX::XMFLOAT3' 선언을 참조하십시오.
  
C:\Users\kkth3\OneDrive\문서\GitHub\250531\Client\Engine\public\Engine_Struct.h(193,13): warning C4251: 'Engine::tagVertex_Mesh::vNormal': 'DirectX::XMFLOAT3'에서는 'Engine::tagVertex_Mesh'의 클라이언트에서 DLL 인터페이스를 사용하도록 지정해야 함
  (소스 파일 '../private/VIBuffer_Quad.cpp'을(를) 컴파일하는 중)
      C:\Program Files (x86)\Windows Kits\10\Include\10.0.28000.0\um\DirectXMath.h(661,12):
      'DirectX::XMFLOAT3' 선언을 참조하십시오.
  
C:\Users\kkth3\OneDrive\문서\GitHub\250531\Client\Engine\public\Engine_Struct.h(194,13): warning C4251: 'Engine::tagVertex_Mesh::vTexcoord': 'DirectX::XMFLOAT2'에서는 'Engine::tagVertex_Mesh'의 클라이언트에서 DLL 인터페이스를 사용하도록 지정해야 함
  (소스 파일 '../private/VIBuffer_Quad.cpp'을(를) 컴파일하는 중)
      C:\Program Files (x86)\Windows Kits\10\Include\10.0.28000.0\um\DirectXMath.h(584,12):
      'DirectX::XMFLOAT2' 선언을 참조하십시오.
  
C:\Users\kkth3\OneDrive\문서\GitHub\250531\Client\Engine\public\Engine_Struct.h(195,13): warning C4251: 'Engine::tagVertex_Mesh::vTangent': 'DirectX::XMFLOAT3'에서는 'Engine::tagVertex_Mesh'의 클라이언트에서 DLL 인터페이스를 사용하도록 지정해야 함
  (소스 파일 '../private/VIBuffer_Quad.cpp'을(를) 컴파일하는 중)
      C:\Program Files (x86)\Windows Kits\10\Include\10.0.28000.0\um\DirectXMath.h(661,12):
      'DirectX::XMFLOAT3' 선언을 참조하십시오.
  
C:\Users\kkth3\OneDrive\문서\GitHub\250531\Client\Engine\public\Engine_Struct.h(204,13): warning C4251: 'Engine::tagVertex_Anim_Mesh::vPosition': 'DirectX::XMFLOAT3'에서는 'Engine::tagVertex_Anim_Mesh'의 클라이언트에서 DLL 인터페이스를 사용하도록 지정해야 함
  (소스 파일 '../private/VIBuffer_Quad.cpp'을(를) 컴파일하는 중)
      C:\Program Files (x86)\Windows Kits\10\Include\10.0.28000.0\um\DirectXMath.h(661,12):
      'DirectX::XMFLOAT3' 선언을 참조하십시오.
  
C:\Users\kkth3\OneDrive\문서\GitHub\250531\Client\Engine\public\Engine_Struct.h(205,13): warning C4251: 'Engine::tagVertex_Anim_Mesh::vNormal': 'DirectX::XMFLOAT3'에서는 'Engine::tagVertex_Anim_Mesh'의 클라이언트에서 DLL 인터페이스를 사용하도록 지정해야 함
  (소스 파일 '../private/VIBuffer_Quad.cpp'을(를) 컴파일하는 중)
      C:\Program Files (x86)\Windows Kits\10\Include\10.0.28000.0\um\DirectXMath.h(661,12):
      'DirectX::XMFLOAT3' 선언을 참조하십시오.
  
C:\Users\kkth3\OneDrive\문서\GitHub\250531\Client\Engine\public\Engine_Struct.h(206,13): warning C4251: 'Engine::tagVertex_Anim_Mesh::vTexcoord': 'DirectX::XMFLOAT2'에서는 'Engine::tagVertex_Anim_Mesh'의 클라이언트에서 DLL 인터페이스를 사용하도록 지정해야 함
  (소스 파일 '../private/VIBuffer_Quad.cpp'을(를) 컴파일하는 중)
      C:\Program Files (x86)\Windows Kits\10\Include\10.0.28000.0\um\DirectXMath.h(584,12):
      'DirectX::XMFLOAT2' 선언을 참조하십시오.
  
C:\Users\kkth3\OneDrive\문서\GitHub\250531\Client\Engine\public\Engine_Struct.h(207,13): warning C4251: 'Engine::tagVertex_Anim_Mesh::vTangent': 'DirectX::XMFLOAT3'에서는 'Engine::tagVertex_Anim_Mesh'의 클라이언트에서 DLL 인터페이스를 사용하도록 지정해야 함
  (소스 파일 '../private/VIBuffer_Quad.cpp'을(를) 컴파일하는 중)
      C:\Program Files (x86)\Windows Kits\10\Include\10.0.28000.0\um\DirectXMath.h(661,12):
      'DirectX::XMFLOAT3' 선언을 참조하십시오.
  
C:\Users\kkth3\OneDrive\문서\GitHub\250531\Client\Engine\public\Engine_Struct.h(209,13): warning C4251: 'Engine::tagVertex_Anim_Mesh::vBlendIndices': 'DirectX::XMUINT4'에서는 'Engine::tagVertex_Anim_Mesh'의 클라이언트에서 DLL 인터페이스를 사용하도록 지정해야 함
  (소스 파일 '../private/VIBuffer_Quad.cpp'을(를) 컴파일하는 중)
      C:\Program Files (x86)\Windows Kits\10\Include\10.0.28000.0\um\DirectXMath.h(793,12):
      'DirectX::XMUINT4' 선언을 참조하십시오.
  
C:\Users\kkth3\OneDrive\문서\GitHub\250531\Client\Engine\public\Engine_Struct.h(210,13): warning C4251: 'Engine::tagVertex_Anim_Mesh::vBlendWeights': 'DirectX::XMFLOAT4'에서는 'Engine::tagVertex_Anim_Mesh'의 클라이언트에서 DLL 인터페이스를 사용하도록 지정해야 함
  (소스 파일 '../private/VIBuffer_Quad.cpp'을(를) 컴파일하는 중)
      C:\Program Files (x86)\Windows Kits\10\Include\10.0.28000.0\um\DirectXMath.h(736,12):
      'DirectX::XMFLOAT4' 선언을 참조하십시오.
  
  VIBuffer_Terrain.cpp
C:\Users\kkth3\OneDrive\문서\GitHub\250531\Client\Engine\public\Engine_Struct.h(21,14): warning C4251: 'Engine::ObjectConstants::World': 'DirectX::XMFLOAT4X4'에서는 'Engine::ObjectConstants'의 클라이언트에서 DLL 인터페이스를 사용하도록 지정해야 함
  (소스 파일 '../private/VIBuffer_Terrain.cpp'을(를) 컴파일하는 중)
      C:\Program Files (x86)\Windows Kits\10\Include\10.0.28000.0\um\DirectXMath.h(964,12):
      'DirectX::XMFLOAT4X4' 선언을 참조하십시오.
  
C:\Users\kkth3\OneDrive\문서\GitHub\250531\Client\Engine\public\Engine_Struct.h(22,14): warning C4251: 'Engine::ObjectConstants::TexTransform': 'DirectX::XMFLOAT4X4'에서는 'Engine::ObjectConstants'의 클라이언트에서 DLL 인터페이스를 사용하도록 지정해야 함
  (소스 파일 '../private/VIBuffer_Terrain.cpp'을(를) 컴파일하는 중)
      C:\Program Files (x86)\Windows Kits\10\Include\10.0.28000.0\um\DirectXMath.h(964,12):
      'DirectX::XMFLOAT4X4' 선언을 참조하십시오.
  
C:\Users\kkth3\OneDrive\문서\GitHub\250531\Client\Engine\public\Engine_Struct.h(31,21): warning C4251: 'Engine::Light::Strength': 'DirectX::XMFLOAT3'에서는 'Engine::Light'의 클라이언트에서 DLL 인터페이스를 사용하도록 지정해야 함
  (소스 파일 '../private/VIBuffer_Terrain.cpp'을(를) 컴파일하는 중)
      C:\Program Files (x86)\Windows Kits\10\Include\10.0.28000.0\um\DirectXMath.h(661,12):
      'DirectX::XMFLOAT3' 선언을 참조하십시오.
  
C:\Users\kkth3\OneDrive\문서\GitHub\250531\Client\Engine\public\Engine_Struct.h(33,21): warning C4251: 'Engine::Light::Direction': 'DirectX::XMFLOAT3'에서는 'Engine::Light'의 클라이언트에서 DLL 인터페이스를 사용하도록 지정해야 함
  (소스 파일 '../private/VIBuffer_Terrain.cpp'을(를) 컴파일하는 중)
      C:\Program Files (x86)\Windows Kits\10\Include\10.0.28000.0\um\DirectXMath.h(661,12):
      'DirectX::XMFLOAT3' 선언을 참조하십시오.
  
C:\Users\kkth3\OneDrive\문서\GitHub\250531\Client\Engine\public\Engine_Struct.h(35,21): warning C4251: 'Engine::Light::Position': 'DirectX::XMFLOAT3'에서는 'Engine::Light'의 클라이언트에서 DLL 인터페이스를 사용하도록 지정해야 함
  (소스 파일 '../private/VIBuffer_Terrain.cpp'을(를) 컴파일하는 중)
      C:\Program Files (x86)\Windows Kits\10\Include\10.0.28000.0\um\DirectXMath.h(661,12):
      'DirectX::XMFLOAT3' 선언을 참조하십시오.
  
C:\Users\kkth3\OneDrive\문서\GitHub\250531\Client\Engine\public\Engine_Struct.h(41,23): warning C4251: 'Engine::PassConstants::View': 'DirectX::XMFLOAT4X4'에서는 'Engine::PassConstants'의 클라이언트에서 DLL 인터페이스를 사용하도록 지정해야 함
  (소스 파일 '../private/VIBuffer_Terrain.cpp'을(를) 컴파일하는 중)
      C:\Program Files (x86)\Windows Kits\10\Include\10.0.28000.0\um\DirectXMath.h(964,12):
      'DirectX::XMFLOAT4X4' 선언을 참조하십시오.
  
C:\Users\kkth3\OneDrive\문서\GitHub\250531\Client\Engine\public\Engine_Struct.h(42,23): warning C4251: 'Engine::PassConstants::InvView': 'DirectX::XMFLOAT4X4'에서는 'Engine::PassConstants'의 클라이언트에서 DLL 인터페이스를 사용하도록 지정해야 함
  (소스 파일 '../private/VIBuffer_Terrain.cpp'을(를) 컴파일하는 중)
      C:\Program Files (x86)\Windows Kits\10\Include\10.0.28000.0\um\DirectXMath.h(964,12):
      'DirectX::XMFLOAT4X4' 선언을 참조하십시오.
  
C:\Users\kkth3\OneDrive\문서\GitHub\250531\Client\Engine\public\Engine_Struct.h(43,23): warning C4251: 'Engine::PassConstants::Proj': 'DirectX::XMFLOAT4X4'에서는 'Engine::PassConstants'의 클라이언트에서 DLL 인터페이스를 사용하도록 지정해야 함
  (소스 파일 '../private/VIBuffer_Terrain.cpp'을(를) 컴파일하는 중)
      C:\Program Files (x86)\Windows Kits\10\Include\10.0.28000.0\um\DirectXMath.h(964,12):
      'DirectX::XMFLOAT4X4' 선언을 참조하십시오.
  
C:\Users\kkth3\OneDrive\문서\GitHub\250531\Client\Engine\public\Engine_Struct.h(44,23): warning C4251: 'Engine::PassConstants::InvProj': 'DirectX::XMFLOAT4X4'에서는 'Engine::PassConstants'의 클라이언트에서 DLL 인터페이스를 사용하도록 지정해야 함
  (소스 파일 '../private/VIBuffer_Terrain.cpp'을(를) 컴파일하는 중)
      C:\Program Files (x86)\Windows Kits\10\Include\10.0.28000.0\um\DirectXMath.h(964,12):
      'DirectX::XMFLOAT4X4' 선언을 참조하십시오.
  
C:\Users\kkth3\OneDrive\문서\GitHub\250531\Client\Engine\public\Engine_Struct.h(45,23): warning C4251: 'Engine::PassConstants::ViewProj': 'DirectX::XMFLOAT4X4'에서는 'Engine::PassConstants'의 클라이언트에서 DLL 인터페이스를 사용하도록 지정해야 함
  (소스 파일 '../private/VIBuffer_Terrain.cpp'을(를) 컴파일하는 중)
      C:\Program Files (x86)\Windows Kits\10\Include\10.0.28000.0\um\DirectXMath.h(964,12):
      'DirectX::XMFLOAT4X4' 선언을 참조하십시오.
  
C:\Users\kkth3\OneDrive\문서\GitHub\250531\Client\Engine\public\Engine_Struct.h(46,23): warning C4251: 'Engine::PassConstants::InvViewProj': 'DirectX::XMFLOAT4X4'에서는 'Engine::PassConstants'의 클라이언트에서 DLL 인터페이스를 사용하도록 지정해야 함
  (소스 파일 '../private/VIBuffer_Terrain.cpp'을(를) 컴파일하는 중)
      C:\Program Files (x86)\Windows Kits\10\Include\10.0.28000.0\um\DirectXMath.h(964,12):
      'DirectX::XMFLOAT4X4' 선언을 참조하십시오.
  
C:\Users\kkth3\OneDrive\문서\GitHub\250531\Client\Engine\public\Engine_Struct.h(47,23): warning C4251: 'Engine::PassConstants::ShadowTransform': 'DirectX::XMFLOAT4X4'에서는 'Engine::PassConstants'의 클라이언트에서 DLL 인터페이스를 사용하도록 지정해야 함
  (소스 파일 '../private/VIBuffer_Terrain.cpp'을(를) 컴파일하는 중)
      C:\Program Files (x86)\Windows Kits\10\Include\10.0.28000.0\um\DirectXMath.h(964,12):
      'DirectX::XMFLOAT4X4' 선언을 참조하십시오.
  
C:\Users\kkth3\OneDrive\문서\GitHub\250531\Client\Engine\public\Engine_Struct.h(48,21): warning C4251: 'Engine::PassConstants::EyePosW': 'DirectX::XMFLOAT3'에서는 'Engine::PassConstants'의 클라이언트에서 DLL 인터페이스를 사용하도록 지정해야 함
  (소스 파일 '../private/VIBuffer_Terrain.cpp'을(를) 컴파일하는 중)
      C:\Program Files (x86)\Windows Kits\10\Include\10.0.28000.0\um\DirectXMath.h(661,12):
      'DirectX::XMFLOAT3' 선언을 참조하십시오.
  
C:\Users\kkth3\OneDrive\문서\GitHub\250531\Client\Engine\public\Engine_Struct.h(50,21): warning C4251: 'Engine::PassConstants::RenderTargetSize': 'DirectX::XMFLOAT2'에서는 'Engine::PassConstants'의 클라이언트에서 DLL 인터페이스를 사용하도록 지정해야 함
  (소스 파일 '../private/VIBuffer_Terrain.cpp'을(를) 컴파일하는 중)
      C:\Program Files (x86)\Windows Kits\10\Include\10.0.28000.0\um\DirectXMath.h(584,12):
      'DirectX::XMFLOAT2' 선언을 참조하십시오.
  
C:\Users\kkth3\OneDrive\문서\GitHub\250531\Client\Engine\public\Engine_Struct.h(51,21): warning C4251: 'Engine::PassConstants::InvRenderTargetSize': 'DirectX::XMFLOAT2'에서는 'Engine::PassConstants'의 클라이언트에서 DLL 인터페이스를 사용하도록 지정해야 함
  (소스 파일 '../private/VIBuffer_Terrain.cpp'을(를) 컴파일하는 중)
      C:\Program Files (x86)\Windows Kits\10\Include\10.0.28000.0\um\DirectXMath.h(584,12):
      'DirectX::XMFLOAT2' 선언을 참조하십시오.
  
C:\Users\kkth3\OneDrive\문서\GitHub\250531\Client\Engine\public\Engine_Struct.h(57,21): warning C4251: 'Engine::PassConstants::AmbientLight': 'DirectX::XMFLOAT4'에서는 'Engine::PassConstants'의 클라이언트에서 DLL 인터페이스를 사용하도록 지정해야 함
  (소스 파일 '../private/VIBuffer_Terrain.cpp'을(를) 컴파일하는 중)
      C:\Program Files (x86)\Windows Kits\10\Include\10.0.28000.0\um\DirectXMath.h(736,12):
      'DirectX::XMFLOAT4' 선언을 참조하십시오.
  
C:\Users\kkth3\OneDrive\문서\GitHub\250531\Client\Engine\public\Engine_Struct.h(86,21): warning C4251: 'Engine::MaterialConstants::DiffuseAlbedo': 'DirectX::XMFLOAT4'에서는 'Engine::MaterialConstants'의 클라이언트에서 DLL 인터페이스를 사용하도록 지정해야 함
  (소스 파일 '../private/VIBuffer_Terrain.cpp'을(를) 컴파일하는 중)
      C:\Program Files (x86)\Windows Kits\10\Include\10.0.28000.0\um\DirectXMath.h(736,12):
      'DirectX::XMFLOAT4' 선언을 참조하십시오.
  
C:\Users\kkth3\OneDrive\문서\GitHub\250531\Client\Engine\public\Engine_Struct.h(87,21): warning C4251: 'Engine::MaterialConstants::FresnelR0': 'DirectX::XMFLOAT3'에서는 'Engine::MaterialConstants'의 클라이언트에서 DLL 인터페이스를 사용하도록 지정해야 함
  (소스 파일 '../private/VIBuffer_Terrain.cpp'을(를) 컴파일하는 중)
      C:\Program Files (x86)\Windows Kits\10\Include\10.0.28000.0\um\DirectXMath.h(661,12):
      'DirectX::XMFLOAT3' 선언을 참조하십시오.
  
C:\Users\kkth3\OneDrive\문서\GitHub\250531\Client\Engine\public\Engine_Struct.h(89,23): warning C4251: 'Engine::MaterialConstants::MatTransform': 'DirectX::XMFLOAT4X4'에서는 'Engine::MaterialConstants'의 클라이언트에서 DLL 인터페이스를 사용하도록 지정해야 함
  (소스 파일 '../private/VIBuffer_Terrain.cpp'을(를) 컴파일하는 중)
      C:\Program Files (x86)\Windows Kits\10\Include\10.0.28000.0\um\DirectXMath.h(964,12):
      'DirectX::XMFLOAT4X4' 선언을 참조하십시오.
  
C:\Users\kkth3\OneDrive\문서\GitHub\250531\Client\Engine\public\Engine_Struct.h(94,21): warning C4251: 'Engine::MaterialData::DiffuseAlbedo': 'DirectX::XMFLOAT4'에서는 'Engine::MaterialData'의 클라이언트에서 DLL 인터페이스를 사용하도록 지정해야 함
  (소스 파일 '../private/VIBuffer_Terrain.cpp'을(를) 컴파일하는 중)
      C:\Program Files (x86)\Windows Kits\10\Include\10.0.28000.0\um\DirectXMath.h(736,12):
      'DirectX::XMFLOAT4' 선언을 참조하십시오.
  
C:\Users\kkth3\OneDrive\문서\GitHub\250531\Client\Engine\public\Engine_Struct.h(95,21): warning C4251: 'Engine::MaterialData::FresnelR0': 'DirectX::XMFLOAT3'에서는 'Engine::MaterialData'의 클라이언트에서 DLL 인터페이스를 사용하도록 지정해야 함
  (소스 파일 '../private/VIBuffer_Terrain.cpp'을(를) 컴파일하는 중)
      C:\Program Files (x86)\Windows Kits\10\Include\10.0.28000.0\um\DirectXMath.h(661,12):
      'DirectX::XMFLOAT3' 선언을 참조하십시오.
  
C:\Users\kkth3\OneDrive\문서\GitHub\250531\Client\Engine\public\Engine_Struct.h(99,23): warning C4251: 'Engine::MaterialData::MatTransform': 'DirectX::XMFLOAT4X4'에서는 'Engine::MaterialData'의 클라이언트에서 DLL 인터페이스를 사용하도록 지정해야 함
  (소스 파일 '../private/VIBuffer_Terrain.cpp'을(를) 컴파일하는 중)
      C:\Program Files (x86)\Windows Kits\10\Include\10.0.28000.0\um\DirectXMath.h(964,12):
      'DirectX::XMFLOAT4X4' 선언을 참조하십시오.
  
C:\Users\kkth3\OneDrive\문서\GitHub\250531\Client\Engine\public\Engine_Struct.h(113,14): warning C4251: 'Engine::InstanceData::World': 'DirectX::XMFLOAT4X4'에서는 'Engine::InstanceData'의 클라이언트에서 DLL 인터페이스를 사용하도록 지정해야 함
  (소스 파일 '../private/VIBuffer_Terrain.cpp'을(를) 컴파일하는 중)
      C:\Program Files (x86)\Windows Kits\10\Include\10.0.28000.0\um\DirectXMath.h(964,12):
      'DirectX::XMFLOAT4X4' 선언을 참조하십시오.
  
C:\Users\kkth3\OneDrive\문서\GitHub\250531\Client\Engine\public\Engine_Struct.h(142,13): warning C4251: 'Engine::tagVertex_Position::vPosition': 'DirectX::XMFLOAT3'에서는 'Engine::tagVertex_Position'의 클라이언트에서 DLL 인터페이스를 사용하도록 지정해야 함
  (소스 파일 '../private/VIBuffer_Terrain.cpp'을(를) 컴파일하는 중)
      C:\Program Files (x86)\Windows Kits\10\Include\10.0.28000.0\um\DirectXMath.h(661,12):
      'DirectX::XMFLOAT3' 선언을 참조하십시오.
  
C:\Users\kkth3\OneDrive\문서\GitHub\250531\Client\Engine\public\Engine_Struct.h(151,13): warning C4251: 'Engine::tagVertex_Position_Normal::vPosition': 'DirectX::XMFLOAT3'에서는 'Engine::tagVertex_Position_Normal'의 클라이언트에서 DLL 인터페이스를 사용하도록 지정해야 함
  (소스 파일 '../private/VIBuffer_Terrain.cpp'을(를) 컴파일하는 중)
      C:\Program Files (x86)\Windows Kits\10\Include\10.0.28000.0\um\DirectXMath.h(661,12):
      'DirectX::XMFLOAT3' 선언을 참조하십시오.
  
C:\Users\kkth3\OneDrive\문서\GitHub\250531\Client\Engine\public\Engine_Struct.h(152,13): warning C4251: 'Engine::tagVertex_Position_Normal::vNormal': 'DirectX::XMFLOAT3'에서는 'Engine::tagVertex_Position_Normal'의 클라이언트에서 DLL 인터페이스를 사용하도록 지정해야 함
  (소스 파일 '../private/VIBuffer_Terrain.cpp'을(를) 컴파일하는 중)
      C:\Program Files (x86)\Windows Kits\10\Include\10.0.28000.0\um\DirectXMath.h(661,12):
      'DirectX::XMFLOAT3' 선언을 참조하십시오.
  
C:\Users\kkth3\OneDrive\문서\GitHub\250531\Client\Engine\public\Engine_Struct.h(161,13): warning C4251: 'Engine::tagVertex_Position_Texcoord::vPosition': 'DirectX::XMFLOAT3'에서는 'Engine::tagVertex_Position_Texcoord'의 클라이언트에서 DLL 인터페이스를 사용하도록 지정해야 함
  (소스 파일 '../private/VIBuffer_Terrain.cpp'을(를) 컴파일하는 중)
      C:\Program Files (x86)\Windows Kits\10\Include\10.0.28000.0\um\DirectXMath.h(661,12):
      'DirectX::XMFLOAT3' 선언을 참조하십시오.
  
C:\Users\kkth3\OneDrive\문서\GitHub\250531\Client\Engine\public\Engine_Struct.h(162,13): warning C4251: 'Engine::tagVertex_Position_Texcoord::vTexcoord': 'DirectX::XMFLOAT2'에서는 'Engine::tagVertex_Position_Texcoord'의 클라이언트에서 DLL 인터페이스를 사용하도록 지정해야 함
  (소스 파일 '../private/VIBuffer_Terrain.cpp'을(를) 컴파일하는 중)
      C:\Program Files (x86)\Windows Kits\10\Include\10.0.28000.0\um\DirectXMath.h(584,12):
      'DirectX::XMFLOAT2' 선언을 참조하십시오.
  
C:\Users\kkth3\OneDrive\문서\GitHub\250531\Client\Engine\public\Engine_Struct.h(171,13): warning C4251: 'Engine::tagVertex_Position_Normal_Texcoord::vPosition': 'DirectX::XMFLOAT3'에서는 'Engine::tagVertex_Position_Normal_Texcoord'의 클라이언트에서 DLL 인터페이스를 사용하도록 지정해야 함
  (소스 파일 '../private/VIBuffer_Terrain.cpp'을(를) 컴파일하는 중)
      C:\Program Files (x86)\Windows Kits\10\Include\10.0.28000.0\um\DirectXMath.h(661,12):
      'DirectX::XMFLOAT3' 선언을 참조하십시오.
  
C:\Users\kkth3\OneDrive\문서\GitHub\250531\Client\Engine\public\Engine_Struct.h(172,13): warning C4251: 'Engine::tagVertex_Position_Normal_Texcoord::vNormal': 'DirectX::XMFLOAT3'에서는 'Engine::tagVertex_Position_Normal_Texcoord'의 클라이언트에서 DLL 인터페이스를 사용하도록 지정해야 함
  (소스 파일 '../private/VIBuffer_Terrain.cpp'을(를) 컴파일하는 중)
      C:\Program Files (x86)\Windows Kits\10\Include\10.0.28000.0\um\DirectXMath.h(661,12):
      'DirectX::XMFLOAT3' 선언을 참조하십시오.
  
C:\Users\kkth3\OneDrive\문서\GitHub\250531\Client\Engine\public\Engine_Struct.h(173,13): warning C4251: 'Engine::tagVertex_Position_Normal_Texcoord::vTexcoord': 'DirectX::XMFLOAT2'에서는 'Engine::tagVertex_Position_Normal_Texcoord'의 클라이언트에서 DLL 인터페이스를 사용하도록 지정해야 함
  (소스 파일 '../private/VIBuffer_Terrain.cpp'을(를) 컴파일하는 중)
      C:\Program Files (x86)\Windows Kits\10\Include\10.0.28000.0\um\DirectXMath.h(584,12):
      'DirectX::XMFLOAT2' 선언을 참조하십시오.
  
C:\Users\kkth3\OneDrive\문서\GitHub\250531\Client\Engine\public\Engine_Struct.h(182,13): warning C4251: 'Engine::tagVertex_Position_Cube_Texcoord::vPosition': 'DirectX::XMFLOAT3'에서는 'Engine::tagVertex_Position_Cube_Texcoord'의 클라이언트에서 DLL 인터페이스를 사용하도록 지정해야 함
  (소스 파일 '../private/VIBuffer_Terrain.cpp'을(를) 컴파일하는 중)
      C:\Program Files (x86)\Windows Kits\10\Include\10.0.28000.0\um\DirectXMath.h(661,12):
      'DirectX::XMFLOAT3' 선언을 참조하십시오.
  
C:\Users\kkth3\OneDrive\문서\GitHub\250531\Client\Engine\public\Engine_Struct.h(183,13): warning C4251: 'Engine::tagVertex_Position_Cube_Texcoord::vTexcoord': 'DirectX::XMFLOAT3'에서는 'Engine::tagVertex_Position_Cube_Texcoord'의 클라이언트에서 DLL 인터페이스를 사용하도록 지정해야 함
  (소스 파일 '../private/VIBuffer_Terrain.cpp'을(를) 컴파일하는 중)
      C:\Program Files (x86)\Windows Kits\10\Include\10.0.28000.0\um\DirectXMath.h(661,12):
      'DirectX::XMFLOAT3' 선언을 참조하십시오.
  
C:\Users\kkth3\OneDrive\문서\GitHub\250531\Client\Engine\public\Engine_Struct.h(192,13): warning C4251: 'Engine::tagVertex_Mesh::vPosition': 'DirectX::XMFLOAT3'에서는 'Engine::tagVertex_Mesh'의 클라이언트에서 DLL 인터페이스를 사용하도록 지정해야 함
  (소스 파일 '../private/VIBuffer_Terrain.cpp'을(를) 컴파일하는 중)
      C:\Program Files (x86)\Windows Kits\10\Include\10.0.28000.0\um\DirectXMath.h(661,12):
      'DirectX::XMFLOAT3' 선언을 참조하십시오.
  
C:\Users\kkth3\OneDrive\문서\GitHub\250531\Client\Engine\public\Engine_Struct.h(193,13): warning C4251: 'Engine::tagVertex_Mesh::vNormal': 'DirectX::XMFLOAT3'에서는 'Engine::tagVertex_Mesh'의 클라이언트에서 DLL 인터페이스를 사용하도록 지정해야 함
  (소스 파일 '../private/VIBuffer_Terrain.cpp'을(를) 컴파일하는 중)
      C:\Program Files (x86)\Windows Kits\10\Include\10.0.28000.0\um\DirectXMath.h(661,12):
      'DirectX::XMFLOAT3' 선언을 참조하십시오.
  
C:\Users\kkth3\OneDrive\문서\GitHub\250531\Client\Engine\public\Engine_Struct.h(194,13): warning C4251: 'Engine::tagVertex_Mesh::vTexcoord': 'DirectX::XMFLOAT2'에서는 'Engine::tagVertex_Mesh'의 클라이언트에서 DLL 인터페이스를 사용하도록 지정해야 함
  (소스 파일 '../private/VIBuffer_Terrain.cpp'을(를) 컴파일하는 중)
      C:\Program Files (x86)\Windows Kits\10\Include\10.0.28000.0\um\DirectXMath.h(584,12):
      'DirectX::XMFLOAT2' 선언을 참조하십시오.
  
C:\Users\kkth3\OneDrive\문서\GitHub\250531\Client\Engine\public\Engine_Struct.h(195,13): warning C4251: 'Engine::tagVertex_Mesh::vTangent': 'DirectX::XMFLOAT3'에서는 'Engine::tagVertex_Mesh'의 클라이언트에서 DLL 인터페이스를 사용하도록 지정해야 함
  (소스 파일 '../private/VIBuffer_Terrain.cpp'을(를) 컴파일하는 중)
      C:\Program Files (x86)\Windows Kits\10\Include\10.0.28000.0\um\DirectXMath.h(661,12):
      'DirectX::XMFLOAT3' 선언을 참조하십시오.
  
C:\Users\kkth3\OneDrive\문서\GitHub\250531\Client\Engine\public\Engine_Struct.h(204,13): warning C4251: 'Engine::tagVertex_Anim_Mesh::vPosition': 'DirectX::XMFLOAT3'에서는 'Engine::tagVertex_Anim_Mesh'의 클라이언트에서 DLL 인터페이스를 사용하도록 지정해야 함
  (소스 파일 '../private/VIBuffer_Terrain.cpp'을(를) 컴파일하는 중)
      C:\Program Files (x86)\Windows Kits\10\Include\10.0.28000.0\um\DirectXMath.h(661,12):
      'DirectX::XMFLOAT3' 선언을 참조하십시오.
  
C:\Users\kkth3\OneDrive\문서\GitHub\250531\Client\Engine\public\Engine_Struct.h(205,13): warning C4251: 'Engine::tagVertex_Anim_Mesh::vNormal': 'DirectX::XMFLOAT3'에서는 'Engine::tagVertex_Anim_Mesh'의 클라이언트에서 DLL 인터페이스를 사용하도록 지정해야 함
  (소스 파일 '../private/VIBuffer_Terrain.cpp'을(를) 컴파일하는 중)
      C:\Program Files (x86)\Windows Kits\10\Include\10.0.28000.0\um\DirectXMath.h(661,12):
      'DirectX::XMFLOAT3' 선언을 참조하십시오.
  
C:\Users\kkth3\OneDrive\문서\GitHub\250531\Client\Engine\public\Engine_Struct.h(206,13): warning C4251: 'Engine::tagVertex_Anim_Mesh::vTexcoord': 'DirectX::XMFLOAT2'에서는 'Engine::tagVertex_Anim_Mesh'의 클라이언트에서 DLL 인터페이스를 사용하도록 지정해야 함
  (소스 파일 '../private/VIBuffer_Terrain.cpp'을(를) 컴파일하는 중)
      C:\Program Files (x86)\Windows Kits\10\Include\10.0.28000.0\um\DirectXMath.h(584,12):
      'DirectX::XMFLOAT2' 선언을 참조하십시오.
  
C:\Users\kkth3\OneDrive\문서\GitHub\250531\Client\Engine\public\Engine_Struct.h(207,13): warning C4251: 'Engine::tagVertex_Anim_Mesh::vTangent': 'DirectX::XMFLOAT3'에서는 'Engine::tagVertex_Anim_Mesh'의 클라이언트에서 DLL 인터페이스를 사용하도록 지정해야 함
  (소스 파일 '../private/VIBuffer_Terrain.cpp'을(를) 컴파일하는 중)
      C:\Program Files (x86)\Windows Kits\10\Include\10.0.28000.0\um\DirectXMath.h(661,12):
      'DirectX::XMFLOAT3' 선언을 참조하십시오.
  
C:\Users\kkth3\OneDrive\문서\GitHub\250531\Client\Engine\public\Engine_Struct.h(209,13): warning C4251: 'Engine::tagVertex_Anim_Mesh::vBlendIndices': 'DirectX::XMUINT4'에서는 'Engine::tagVertex_Anim_Mesh'의 클라이언트에서 DLL 인터페이스를 사용하도록 지정해야 함
  (소스 파일 '../private/VIBuffer_Terrain.cpp'을(를) 컴파일하는 중)
      C:\Program Files (x86)\Windows Kits\10\Include\10.0.28000.0\um\DirectXMath.h(793,12):
      'DirectX::XMUINT4' 선언을 참조하십시오.
  
C:\Users\kkth3\OneDrive\문서\GitHub\250531\Client\Engine\public\Engine_Struct.h(210,13): warning C4251: 'Engine::tagVertex_Anim_Mesh::vBlendWeights': 'DirectX::XMFLOAT4'에서는 'Engine::tagVertex_Anim_Mesh'의 클라이언트에서 DLL 인터페이스를 사용하도록 지정해야 함
  (소스 파일 '../private/VIBuffer_Terrain.cpp'을(를) 컴파일하는 중)
      C:\Program Files (x86)\Windows Kits\10\Include\10.0.28000.0\um\DirectXMath.h(736,12):
      'DirectX::XMFLOAT4' 선언을 참조하십시오.
  
C:\Users\kkth3\OneDrive\문서\GitHub\250531\Client\Engine\public\VIBuffer_Terrain.h(72,41): warning C4251: 'Engine::CVIBuffer_Terrain::m_pHeightMap': 'std::shared_ptr<std::vector<float,std::allocator<float>>>'에서는 'Engine::CVIBuffer_Terrain'의 클라이언트에서 DLL 인터페이스를 사용하도록 지정해야 함
  (소스 파일 '../private/VIBuffer_Terrain.cpp'을(를) 컴파일하는 중)
      C:\Program Files\Microsoft Visual Studio\2022\Community\VC\Tools\MSVC\14.44.35207\include\memory(1565,7):
      'std::shared_ptr<std::vector<float,std::allocator<float>>>' 선언을 참조하십시오.
  
C:\Users\kkth3\OneDrive\문서\GitHub\250531\Client\Engine\public\VIBuffer_Terrain.h(74,33): warning C4251: 'Engine::CVIBuffer_Terrain::m_Chunks': 'std::vector<Engine::CVIBuffer_Terrain::TERRAINCHUNK,std::allocator<Engine::CVIBuffer_Terrain::TERRAINCHUNK>>'에서는 'Engine::CVIBuffer_Terrain'의 클라이언트에서 DLL 인터페이스를 사용하도록 지정해야 함
  (소스 파일 '../private/VIBuffer_Terrain.cpp'을(를) 컴파일하는 중)
      C:\Program Files\Microsoft Visual Studio\2022\Community\VC\Tools\MSVC\14.44.35207\include\vector(442,7):
      'std::vector<Engine::CVIBuffer_Terrain::TERRAINCHUNK,std::allocator<Engine::CVIBuffer_Terrain::TERRAINCHUNK>>' 선언을 참조하십시오.
  
C:\Users\kkth3\OneDrive\문서\GitHub\250531\Client\Engine\public\VIBuffer_Terrain.h(87,33): warning C4251: 'Engine::CVIBuffer_Terrain::m_ChunkLODs': 'std::vector<GeometryGenerator::uint32,std::allocator<GeometryGenerator::uint32>>'에서는 'Engine::CVIBuffer_Terrain'의 클라이언트에서 DLL 인터페이스를 사용하도록 지정해야 함
  (소스 파일 '../private/VIBuffer_Terrain.cpp'을(를) 컴파일하는 중)
      C:\Program Files\Microsoft Visual Studio\2022\Community\VC\Tools\MSVC\14.44.35207\include\vector(442,7):
      'std::vector<GeometryGenerator::uint32,std::allocator<GeometryGenerator::uint32>>' 선언을 참조하십시오.
  
C:\Users\kkth3\OneDrive\문서\GitHub\250531\Client\Engine\public\VIBuffer_Terrain.h(89,33): warning C4251: 'Engine::CVIBuffer_Terrain::m_FrustumPlanes': 'DirectX::XMFLOAT4'에서는 'Engine::CVIBuffer_Terrain'의 클라이언트에서 DLL 인터페이스를 사용하도록 지정해야 함
  (소스 파일 '../private/VIBuffer_Terrain.cpp'을(를) 컴파일하는 중)
      C:\Program Files (x86)\Windows Kits\10\Include\10.0.28000.0\um\DirectXMath.h(736,12):
      'DirectX::XMFLOAT4' 선언을 참조하십시오.
  
C:\Users\kkth3\OneDrive\문서\GitHub\250531\Client\Engine\public\Transform.h(106,13): warning C4251: 'Engine::CTransform::m_WorldMatrix': 'DirectX::XMFLOAT4X4'에서는 'Engine::CTransform'의 클라이언트에서 DLL 인터페이스를 사용하도록 지정해야 함
  (소스 파일 '../private/VIBuffer_Terrain.cpp'을(를) 컴파일하는 중)
      C:\Program Files (x86)\Windows Kits\10\Include\10.0.28000.0\um\DirectXMath.h(964,12):
      'DirectX::XMFLOAT4X4' 선언을 참조하십시오.
  
C:\Users\kkth3\OneDrive\문서\GitHub\250531\Client\Engine\public\GameObject.h(39,43): warning C4251: 'Engine::CGameObject::m_Components': 'std::unordered_map<std::string,Engine::CComponent *,std::hash<std::string>,std::equal_to<std::string>,std::allocator<std::pair<const std::string,Engine::CComponent *>>>'에서는 'Engine::CGameObject'의 클라이언트에서 DLL 인터페이스를 사용하도록 지정해야 함
  (소스 파일 '../private/VIBuffer_Terrain.cpp'을(를) 컴파일하는 중)
      C:\Program Files\Microsoft Visual Studio\2022\Community\VC\Tools\MSVC\14.44.35207\include\unordered_map(61,7):
      'std::unordered_map<std::string,Engine::CComponent *,std::hash<std::string>,std::equal_to<std::string>,std::allocator<std::pair<const std::string,Engine::CComponent *>>>' 선언을 참조하십시오.
  
C:\Users\kkth3\OneDrive\문서\GitHub\250531\Client\Engine\public\Renderer.h(34,25): warning C4251: 'Engine::CRenderer::m_vRenderObjects': 'std::vector<Engine::CRenderObject *,std::allocator<Engine::CRenderObject *>>'에서는 'Engine::CRenderer'의 클라이언트에서 DLL 인터페이스를 사용하도록 지정해야 함
  (소스 파일 '../private/VIBuffer_Terrain.cpp'을(를) 컴파일하는 중)
      C:\Program Files\Microsoft Visual Studio\2022\Community\VC\Tools\MSVC\14.44.35207\include\vector(442,7):
      'std::vector<Engine::CRenderObject *,std::allocator<Engine::CRenderObject *>>' 선언을 참조하십시오.
  
C:\Users\kkth3\OneDrive\문서\GitHub\250531\Client\Engine\public\VIBuffer_Geos.h(24,50): warning C4251: 'Engine::CVIBuffer_Geos::m_SubMeshInfos': 'std::unordered_map<Engine::CVIBuffer_Geos::BASIC_SUBMESHES,SubmeshGeometry,std::hash<Engine::CVIBuffer_Geos::BASIC_SUBMESHES>,std::equal_to<Engine::CVIBuffer_Geos::BASIC_SUBMESHES>,std::allocator<std::pair<const Engine::CVIBuffer_Geos::BASIC_SUBMESHES,SubmeshGeometry>>>'에서는 'Engine::CVIBuffer_Geos'의 클라이언트에서 DLL 인터페이스를 사용하도록 지정해야 함
  (소스 파일 '../private/VIBuffer_Terrain.cpp'을(를) 컴파일하는 중)
      C:\Program Files\Microsoft Visual Studio\2022\Community\VC\Tools\MSVC\14.44.35207\include\unordered_map(61,7):
      'std::unordered_map<Engine::CVIBuffer_Geos::BASIC_SUBMESHES,SubmeshGeometry,std::hash<Engine::CVIBuffer_Geos::BASIC_SUBMESHES>,std::equal_to<Engine::CVIBuffer_Geos::BASIC_SUBMESHES>,std::allocator<std::pair<const Engine::CVIBuffer_Geos::BASIC_SUBMESHES,SubmeshGeometry>>>' 선언을 참조하십시오.
  
C:\Users\kkth3\OneDrive\문서\GitHub\250531\Client\Engine\public\Model.h(62,16): warning C4251: 'Engine::CModel::m_PivotMatrix': 'DirectX::XMFLOAT4X4'에서는 'Engine::CModel'의 클라이언트에서 DLL 인터페이스를 사용하도록 지정해야 함
  (소스 파일 '../private/VIBuffer_Terrain.cpp'을(를) 컴파일하는 중)
      C:\Program Files (x86)\Windows Kits\10\Include\10.0.28000.0\um\DirectXMath.h(964,12):
      'DirectX::XMFLOAT4X4' 선언을 참조하십시오.
  
C:\Users\kkth3\OneDrive\문서\GitHub\250531\Client\Engine\public\Model.h(66,26): warning C4251: 'Engine::CModel::m_Meshes': 'std::vector<Engine::CMesh *,std::allocator<Engine::CMesh *>>'에서는 'Engine::CModel'의 클라이언트에서 DLL 인터페이스를 사용하도록 지정해야 함
  (소스 파일 '../private/VIBuffer_Terrain.cpp'을(를) 컴파일하는 중)
      C:\Program Files\Microsoft Visual Studio\2022\Community\VC\Tools\MSVC\14.44.35207\include\vector(442,7):
      'std::vector<Engine::CMesh *,std::allocator<Engine::CMesh *>>' 선언을 참조하십시오.
  
C:\Users\kkth3\OneDrive\문서\GitHub\250531\Client\Engine\public\Model.h(68,26): warning C4251: 'Engine::CModel::m_Bones': 'std::vector<Engine::CBone *,std::allocator<Engine::CBone *>>'에서는 'Engine::CModel'의 클라이언트에서 DLL 인터페이스를 사용하도록 지정해야 함
  (소스 파일 '../private/VIBuffer_Terrain.cpp'을(를) 컴파일하는 중)
      C:\Program Files\Microsoft Visual Studio\2022\Community\VC\Tools\MSVC\14.44.35207\include\vector(442,7):
      'std::vector<Engine::CBone *,std::allocator<Engine::CBone *>>' 선언을 참조하십시오.
  
C:\Users\kkth3\OneDrive\문서\GitHub\250531\Client\Engine\public\CBBinding.h(26,54): warning C4244: '=': 'Engine::_uint'에서 'float'(으)로 변환하면서 데이터가 손실될 수 있습니다.
  (소스 파일 '../private/VIBuffer_Terrain.cpp'을(를) 컴파일하는 중)
  
C:\Users\kkth3\OneDrive\문서\GitHub\250531\Client\Engine\public\MeshModel.h(33,35): warning C4251: 'Engine::CMeshModel::m_Meshes': 'std::vector<Engine::CVIBuffer_Mesh *,std::allocator<Engine::CVIBuffer_Mesh *>>'에서는 'Engine::CMeshModel'의 클라이언트에서 DLL 인터페이스를 사용하도록 지정해야 함
  (소스 파일 '../private/VIBuffer_Terrain.cpp'을(를) 컴파일하는 중)
      C:\Program Files\Microsoft Visual Studio\2022\Community\VC\Tools\MSVC\14.44.35207\include\vector(442,7):
      'std::vector<Engine::CVIBuffer_Mesh *,std::allocator<Engine::CVIBuffer_Mesh *>>' 선언을 참조하십시오.
  
C:\Users\kkth3\OneDrive\문서\GitHub\250531\Client\Engine\public\RootSignatureMgr.h(29,54): warning C4251: 'Engine::CRootSignatureMgr::mRootSignatures': 'std::unordered_map<std::string,Engine::CRootSignature *,std::hash<std::string>,std::equal_to<std::string>,std::allocator<std::pair<const std::string,Engine::CRootSignature *>>>'에서는 'Engine::CRootSignatureMgr'의 클라이언트에서 DLL 인터페이스를 사용하도록 지정해야 함
  (소스 파일 '../private/VIBuffer_Terrain.cpp'을(를) 컴파일하는 중)
      C:\Program Files\Microsoft Visual Studio\2022\Community\VC\Tools\MSVC\14.44.35207\include\unordered_map(61,7):
      'std::unordered_map<std::string,Engine::CRootSignature *,std::hash<std::string>,std::equal_to<std::string>,std::allocator<std::pair<const std::string,Engine::CRootSignature *>>>' 선언을 참조하십시오.
  
C:\Users\kkth3\OneDrive\문서\GitHub\250531\Client\Engine\public\ObjectMgr.h(53,34): warning C4251: 'Engine::CObjectMgr::m_Layers': 'std::unordered_map<std::string,Engine::CObjectMgr::Layer,std::hash<std::string>,std::equal_to<std::string>,std::allocator<std::pair<const std::string,Engine::CObjectMgr::Layer>>>'에서는 'Engine::CObjectMgr'의 클라이언트에서 DLL 인터페이스를 사용하도록 지정해야 함
  (소스 파일 '../private/VIBuffer_Terrain.cpp'을(를) 컴파일하는 중)
      C:\Program Files\Microsoft Visual Studio\2022\Community\VC\Tools\MSVC\14.44.35207\include\unordered_map(61,7):
      'std::unordered_map<std::string,Engine::CObjectMgr::Layer,std::hash<std::string>,std::equal_to<std::string>,std::allocator<std::pair<const std::string,Engine::CObjectMgr::Layer>>>' 선언을 참조하십시오.
  
C:\Users\kkth3\OneDrive\문서\GitHub\250531\Client\Engine\public\ObjectMgr.h(54,41): warning C4251: 'Engine::CObjectMgr::m_Prototypes': 'std::unordered_map<std::string,Engine::CGameObject *,std::hash<std::string>,std::equal_to<std::string>,std::allocator<std::pair<const std::string,Engine::CGameObject *>>>'에서는 'Engine::CObjectMgr'의 클라이언트에서 DLL 인터페이스를 사용하도록 지정해야 함
  (소스 파일 '../private/VIBuffer_Terrain.cpp'을(를) 컴파일하는 중)
      C:\Program Files\Microsoft Visual Studio\2022\Community\VC\Tools\MSVC\14.44.35207\include\unordered_map(61,7):
      'std::unordered_map<std::string,Engine::CGameObject *,std::hash<std::string>,std::equal_to<std::string>,std::allocator<std::pair<const std::string,Engine::CGameObject *>>>' 선언을 참조하십시오.
  
C:\Users\kkth3\OneDrive\문서\GitHub\250531\Client\Engine\public\TextureMgr.h(74,32): warning C4251: 'Engine::CTextureMgr::hDescriptor': 'CD3DX12_CPU_DESCRIPTOR_HANDLE'에서는 'Engine::CTextureMgr'의 클라이언트에서 DLL 인터페이스를 사용하도록 지정해야 함
  (소스 파일 '../private/VIBuffer_Terrain.cpp'을(를) 컴파일하는 중)
      C:\Users\kkth3\OneDrive\문서\GitHub\250531\Client\Engine\public\d3dx12.h(1471,8):
      'CD3DX12_CPU_DESCRIPTOR_HANDLE' 선언을 참조하십시오.
  
C:\Users\kkth3\OneDrive\문서\GitHub\250531\Client\Engine\public\TextureMgr.h(78,34): warning C4251: 'Engine::CTextureMgr::m_Textures': 'std::vector<std::pair<std::string,Engine::CTexture *>,std::allocator<std::pair<std::string,Engine::CTexture *>>>'에서는 'Engine::CTextureMgr'의 클라이언트에서 DLL 인터페이스를 사용하도록 지정해야 함
  (소스 파일 '../private/VIBuffer_Terrain.cpp'을(를) 컴파일하는 중)
      C:\Program Files\Microsoft Visual Studio\2022\Community\VC\Tools\MSVC\14.44.35207\include\vector(442,7):
      'std::vector<std::pair<std::string,Engine::CTexture *>,std::allocator<std::pair<std::string,Engine::CTexture *>>>' 선언을 참조하십시오.
  
C:\Users\kkth3\OneDrive\문서\GitHub\250531\Client\Engine\public\GameInstance.h(143,12): warning C4251: 'Engine::CGameInstance::m_CameraViewProj': 'DirectX::XMFLOAT4X4'에서는 'Engine::CGameInstance'의 클라이언트에서 DLL 인터페이스를 사용하도록 지정해야 함
  (소스 파일 '../private/VIBuffer_Terrain.cpp'을(를) 컴파일하는 중)
      C:\Program Files (x86)\Windows Kits\10\Include\10.0.28000.0\um\DirectXMath.h(964,12):
      'DirectX::XMFLOAT4X4' 선언을 참조하십시오.
  
C:\Users\kkth3\OneDrive\문서\GitHub\250531\Client\Engine\public\GameInstance.h(144,12): warning C4251: 'Engine::CGameInstance::m_ShadowViewProj': 'DirectX::XMFLOAT4X4'에서는 'Engine::CGameInstance'의 클라이언트에서 DLL 인터페이스를 사용하도록 지정해야 함
  (소스 파일 '../private/VIBuffer_Terrain.cpp'을(를) 컴파일하는 중)
      C:\Program Files (x86)\Windows Kits\10\Include\10.0.28000.0\um\DirectXMath.h(964,12):
      'DirectX::XMFLOAT4X4' 선언을 참조하십시오.
  
C:\Users\kkth3\OneDrive\문서\GitHub\250531\Client\Engine\public\GameInstance.h(145,11): warning C4251: 'Engine::CGameInstance::m_CameraEye': 'DirectX::XMFLOAT3'에서는 'Engine::CGameInstance'의 클라이언트에서 DLL 인터페이스를 사용하도록 지정해야 함
  (소스 파일 '../private/VIBuffer_Terrain.cpp'을(를) 컴파일하는 중)
      C:\Program Files (x86)\Windows Kits\10\Include\10.0.28000.0\um\DirectXMath.h(661,12):
      'DirectX::XMFLOAT3' 선언을 참조하십시오.
  
  컴파일하고 있습니다...
  d3dUtil.cpp
  DDSTextureLoader.cpp
  GeometryGenerator.cpp
  Base.cpp
C:\Users\kkth3\OneDrive\문서\GitHub\250531\Client\Engine\public\Engine_Struct.h(21,14): warning C4251: 'Engine::ObjectConstants::World': 'DirectX::XMFLOAT4X4'에서는 'Engine::ObjectConstants'의 클라이언트에서 DLL 인터페이스를 사용하도록 지정해야 함
  (소스 파일 '../private/Base.cpp'을(를) 컴파일하는 중)
      C:\Program Files (x86)\Windows Kits\10\Include\10.0.28000.0\um\DirectXMath.h(964,12):
      'DirectX::XMFLOAT4X4' 선언을 참조하십시오.
  
C:\Users\kkth3\OneDrive\문서\GitHub\250531\Client\Engine\public\Engine_Struct.h(22,14): warning C4251: 'Engine::ObjectConstants::TexTransform': 'DirectX::XMFLOAT4X4'에서는 'Engine::ObjectConstants'의 클라이언트에서 DLL 인터페이스를 사용하도록 지정해야 함
  (소스 파일 '../private/Base.cpp'을(를) 컴파일하는 중)
      C:\Program Files (x86)\Windows Kits\10\Include\10.0.28000.0\um\DirectXMath.h(964,12):
      'DirectX::XMFLOAT4X4' 선언을 참조하십시오.
  
C:\Users\kkth3\OneDrive\문서\GitHub\250531\Client\Engine\public\Engine_Struct.h(31,21): warning C4251: 'Engine::Light::Strength': 'DirectX::XMFLOAT3'에서는 'Engine::Light'의 클라이언트에서 DLL 인터페이스를 사용하도록 지정해야 함
  (소스 파일 '../private/Base.cpp'을(를) 컴파일하는 중)
      C:\Program Files (x86)\Windows Kits\10\Include\10.0.28000.0\um\DirectXMath.h(661,12):
      'DirectX::XMFLOAT3' 선언을 참조하십시오.
  
C:\Users\kkth3\OneDrive\문서\GitHub\250531\Client\Engine\public\Engine_Struct.h(33,21): warning C4251: 'Engine::Light::Direction': 'DirectX::XMFLOAT3'에서는 'Engine::Light'의 클라이언트에서 DLL 인터페이스를 사용하도록 지정해야 함
  (소스 파일 '../private/Base.cpp'을(를) 컴파일하는 중)
      C:\Program Files (x86)\Windows Kits\10\Include\10.0.28000.0\um\DirectXMath.h(661,12):
      'DirectX::XMFLOAT3' 선언을 참조하십시오.
  
C:\Users\kkth3\OneDrive\문서\GitHub\250531\Client\Engine\public\Engine_Struct.h(35,21): warning C4251: 'Engine::Light::Position': 'DirectX::XMFLOAT3'에서는 'Engine::Light'의 클라이언트에서 DLL 인터페이스를 사용하도록 지정해야 함
  (소스 파일 '../private/Base.cpp'을(를) 컴파일하는 중)
      C:\Program Files (x86)\Windows Kits\10\Include\10.0.28000.0\um\DirectXMath.h(661,12):
      'DirectX::XMFLOAT3' 선언을 참조하십시오.
  
C:\Users\kkth3\OneDrive\문서\GitHub\250531\Client\Engine\public\Engine_Struct.h(41,23): warning C4251: 'Engine::PassConstants::View': 'DirectX::XMFLOAT4X4'에서는 'Engine::PassConstants'의 클라이언트에서 DLL 인터페이스를 사용하도록 지정해야 함
  (소스 파일 '../private/Base.cpp'을(를) 컴파일하는 중)
      C:\Program Files (x86)\Windows Kits\10\Include\10.0.28000.0\um\DirectXMath.h(964,12):
      'DirectX::XMFLOAT4X4' 선언을 참조하십시오.
  
C:\Users\kkth3\OneDrive\문서\GitHub\250531\Client\Engine\public\Engine_Struct.h(42,23): warning C4251: 'Engine::PassConstants::InvView': 'DirectX::XMFLOAT4X4'에서는 'Engine::PassConstants'의 클라이언트에서 DLL 인터페이스를 사용하도록 지정해야 함
  (소스 파일 '../private/Base.cpp'을(를) 컴파일하는 중)
      C:\Program Files (x86)\Windows Kits\10\Include\10.0.28000.0\um\DirectXMath.h(964,12):
      'DirectX::XMFLOAT4X4' 선언을 참조하십시오.
  
C:\Users\kkth3\OneDrive\문서\GitHub\250531\Client\Engine\public\Engine_Struct.h(43,23): warning C4251: 'Engine::PassConstants::Proj': 'DirectX::XMFLOAT4X4'에서는 'Engine::PassConstants'의 클라이언트에서 DLL 인터페이스를 사용하도록 지정해야 함
  (소스 파일 '../private/Base.cpp'을(를) 컴파일하는 중)
      C:\Program Files (x86)\Windows Kits\10\Include\10.0.28000.0\um\DirectXMath.h(964,12):
      'DirectX::XMFLOAT4X4' 선언을 참조하십시오.
  
C:\Users\kkth3\OneDrive\문서\GitHub\250531\Client\Engine\public\Engine_Struct.h(44,23): warning C4251: 'Engine::PassConstants::InvProj': 'DirectX::XMFLOAT4X4'에서는 'Engine::PassConstants'의 클라이언트에서 DLL 인터페이스를 사용하도록 지정해야 함
  (소스 파일 '../private/Base.cpp'을(를) 컴파일하는 중)
      C:\Program Files (x86)\Windows Kits\10\Include\10.0.28000.0\um\DirectXMath.h(964,12):
      'DirectX::XMFLOAT4X4' 선언을 참조하십시오.
  
C:\Users\kkth3\OneDrive\문서\GitHub\250531\Client\Engine\public\Engine_Struct.h(45,23): warning C4251: 'Engine::PassConstants::ViewProj': 'DirectX::XMFLOAT4X4'에서는 'Engine::PassConstants'의 클라이언트에서 DLL 인터페이스를 사용하도록 지정해야 함
  (소스 파일 '../private/Base.cpp'을(를) 컴파일하는 중)
      C:\Program Files (x86)\Windows Kits\10\Include\10.0.28000.0\um\DirectXMath.h(964,12):
      'DirectX::XMFLOAT4X4' 선언을 참조하십시오.
  
C:\Users\kkth3\OneDrive\문서\GitHub\250531\Client\Engine\public\Engine_Struct.h(46,23): warning C4251: 'Engine::PassConstants::InvViewProj': 'DirectX::XMFLOAT4X4'에서는 'Engine::PassConstants'의 클라이언트에서 DLL 인터페이스를 사용하도록 지정해야 함
  (소스 파일 '../private/Base.cpp'을(를) 컴파일하는 중)
      C:\Program Files (x86)\Windows Kits\10\Include\10.0.28000.0\um\DirectXMath.h(964,12):
      'DirectX::XMFLOAT4X4' 선언을 참조하십시오.
  
C:\Users\kkth3\OneDrive\문서\GitHub\250531\Client\Engine\public\Engine_Struct.h(47,23): warning C4251: 'Engine::PassConstants::ShadowTransform': 'DirectX::XMFLOAT4X4'에서는 'Engine::PassConstants'의 클라이언트에서 DLL 인터페이스를 사용하도록 지정해야 함
  (소스 파일 '../private/Base.cpp'을(를) 컴파일하는 중)
      C:\Program Files (x86)\Windows Kits\10\Include\10.0.28000.0\um\DirectXMath.h(964,12):
      'DirectX::XMFLOAT4X4' 선언을 참조하십시오.
  
C:\Users\kkth3\OneDrive\문서\GitHub\250531\Client\Engine\public\Engine_Struct.h(48,21): warning C4251: 'Engine::PassConstants::EyePosW': 'DirectX::XMFLOAT3'에서는 'Engine::PassConstants'의 클라이언트에서 DLL 인터페이스를 사용하도록 지정해야 함
  (소스 파일 '../private/Base.cpp'을(를) 컴파일하는 중)
      C:\Program Files (x86)\Windows Kits\10\Include\10.0.28000.0\um\DirectXMath.h(661,12):
      'DirectX::XMFLOAT3' 선언을 참조하십시오.
  
C:\Users\kkth3\OneDrive\문서\GitHub\250531\Client\Engine\public\Engine_Struct.h(50,21): warning C4251: 'Engine::PassConstants::RenderTargetSize': 'DirectX::XMFLOAT2'에서는 'Engine::PassConstants'의 클라이언트에서 DLL 인터페이스를 사용하도록 지정해야 함
  (소스 파일 '../private/Base.cpp'을(를) 컴파일하는 중)
      C:\Program Files (x86)\Windows Kits\10\Include\10.0.28000.0\um\DirectXMath.h(584,12):
      'DirectX::XMFLOAT2' 선언을 참조하십시오.
  
C:\Users\kkth3\OneDrive\문서\GitHub\250531\Client\Engine\public\Engine_Struct.h(51,21): warning C4251: 'Engine::PassConstants::InvRenderTargetSize': 'DirectX::XMFLOAT2'에서는 'Engine::PassConstants'의 클라이언트에서 DLL 인터페이스를 사용하도록 지정해야 함
  (소스 파일 '../private/Base.cpp'을(를) 컴파일하는 중)
      C:\Program Files (x86)\Windows Kits\10\Include\10.0.28000.0\um\DirectXMath.h(584,12):
      'DirectX::XMFLOAT2' 선언을 참조하십시오.
  
C:\Users\kkth3\OneDrive\문서\GitHub\250531\Client\Engine\public\Engine_Struct.h(57,21): warning C4251: 'Engine::PassConstants::AmbientLight': 'DirectX::XMFLOAT4'에서는 'Engine::PassConstants'의 클라이언트에서 DLL 인터페이스를 사용하도록 지정해야 함
  (소스 파일 '../private/Base.cpp'을(를) 컴파일하는 중)
      C:\Program Files (x86)\Windows Kits\10\Include\10.0.28000.0\um\DirectXMath.h(736,12):
      'DirectX::XMFLOAT4' 선언을 참조하십시오.
  
C:\Users\kkth3\OneDrive\문서\GitHub\250531\Client\Engine\public\Engine_Struct.h(86,21): warning C4251: 'Engine::MaterialConstants::DiffuseAlbedo': 'DirectX::XMFLOAT4'에서는 'Engine::MaterialConstants'의 클라이언트에서 DLL 인터페이스를 사용하도록 지정해야 함
  (소스 파일 '../private/Base.cpp'을(를) 컴파일하는 중)
      C:\Program Files (x86)\Windows Kits\10\Include\10.0.28000.0\um\DirectXMath.h(736,12):
      'DirectX::XMFLOAT4' 선언을 참조하십시오.
  
C:\Users\kkth3\OneDrive\문서\GitHub\250531\Client\Engine\public\Engine_Struct.h(87,21): warning C4251: 'Engine::MaterialConstants::FresnelR0': 'DirectX::XMFLOAT3'에서는 'Engine::MaterialConstants'의 클라이언트에서 DLL 인터페이스를 사용하도록 지정해야 함
  (소스 파일 '../private/Base.cpp'을(를) 컴파일하는 중)
      C:\Program Files (x86)\Windows Kits\10\Include\10.0.28000.0\um\DirectXMath.h(661,12):
      'DirectX::XMFLOAT3' 선언을 참조하십시오.
  
C:\Users\kkth3\OneDrive\문서\GitHub\250531\Client\Engine\public\Engine_Struct.h(89,23): warning C4251: 'Engine::MaterialConstants::MatTransform': 'DirectX::XMFLOAT4X4'에서는 'Engine::MaterialConstants'의 클라이언트에서 DLL 인터페이스를 사용하도록 지정해야 함
  (소스 파일 '../private/Base.cpp'을(를) 컴파일하는 중)
      C:\Program Files (x86)\Windows Kits\10\Include\10.0.28000.0\um\DirectXMath.h(964,12):
      'DirectX::XMFLOAT4X4' 선언을 참조하십시오.
  
C:\Users\kkth3\OneDrive\문서\GitHub\250531\Client\Engine\public\Engine_Struct.h(94,21): warning C4251: 'Engine::MaterialData::DiffuseAlbedo': 'DirectX::XMFLOAT4'에서는 'Engine::MaterialData'의 클라이언트에서 DLL 인터페이스를 사용하도록 지정해야 함
  (소스 파일 '../private/Base.cpp'을(를) 컴파일하는 중)
      C:\Program Files (x86)\Windows Kits\10\Include\10.0.28000.0\um\DirectXMath.h(736,12):
      'DirectX::XMFLOAT4' 선언을 참조하십시오.
  
C:\Users\kkth3\OneDrive\문서\GitHub\250531\Client\Engine\public\Engine_Struct.h(95,21): warning C4251: 'Engine::MaterialData::FresnelR0': 'DirectX::XMFLOAT3'에서는 'Engine::MaterialData'의 클라이언트에서 DLL 인터페이스를 사용하도록 지정해야 함
  (소스 파일 '../private/Base.cpp'을(를) 컴파일하는 중)
      C:\Program Files (x86)\Windows Kits\10\Include\10.0.28000.0\um\DirectXMath.h(661,12):
      'DirectX::XMFLOAT3' 선언을 참조하십시오.
  
C:\Users\kkth3\OneDrive\문서\GitHub\250531\Client\Engine\public\Engine_Struct.h(99,23): warning C4251: 'Engine::MaterialData::MatTransform': 'DirectX::XMFLOAT4X4'에서는 'Engine::MaterialData'의 클라이언트에서 DLL 인터페이스를 사용하도록 지정해야 함
  (소스 파일 '../private/Base.cpp'을(를) 컴파일하는 중)
      C:\Program Files (x86)\Windows Kits\10\Include\10.0.28000.0\um\DirectXMath.h(964,12):
      'DirectX::XMFLOAT4X4' 선언을 참조하십시오.
  
C:\Users\kkth3\OneDrive\문서\GitHub\250531\Client\Engine\public\Engine_Struct.h(113,14): warning C4251: 'Engine::InstanceData::World': 'DirectX::XMFLOAT4X4'에서는 'Engine::InstanceData'의 클라이언트에서 DLL 인터페이스를 사용하도록 지정해야 함
  (소스 파일 '../private/Base.cpp'을(를) 컴파일하는 중)
      C:\Program Files (x86)\Windows Kits\10\Include\10.0.28000.0\um\DirectXMath.h(964,12):
      'DirectX::XMFLOAT4X4' 선언을 참조하십시오.
  
C:\Users\kkth3\OneDrive\문서\GitHub\250531\Client\Engine\public\Engine_Struct.h(142,13): warning C4251: 'Engine::tagVertex_Position::vPosition': 'DirectX::XMFLOAT3'에서는 'Engine::tagVertex_Position'의 클라이언트에서 DLL 인터페이스를 사용하도록 지정해야 함
  (소스 파일 '../private/Base.cpp'을(를) 컴파일하는 중)
      C:\Program Files (x86)\Windows Kits\10\Include\10.0.28000.0\um\DirectXMath.h(661,12):
      'DirectX::XMFLOAT3' 선언을 참조하십시오.
  
C:\Users\kkth3\OneDrive\문서\GitHub\250531\Client\Engine\public\Engine_Struct.h(151,13): warning C4251: 'Engine::tagVertex_Position_Normal::vPosition': 'DirectX::XMFLOAT3'에서는 'Engine::tagVertex_Position_Normal'의 클라이언트에서 DLL 인터페이스를 사용하도록 지정해야 함
  (소스 파일 '../private/Base.cpp'을(를) 컴파일하는 중)
      C:\Program Files (x86)\Windows Kits\10\Include\10.0.28000.0\um\DirectXMath.h(661,12):
      'DirectX::XMFLOAT3' 선언을 참조하십시오.
  
C:\Users\kkth3\OneDrive\문서\GitHub\250531\Client\Engine\public\Engine_Struct.h(152,13): warning C4251: 'Engine::tagVertex_Position_Normal::vNormal': 'DirectX::XMFLOAT3'에서는 'Engine::tagVertex_Position_Normal'의 클라이언트에서 DLL 인터페이스를 사용하도록 지정해야 함
  (소스 파일 '../private/Base.cpp'을(를) 컴파일하는 중)
      C:\Program Files (x86)\Windows Kits\10\Include\10.0.28000.0\um\DirectXMath.h(661,12):
      'DirectX::XMFLOAT3' 선언을 참조하십시오.
  
C:\Users\kkth3\OneDrive\문서\GitHub\250531\Client\Engine\public\Engine_Struct.h(161,13): warning C4251: 'Engine::tagVertex_Position_Texcoord::vPosition': 'DirectX::XMFLOAT3'에서는 'Engine::tagVertex_Position_Texcoord'의 클라이언트에서 DLL 인터페이스를 사용하도록 지정해야 함
  (소스 파일 '../private/Base.cpp'을(를) 컴파일하는 중)
      C:\Program Files (x86)\Windows Kits\10\Include\10.0.28000.0\um\DirectXMath.h(661,12):
      'DirectX::XMFLOAT3' 선언을 참조하십시오.
  
C:\Users\kkth3\OneDrive\문서\GitHub\250531\Client\Engine\public\Engine_Struct.h(162,13): warning C4251: 'Engine::tagVertex_Position_Texcoord::vTexcoord': 'DirectX::XMFLOAT2'에서는 'Engine::tagVertex_Position_Texcoord'의 클라이언트에서 DLL 인터페이스를 사용하도록 지정해야 함
  (소스 파일 '../private/Base.cpp'을(를) 컴파일하는 중)
      C:\Program Files (x86)\Windows Kits\10\Include\10.0.28000.0\um\DirectXMath.h(584,12):
      'DirectX::XMFLOAT2' 선언을 참조하십시오.
  
C:\Users\kkth3\OneDrive\문서\GitHub\250531\Client\Engine\public\Engine_Struct.h(171,13): warning C4251: 'Engine::tagVertex_Position_Normal_Texcoord::vPosition': 'DirectX::XMFLOAT3'에서는 'Engine::tagVertex_Position_Normal_Texcoord'의 클라이언트에서 DLL 인터페이스를 사용하도록 지정해야 함
  (소스 파일 '../private/Base.cpp'을(를) 컴파일하는 중)
      C:\Program Files (x86)\Windows Kits\10\Include\10.0.28000.0\um\DirectXMath.h(661,12):
      'DirectX::XMFLOAT3' 선언을 참조하십시오.
  
C:\Users\kkth3\OneDrive\문서\GitHub\250531\Client\Engine\public\Engine_Struct.h(172,13): warning C4251: 'Engine::tagVertex_Position_Normal_Texcoord::vNormal': 'DirectX::XMFLOAT3'에서는 'Engine::tagVertex_Position_Normal_Texcoord'의 클라이언트에서 DLL 인터페이스를 사용하도록 지정해야 함
  (소스 파일 '../private/Base.cpp'을(를) 컴파일하는 중)
      C:\Program Files (x86)\Windows Kits\10\Include\10.0.28000.0\um\DirectXMath.h(661,12):
      'DirectX::XMFLOAT3' 선언을 참조하십시오.
  
C:\Users\kkth3\OneDrive\문서\GitHub\250531\Client\Engine\public\Engine_Struct.h(173,13): warning C4251: 'Engine::tagVertex_Position_Normal_Texcoord::vTexcoord': 'DirectX::XMFLOAT2'에서는 'Engine::tagVertex_Position_Normal_Texcoord'의 클라이언트에서 DLL 인터페이스를 사용하도록 지정해야 함
  (소스 파일 '../private/Base.cpp'을(를) 컴파일하는 중)
      C:\Program Files (x86)\Windows Kits\10\Include\10.0.28000.0\um\DirectXMath.h(584,12):
      'DirectX::XMFLOAT2' 선언을 참조하십시오.
  
C:\Users\kkth3\OneDrive\문서\GitHub\250531\Client\Engine\public\Engine_Struct.h(182,13): warning C4251: 'Engine::tagVertex_Position_Cube_Texcoord::vPosition': 'DirectX::XMFLOAT3'에서는 'Engine::tagVertex_Position_Cube_Texcoord'의 클라이언트에서 DLL 인터페이스를 사용하도록 지정해야 함
  (소스 파일 '../private/Base.cpp'을(를) 컴파일하는 중)
      C:\Program Files (x86)\Windows Kits\10\Include\10.0.28000.0\um\DirectXMath.h(661,12):
      'DirectX::XMFLOAT3' 선언을 참조하십시오.
  
C:\Users\kkth3\OneDrive\문서\GitHub\250531\Client\Engine\public\Engine_Struct.h(183,13): warning C4251: 'Engine::tagVertex_Position_Cube_Texcoord::vTexcoord': 'DirectX::XMFLOAT3'에서는 'Engine::tagVertex_Position_Cube_Texcoord'의 클라이언트에서 DLL 인터페이스를 사용하도록 지정해야 함
  (소스 파일 '../private/Base.cpp'을(를) 컴파일하는 중)
      C:\Program Files (x86)\Windows Kits\10\Include\10.0.28000.0\um\DirectXMath.h(661,12):
      'DirectX::XMFLOAT3' 선언을 참조하십시오.
  
C:\Users\kkth3\OneDrive\문서\GitHub\250531\Client\Engine\public\Engine_Struct.h(192,13): warning C4251: 'Engine::tagVertex_Mesh::vPosition': 'DirectX::XMFLOAT3'에서는 'Engine::tagVertex_Mesh'의 클라이언트에서 DLL 인터페이스를 사용하도록 지정해야 함
  (소스 파일 '../private/Base.cpp'을(를) 컴파일하는 중)
      C:\Program Files (x86)\Windows Kits\10\Include\10.0.28000.0\um\DirectXMath.h(661,12):
      'DirectX::XMFLOAT3' 선언을 참조하십시오.
  
C:\Users\kkth3\OneDrive\문서\GitHub\250531\Client\Engine\public\Engine_Struct.h(193,13): warning C4251: 'Engine::tagVertex_Mesh::vNormal': 'DirectX::XMFLOAT3'에서는 'Engine::tagVertex_Mesh'의 클라이언트에서 DLL 인터페이스를 사용하도록 지정해야 함
  (소스 파일 '../private/Base.cpp'을(를) 컴파일하는 중)
      C:\Program Files (x86)\Windows Kits\10\Include\10.0.28000.0\um\DirectXMath.h(661,12):
      'DirectX::XMFLOAT3' 선언을 참조하십시오.
  
C:\Users\kkth3\OneDrive\문서\GitHub\250531\Client\Engine\public\Engine_Struct.h(194,13): warning C4251: 'Engine::tagVertex_Mesh::vTexcoord': 'DirectX::XMFLOAT2'에서는 'Engine::tagVertex_Mesh'의 클라이언트에서 DLL 인터페이스를 사용하도록 지정해야 함
  (소스 파일 '../private/Base.cpp'을(를) 컴파일하는 중)
      C:\Program Files (x86)\Windows Kits\10\Include\10.0.28000.0\um\DirectXMath.h(584,12):
      'DirectX::XMFLOAT2' 선언을 참조하십시오.
  
C:\Users\kkth3\OneDrive\문서\GitHub\250531\Client\Engine\public\Engine_Struct.h(195,13): warning C4251: 'Engine::tagVertex_Mesh::vTangent': 'DirectX::XMFLOAT3'에서는 'Engine::tagVertex_Mesh'의 클라이언트에서 DLL 인터페이스를 사용하도록 지정해야 함
  (소스 파일 '../private/Base.cpp'을(를) 컴파일하는 중)
      C:\Program Files (x86)\Windows Kits\10\Include\10.0.28000.0\um\DirectXMath.h(661,12):
      'DirectX::XMFLOAT3' 선언을 참조하십시오.
  
C:\Users\kkth3\OneDrive\문서\GitHub\250531\Client\Engine\public\Engine_Struct.h(204,13): warning C4251: 'Engine::tagVertex_Anim_Mesh::vPosition': 'DirectX::XMFLOAT3'에서는 'Engine::tagVertex_Anim_Mesh'의 클라이언트에서 DLL 인터페이스를 사용하도록 지정해야 함
  (소스 파일 '../private/Base.cpp'을(를) 컴파일하는 중)
      C:\Program Files (x86)\Windows Kits\10\Include\10.0.28000.0\um\DirectXMath.h(661,12):
      'DirectX::XMFLOAT3' 선언을 참조하십시오.
  
C:\Users\kkth3\OneDrive\문서\GitHub\250531\Client\Engine\public\Engine_Struct.h(205,13): warning C4251: 'Engine::tagVertex_Anim_Mesh::vNormal': 'DirectX::XMFLOAT3'에서는 'Engine::tagVertex_Anim_Mesh'의 클라이언트에서 DLL 인터페이스를 사용하도록 지정해야 함
  (소스 파일 '../private/Base.cpp'을(를) 컴파일하는 중)
      C:\Program Files (x86)\Windows Kits\10\Include\10.0.28000.0\um\DirectXMath.h(661,12):
      'DirectX::XMFLOAT3' 선언을 참조하십시오.
  
C:\Users\kkth3\OneDrive\문서\GitHub\250531\Client\Engine\public\Engine_Struct.h(206,13): warning C4251: 'Engine::tagVertex_Anim_Mesh::vTexcoord': 'DirectX::XMFLOAT2'에서는 'Engine::tagVertex_Anim_Mesh'의 클라이언트에서 DLL 인터페이스를 사용하도록 지정해야 함
  (소스 파일 '../private/Base.cpp'을(를) 컴파일하는 중)
      C:\Program Files (x86)\Windows Kits\10\Include\10.0.28000.0\um\DirectXMath.h(584,12):
      'DirectX::XMFLOAT2' 선언을 참조하십시오.
  
C:\Users\kkth3\OneDrive\문서\GitHub\250531\Client\Engine\public\Engine_Struct.h(207,13): warning C4251: 'Engine::tagVertex_Anim_Mesh::vTangent': 'DirectX::XMFLOAT3'에서는 'Engine::tagVertex_Anim_Mesh'의 클라이언트에서 DLL 인터페이스를 사용하도록 지정해야 함
  (소스 파일 '../private/Base.cpp'을(를) 컴파일하는 중)
      C:\Program Files (x86)\Windows Kits\10\Include\10.0.28000.0\um\DirectXMath.h(661,12):
      'DirectX::XMFLOAT3' 선언을 참조하십시오.
  
C:\Users\kkth3\OneDrive\문서\GitHub\250531\Client\Engine\public\Engine_Struct.h(209,13): warning C4251: 'Engine::tagVertex_Anim_Mesh::vBlendIndices': 'DirectX::XMUINT4'에서는 'Engine::tagVertex_Anim_Mesh'의 클라이언트에서 DLL 인터페이스를 사용하도록 지정해야 함
  (소스 파일 '../private/Base.cpp'을(를) 컴파일하는 중)
      C:\Program Files (x86)\Windows Kits\10\Include\10.0.28000.0\um\DirectXMath.h(793,12):
      'DirectX::XMUINT4' 선언을 참조하십시오.
  
C:\Users\kkth3\OneDrive\문서\GitHub\250531\Client\Engine\public\Engine_Struct.h(210,13): warning C4251: 'Engine::tagVertex_Anim_Mesh::vBlendWeights': 'DirectX::XMFLOAT4'에서는 'Engine::tagVertex_Anim_Mesh'의 클라이언트에서 DLL 인터페이스를 사용하도록 지정해야 함
  (소스 파일 '../private/Base.cpp'을(를) 컴파일하는 중)
      C:\Program Files (x86)\Windows Kits\10\Include\10.0.28000.0\um\DirectXMath.h(736,12):
      'DirectX::XMFLOAT4' 선언을 참조하십시오.
  
     ../bin/Engine.lib 라이브러리 및 ../bin/Engine.exp 개체를 생성하고 있습니다.
  코드를 생성하고 있습니다.
  Previous IPDB not found, fall back to full compilation.
  All 3508 functions were compiled because no usable IPDB/IOBJ from previous compilation was found.
  코드를 생성했습니다.
  Engine.vcxproj -> C:\Users\kkth3\OneDrive\문서\GitHub\250531\Client\Engine\bin\Engine.dll
